Ldecemlineata	Dmelanogaster
LDECv5g14989	FBgn0264908
LDECv5g08590	FBgn0003654
LDECv5g07960	FBgn0001217
LDECv5g06801	FBgn0001216
LDECv5g03386	FBgn0032151
LDECv5g11776	FBgn0013733
LDECv5g11124	FBgn0264695
LDECv5g13734	FBgn0028983
LDECv5g11429	FBgn0011224
LDECv5g12561	FBgn0284408
LDECv5g06019	FBgn0010473
LDECv5g15152	FBgn0003429
LDECv5g10063	FBgn0003435
LDECv5g10505	FBgn0261552
LDECv5g10972	FBgn0085446
LDECv5g15377	FBgn0031016
LDECv5g00674	FBgn0263111
LDECv5g10050	FBgn0011747
LDECv5g12277	FBgn0264001
LDECv5g05898	FBgn0085437
LDECv5g09955	FBgn0264574
LDECv5g00682	FBgn0004838
LDECv5g08684	FBgn0034789
LDECv5g10111	FBgn0035397
LDECv5g12221	FBgn0265487
LDECv5g13116	FBgn0020621
LDECv5g00064	FBgn0003721
LDECv5g13536	FBgn0030054
LDECv5g04901	FBgn0260794
LDECv5g06081	FBgn0053113
LDECv5g10643	FBgn0002921
LDECv5g11490	FBgn0033987
LDECv5g11561	FBgn0000114
LDECv5g15065	FBgn0046704
LDECv5g03715	FBgn0004907
LDECv5g04279	FBgn0000179
LDECv5g05915	FBgn0261873
LDECv5g15162	FBgn0026086
LDECv5g15322	FBgn0032036
LDECv5g00091	FBgn0039227
LDECv5g02037	FBgn0020503
LDECv5g03918	FBgn0026620
LDECv5g09427	FBgn0003612
LDECv5g09587	FBgn0265778
LDECv5g10039	FBgn0264607
LDECv5g10259	FBgn0029768
LDECv5g10554	FBgn0260442
LDECv5g10581	FBgn0020440
LDECv5g11625	FBgn0013749
LDECv5g11465	FBgn0010348
LDECv5g13378	FBgn0260635
LDECv5g04146	FBgn0264357
LDECv5g04353	FBgn0051716
LDECv5g07791	FBgn0030328
LDECv5g08065	FBgn0028671
LDECv5g09464	FBgn0000448
LDECv5g09541	FBgn0035357
LDECv5g09759	FBgn0011286
LDECv5g10032	FBgn0024187
LDECv5g10128	FBgn0024806
LDECv5g11251	FBgn0263006
LDECv5g11428	FBgn0283657
LDECv5g14940	FBgn0000015
LDECv5g00145	FBgn0259222
LDECv5g00386	FBgn0053080
LDECv5g00467	FBgn0039774
LDECv5g01309	FBgn0032940
LDECv5g03009	FBgn0051352
LDECv5g03179	FBgn0015024
LDECv5g03590	FBgn0264975
LDECv5g03600	FBgn0011259
LDECv5g04255	FBgn0261671
LDECv5g04568	FBgn0003134
LDECv5g05513	FBgn0000711
LDECv5g04689	FBgn0052000
LDECv5g04869	FBgn0260486
LDECv5g04924	FBgn0003870
LDECv5g06343	FBgn0001624
LDECv5g07062	FBgn0026238
LDECv5g07429	FBgn0263219
LDECv5g07991	FBgn0030052
LDECv5g09048	FBgn0045063
LDECv5g09324	FBgn0285917
LDECv5g10297	FBgn0003218
LDECv5g11372	FBgn0000546
LDECv5g11377	FBgn0263706
LDECv5g12499	FBgn0005632
LDECv5g13085	FBgn0260749
LDECv5g13858	FBgn0053196
LDECv5g13986	FBgn0016797
LDECv5g14004	FBgn0024277
LDECv5g14680	FBgn0032901
LDECv5g14947	FBgn0260642
LDECv5g15010	FBgn0004167
LDECv5g00669	FBgn0261574
LDECv5g01320	FBgn0031762
LDECv5g02405	FBgn0004648
LDECv5g02427	FBgn0263934
LDECv5g02482	FBgn0264078
LDECv5g02571	FBgn0026376
LDECv5g02962	FBgn0287724
LDECv5g03201	FBgn0038063
LDECv5g03410	FBgn0284245
LDECv5g12485	FBgn0000557
LDECv5g03439	FBgn0051092
LDECv5g05335	FBgn0037992
LDECv5g05956	FBgn0010300
LDECv5g06038	FBgn0014388
LDECv5g06463	FBgn0035432
LDECv5g06670	FBgn0030719
LDECv5g08756	FBgn0288686
LDECv5g07488	FBgn0003889
LDECv5g08754	FBgn0284243
LDECv5g07602	FBgn0261797
LDECv5g07603	FBgn0263593
LDECv5g07682	FBgn0051992
LDECv5g07924	FBgn0038803
LDECv5g08777	FBgn0085434
LDECv5g08949	FBgn0031228
LDECv5g09930	FBgn0029105
LDECv5g10179	FBgn0260657
LDECv5g11453	FBgn0000117
LDECv5g11550	FBgn0030699
LDECv5g12264	FBgn0263391
LDECv5g12833	FBgn0022764
LDECv5g13962	FBgn0024836
LDECv5g13968	FBgn0027621
LDECv5g14247	FBgn0035989
LDECv5g00221	FBgn0011225
LDECv5g00855	FBgn0264895
LDECv5g01136	FBgn0003475
LDECv5g01164	FBgn0051660
LDECv5g01454	FBgn0030089
LDECv5g02022	FBgn0036789
LDECv5g02535	FBgn0033246
LDECv5g02566	FBgn0264006
LDECv5g07544	FBgn0037573
LDECv5g03005	FBgn0036030
LDECv5g03471	FBgn0026179
LDECv5g03576	FBgn0001991
LDECv5g03785	FBgn0265191
LDECv5g04755	FBgn0031637
LDECv5g05093	FBgn0003423
LDECv5g05214	FBgn0000667
LDECv5g05360	FBgn0036376
LDECv5g05615	FBgn0000635
LDECv5g06039	FBgn0265726
LDECv5g06246	FBgn0261611
LDECv5g06591	FBgn0011661
LDECv5g06613	FBgn0261617
LDECv5g07124	FBgn0026597
LDECv5g07285	FBgn0261822
LDECv5g07609	FBgn0042693
LDECv5g08179	FBgn0039266
LDECv5g09242	FBgn0001122
LDECv5g09282	FBgn0032796
LDECv5g09613	FBgn0000578
LDECv5g09760	FBgn0263395
LDECv5g10478	FBgn0266717
LDECv5g10622	FBgn0267791
LDECv5g11235	FBgn0011817
LDECv5g11247	FBgn0262579
LDECv5g11496	FBgn0086372
LDECv5g11706	FBgn0262733
LDECv5g12293	FBgn0263995
LDECv5g13442	FBgn0032156
LDECv5g14234	FBgn0035227
LDECv5g14306	FBgn0261836
LDECv5g15315	FBgn0265597
LDECv5g15459	FBgn0031100
LDECv5g00168	FBgn0025864
LDECv5g00485	FBgn0028697
LDECv5g00846	FBgn0287873
LDECv5g00864	FBgn0262740
LDECv5g01630	FBgn0039714
LDECv5g01679	FBgn0085421
LDECv5g01915	FBgn0028487
LDECv5g08405	FBgn0035649
LDECv5g02395	FBgn0038603
LDECv5g02664	FBgn0014010
LDECv5g02966	FBgn0264442
LDECv5g03026	FBgn0004889
LDECv5g03277	FBgn0020653
LDECv5g03502	FBgn0262139
LDECv5g03594	FBgn0028863
LDECv5g03656	FBgn0029896
LDECv5g03874	FBgn0010415
LDECv5g03982	FBgn0031322
LDECv5g12723	FBgn0263106
LDECv5g03985	FBgn0259245
LDECv5g04017	FBgn0264075
LDECv5g04127	FBgn0290398
LDECv5g04576	FBgn0022361
LDECv5g04682	FBgn0038073
LDECv5g04736	FBgn0004397
LDECv5g04791	FBgn0029891
LDECv5g04837	FBgn0016930
LDECv5g04875	FBgn0263998
LDECv5g04975	FBgn0040022
LDECv5g05041	FBgn0034145
LDECv5g05355	FBgn0031717
LDECv5g05376	FBgn0026418
LDECv5g05380	FBgn0037094
LDECv5g05390	FBgn0031220
LDECv5g05945	FBgn0030685
LDECv5g06299	FBgn0026084
LDECv5g06483	FBgn0000490
LDECv5g06560	FBgn0004598
LDECv5g06615	FBgn0030894
LDECv5g06650	FBgn0024814
LDECv5g06672	FBgn0025637
LDECv5g06790	FBgn0004242
LDECv5g06916	FBgn0021979
LDECv5g07626	FBgn0022238
LDECv5g07717	FBgn0003716
LDECv5g07962	FBgn0038826
LDECv5g08410	FBgn0261698
LDECv5g08798	FBgn0029092
LDECv5g10227	FBgn0024189
LDECv5g10348	FBgn0016131
LDECv5g10547	FBgn0085390
LDECv5g10632	FBgn0027279
LDECv5g10641	FBgn0021760
LDECv5g10735	FBgn0264386
LDECv5g10934	FBgn0086676
LDECv5g11043	FBgn0266129
LDECv5g11141	FBgn0041004
LDECv5g11172	FBgn0038167
LDECv5g11200	FBgn0016696
LDECv5g11311	FBgn0261649
LDECv5g11568	FBgn0003301
LDECv5g11697	FBgn0005640
LDECv5g11864	FBgn0259170
LDECv5g12214	FBgn0028399
LDECv5g12383	FBgn0261811
LDECv5g12456	FBgn0031738
LDECv5g12463	FBgn0003392
LDECv5g12829	FBgn0259978
LDECv5g12893	FBgn0259243
LDECv5g13462	FBgn0267376
LDECv5g13574	FBgn0067783
LDECv5g13701	FBgn0011766
LDECv5g13704	FBgn0259145
LDECv5g13774	FBgn0038652
LDECv5g14101	FBgn0020386
LDECv5g14235	FBgn0266000
LDECv5g14256	FBgn0021764
LDECv5g14929	FBgn0031879
LDECv5g15082	FBgn0013764
LDECv5g15197	FBgn0036974
LDECv5g15201	FBgn0004622
LDECv5g15427	FBgn0041111
LDECv5g15442	FBgn0003371
LDECv5g00126	FBgn0063649
LDECv5g00138	FBgn0264491
LDECv5g00253	FBgn0039209
LDECv5g00713	FBgn0036144
LDECv5g00843	FBgn0038427
LDECv5g00853	FBgn0002413
LDECv5g15431	FBgn0036222
LDECv5g00987	FBgn0261439
LDECv5g01194	FBgn0261509
LDECv5g01608	FBgn0026319
LDECv5g01796	FBgn0259179
LDECv5g02339	FBgn0041210
LDECv5g02504	FBgn0030735
LDECv5g02630	FBgn0035876
LDECv5g02750	FBgn0023083
LDECv5g03047	FBgn0032447
LDECv5g03223	FBgn0033062
LDECv5g03271	FBgn0050361
LDECv5g03423	FBgn0262081
LDECv5g03432	FBgn0042696
LDECv5g03454	FBgn0005666
LDECv5g03487	FBgn0002567
LDECv5g03531	FBgn0261625
LDECv5g03700	FBgn0031869
LDECv5g03754	FBgn0261794
LDECv5g03810	FBgn0037702
LDECv5g03822	FBgn0050372
LDECv5g03885	FBgn0024963
LDECv5g04033	FBgn0040823
LDECv5g04105	FBgn0026313
LDECv5g04426	FBgn0030343
LDECv5g04431	FBgn0011672
LDECv5g04696	FBgn0011202
LDECv5g04940	FBgn0042185
LDECv5g05195	FBgn0031449
LDECv5g05213	FBgn0053094
LDECv5g05290	FBgn0030087
LDECv5g05316	FBgn0030093
LDECv5g05635	FBgn0019650
LDECv5g05698	FBgn0032446
LDECv5g05719	FBgn0259221
LDECv5g05793	FBgn0266019
LDECv5g05857	FBgn0278608
LDECv5g06326	FBgn0029504
LDECv5g06328	FBgn0033844
LDECv5g06432	FBgn0000536
LDECv5g06449	FBgn0025631
LDECv5g06500	FBgn0020249
LDECv5g06577	FBgn0004435
LDECv5g06946	FBgn0037182
LDECv5g07001	FBgn0039790
LDECv5g07093	FBgn0267002
LDECv5g07139	FBgn0000721
LDECv5g07211	FBgn0069969
LDECv5g07629	FBgn0023441
LDECv5g07698	FBgn0004584
LDECv5g07823	FBgn0036134
LDECv5g07887	FBgn0035385
LDECv5g08054	FBgn0263603
LDECv5g08152	FBgn0086687
LDECv5g08369	FBgn0263132
LDECv5g08661	FBgn0250753
LDECv5g08714	FBgn0053207
LDECv5g08868	FBgn0033226
LDECv5g09054	FBgn0014020
LDECv5g09189	FBgn0003943
LDECv5g09438	FBgn0262125
LDECv5g09451	FBgn0039690
LDECv5g09528	FBgn0027786
LDECv5g09664	FBgn0031191
LDECv5g09876	FBgn0035542
LDECv5g09949	FBgn0085436
LDECv5g10276	FBgn0027339
LDECv5g10389	FBgn0030049
LDECv5g10503	FBgn0086361
LDECv5g10818	FBgn0030778
LDECv5g10921	FBgn0030183
LDECv5g11186	FBgn0029067
LDECv5g11323	FBgn0029930
LDECv5g11337	FBgn0086913
LDECv5g11360	FBgn0032147
LDECv5g11538	FBgn0262870
LDECv5g11637	FBgn0263607
LDECv5g11703	FBgn0261243
LDECv5g12268	FBgn0259984
LDECv5g12316	FBgn0039770
LDECv5g12548	FBgn0051719
LDECv5g12938	FBgn0004244
LDECv5g12950	FBgn0016081
LDECv5g13303	FBgn0028527
LDECv5g13320	FBgn0038721
LDECv5g13374	FBgn0034049
LDECv5g13519	FBgn0260941
LDECv5g13740	FBgn0001248
LDECv5g14670	FBgn0000464
LDECv5g15114	FBgn0261641
LDECv5g00263	FBgn0265595
LDECv5g00301	FBgn0034504
LDECv5g00322	FBgn0266756
LDECv5g00402	FBgn0040068
LDECv5g00445	FBgn0004842
LDECv5g00604	FBgn0004514
LDECv5g00955	FBgn0034275
LDECv5g00960	FBgn0260388
LDECv5g00970	FBgn0004456
LDECv5g01298	FBgn0040271
LDECv5g01323	FBgn0264743
LDECv5g01406	FBgn0261793
LDECv5g01545	FBgn0001145
LDECv5g01546	FBgn0016920
LDECv5g01651	FBgn0033402
LDECv5g01832	FBgn0051522
LDECv5g09053	FBgn0030151
LDECv5g01839	FBgn0030151
LDECv5g02292	FBgn0038984
LDECv5g02322	FBgn0058263
LDECv5g02354	FBgn0038402
LDECv5g02356	FBgn0259212
LDECv5g02393	FBgn0285913
LDECv5g02423	FBgn0031730
LDECv5g02528	FBgn0040397
LDECv5g02599	FBgn0034611
LDECv5g02786	FBgn0026181
LDECv5g02787	FBgn0003187
LDECv5g02844	FBgn0000308
LDECv5g02893	FBgn0000319
LDECv5g02933	FBgn0040056
LDECv5g02960	FBgn0003068
LDECv5g03057	FBgn0040805
LDECv5g03408	FBgn0037541
LDECv5g03456	FBgn0010225
LDECv5g03468	FBgn0014141
LDECv5g03509	FBgn0026401
LDECv5g03519	FBgn0262562
LDECv5g03534	FBgn0004636
LDECv5g03692	FBgn0261618
LDECv5g03814	FBgn0037655
LDECv5g03920	FBgn0039994
LDECv5g03988	FBgn0024811
LDECv5g04095	FBgn0036732
LDECv5g04235	FBgn0036272
LDECv5g04252	FBgn0032170
LDECv5g04318	FBgn0023540
LDECv5g04401	FBgn0032618
LDECv5g04434	FBgn0033166
LDECv5g04578	FBgn0004179
LDECv5g04634	FBgn0032120
LDECv5g04678	FBgn0025633
LDECv5g04691	FBgn0052675
LDECv5g04870	FBgn0027515
LDECv5g04884	FBgn0031998
LDECv5g04902	FBgn0085386
LDECv5g04948	FBgn0032129
LDECv5g05110	FBgn0026059
LDECv5g05159	FBgn0042085
LDECv5g05164	FBgn0037092
LDECv5g05302	FBgn0043841
LDECv5g05320	FBgn0000108
LDECv5g05398	FBgn0027348
LDECv5g05426	FBgn0250816
LDECv5g05523	FBgn0263216
LDECv5g05577	FBgn0023526
LDECv5g05578	FBgn0000535
LDECv5g05762	FBgn0002174
LDECv5g05929	FBgn0051004
LDECv5g06048	FBgn0004370
LDECv5g06089	FBgn0044323
LDECv5g06568	FBgn0051814
LDECv5g06584	FBgn0010303
LDECv5g06711	FBgn0262738
LDECv5g06716	FBgn0000251
LDECv5g06891	FBgn0032172
LDECv5g07086	FBgn0041630
LDECv5g07127	FBgn0050389
LDECv5g07145	FBgn0004363
LDECv5g07303	FBgn0022382
LDECv5g07358	FBgn0263397
LDECv5g07432	FBgn0032084
LDECv5g07502	FBgn0037215
LDECv5g07514	FBgn0039600
LDECv5g07526	FBgn0034903
LDECv5g07539	FBgn0024734
LDECv5g07587	FBgn0011288
LDECv5g07721	FBgn0036821
LDECv5g07739	FBgn0004395
LDECv5g07746	FBgn0267252
LDECv5g07845	FBgn0041781
LDECv5g07980	FBgn0037703
LDECv5g08136	FBgn0039157
LDECv5g08145	FBgn0039637
LDECv5g08146	FBgn0000259
LDECv5g08169	FBgn0266410
LDECv5g08507	FBgn0035348
LDECv5g08550	FBgn0085370
LDECv5g08636	FBgn0053129
LDECv5g08769	FBgn0010762
LDECv5g08824	FBgn0086784
LDECv5g08848	FBgn0033579
LDECv5g08851	FBgn0039214
LDECv5g08869	FBgn0039282
LDECv5g09414	FBgn0031850
LDECv5g09415	FBgn0026439
LDECv5g09462	FBgn0050011
LDECv5g09482	FBgn0027492
LDECv5g09570	FBgn0010355
LDECv5g09640	FBgn0003071
LDECv5g09837	FBgn0000083
LDECv5g10047	FBgn0034400
LDECv5g10472	FBgn0261953
LDECv5g10599	FBgn0264753
LDECv5g10833	FBgn0015402
LDECv5g11057	FBgn0034417
LDECv5g11131	FBgn0261854
LDECv5g11171	FBgn0023536
LDECv5g11220	FBgn0032775
LDECv5g11234	FBgn0051523
LDECv5g11275	FBgn0260439
LDECv5g11724	FBgn0261041
LDECv5g12503	FBgn0023518
LDECv5g12505	FBgn0051064
LDECv5g12528	FBgn0285926
LDECv5g12655	FBgn0034433
LDECv5g12716	FBgn0025692
LDECv5g12720	FBgn0004870
LDECv5g12721	FBgn0050021
LDECv5g12794	FBgn0032721
LDECv5g12807	FBgn0027657
LDECv5g12952	FBgn0043792
LDECv5g13036	FBgn0016078
LDECv5g13243	FBgn0039916
LDECv5g13236	FBgn0039927
LDECv5g13289	FBgn0031673
LDECv5g13512	FBgn0087035
LDECv5g13578	FBgn0000152
LDECv5g13759	FBgn0262872
LDECv5g13848	FBgn0040780
LDECv5g13859	FBgn0027835
LDECv5g13953	FBgn0265356
LDECv5g14106	FBgn0260936
LDECv5g14227	FBgn0020496
LDECv5g14261	FBgn0039140
LDECv5g14271	FBgn0020385
LDECv5g14660	FBgn0036515
LDECv5g14689	FBgn0037536
LDECv5g14699	FBgn0015777
LDECv5g14931	FBgn0038143
LDECv5g15027	FBgn0004882
LDECv5g15287	FBgn0025391
LDECv5g15323	FBgn0039705
LDECv5g15449	FBgn0003254
LDECv5g00007	FBgn0004169
LDECv5g00259	FBgn0052816
LDECv5g00274	FBgn0030412
LDECv5g00320	FBgn0038197
LDECv5g00359	FBgn0003656
LDECv5g00512	FBgn0030114
LDECv5g00562	FBgn0003969
LDECv5g00752	FBgn0022153
LDECv5g00816	FBgn0010197
LDECv5g00953	FBgn0036240
LDECv5g00980	FBgn0263846
LDECv5g01031	FBgn0041184
LDECv5g01044	FBgn0004401
LDECv5g01189	FBgn0267828
LDECv5g01212	FBgn0028494
LDECv5g01290	FBgn0039969
LDECv5g01353	FBgn0032586
LDECv5g01457	FBgn0038610
LDECv5g01477	FBgn0041585
LDECv5g01538	FBgn0031702
LDECv5g01563	FBgn0032297
LDECv5g01742	FBgn0029157
LDECv5g01740	FBgn0039260
LDECv5g01840	FBgn0020378
LDECv5g01866	FBgn0263987
LDECv5g01913	FBgn0286203
LDECv5g02048	FBgn0264324
LDECv5g02216	FBgn0038744
LDECv5g02317	FBgn0036875
LDECv5g02389	FBgn0030745
LDECv5g02414	FBgn0003353
LDECv5g02501	FBgn0023177
LDECv5g02559	FBgn0259171
LDECv5g02580	FBgn0050045
LDECv5g02634	FBgn0036623
LDECv5g02898	FBgn0052137
LDECv5g02919	FBgn0031968
LDECv5g02990	FBgn0034931
LDECv5g03002	FBgn0034261
LDECv5g03036	FBgn0000479
LDECv5g03060	FBgn0000565
LDECv5g03140	FBgn0013469
LDECv5g03147	FBgn0053523
LDECv5g03155	FBgn0030603
LDECv5g03238	FBgn0025836
LDECv5g03245	FBgn0259712
LDECv5g03281	FBgn0038890
LDECv5g03341	FBgn0036557
LDECv5g03348	FBgn0024249
LDECv5g03350	FBgn0003270
LDECv5g03405	FBgn0004509
LDECv5g03424	FBgn0085638
LDECv5g03452	FBgn0015269
LDECv5g03494	FBgn0053653
LDECv5g03510	FBgn0051019
LDECv5g03512	FBgn0028703
LDECv5g03570	FBgn0029897
LDECv5g03591	FBgn0039904
LDECv5g03680	FBgn0015239
LDECv5g03807	FBgn0037391
LDECv5g03817	FBgn0052647
LDECv5g03880	FBgn0030701
LDECv5g03893	FBgn0038659
LDECv5g03940	FBgn0039489
LDECv5g03983	FBgn0031759
LDECv5g03984	FBgn0035103
LDECv5g03991	FBgn0033996
LDECv5g03992	FBgn0020622
LDECv5g04039	FBgn0260799
LDECv5g04051	FBgn0033188
LDECv5g04060	FBgn0038693
LDECv5g04124	FBgn0000116
LDECv5g04143	FBgn0262743
LDECv5g04236	FBgn0010435
LDECv5g04261	FBgn0262103
LDECv5g04325	FBgn0261565
LDECv5g04483	FBgn0032821
LDECv5g04488	FBgn0037659
LDECv5g04504	FBgn0004198
LDECv5g04581	FBgn0039890
LDECv5g04606	FBgn0034985
LDECv5g04644	FBgn0025936
LDECv5g04721	FBgn0037623
LDECv5g04725	FBgn0039925
LDECv5g04857	FBgn0087012
LDECv5g04929	FBgn0083975
LDECv5g04962	FBgn0020251
LDECv5g05048	FBgn0037906
LDECv5g05054	FBgn0000064
LDECv5g05067	FBgn0001105
LDECv5g05127	FBgn0032783
LDECv5g05324	FBgn0040395
LDECv5g05379	FBgn0015924
LDECv5g05440	FBgn0036285
LDECv5g05470	FBgn0286511
LDECv5g05559	FBgn0030809
LDECv5g05755	FBgn0034974
LDECv5g05914	FBgn0010412
LDECv5g05923	FBgn0035104
LDECv5g05976	FBgn0260659
LDECv5g06041	FBgn0029903
LDECv5g06102	FBgn0036279
LDECv5g06121	FBgn0032923
LDECv5g06149	FBgn0035207
LDECv5g06238	FBgn0035001
LDECv5g06279	FBgn0035719
LDECv5g06436	FBgn0026761
LDECv5g06508	FBgn0035936
LDECv5g06516	FBgn0037956
LDECv5g06579	FBgn0264493
LDECv5g06659	FBgn0085470
LDECv5g06747	FBgn0263512
LDECv5g06782	FBgn0010379
LDECv5g06872	FBgn0031384
LDECv5g06947	FBgn0005659
LDECv5g06991	FBgn0035287
LDECv5g07014	FBgn0261985
LDECv5g07071	FBgn0020445
LDECv5g07091	FBgn0028982
LDECv5g07204	FBgn0050463
LDECv5g07216	FBgn0040212
LDECv5g07270	FBgn0287187
LDECv5g07295	FBgn0031737
LDECv5g15364	FBgn0026077
LDECv5g07310	FBgn0005649
LDECv5g07475	FBgn0038602
LDECv5g07506	FBgn0039338
LDECv5g07639	FBgn0034389
LDECv5g07701	FBgn0036318
LDECv5g07744	FBgn0259233
LDECv5g07904	FBgn0039465
LDECv5g07942	FBgn0030520
LDECv5g08059	FBgn0015778
LDECv5g08064	FBgn0001128
LDECv5g08142	FBgn0284435
LDECv5g08344	FBgn0040297
LDECv5g08373	FBgn0043070
LDECv5g08379	FBgn0010470
LDECv5g08385	FBgn0085432
LDECv5g08597	FBgn0001218
LDECv5g08633	FBgn0034408
LDECv5g08771	FBgn0017578
LDECv5g08813	FBgn0044452
LDECv5g08931	FBgn0025595
LDECv5g08992	FBgn0025777
LDECv5g09200	FBgn0265194
LDECv5g09422	FBgn0027588
LDECv5g09440	FBgn0262871
LDECv5g09481	FBgn0033538
LDECv5g09496	FBgn0263352
LDECv5g09667	FBgn0033872
LDECv5g09716	FBgn0033212
LDECv5g09851	FBgn0027556
LDECv5g09875	FBgn0036142
LDECv5g09916	FBgn0046247
LDECv5g09925	FBgn0052179
LDECv5g09931	FBgn0085382
LDECv5g10007	FBgn0001078
LDECv5g10288	FBgn0023081
LDECv5g10293	FBgn0263076
LDECv5g10309	FBgn0028474
LDECv5g10319	FBgn0034797
LDECv5g10351	FBgn0039137
LDECv5g10378	FBgn0023510
LDECv5g10462	FBgn0000320
LDECv5g10542	FBgn0040324
LDECv5g10614	FBgn0034286
LDECv5g10786	FBgn0083971
LDECv5g11066	FBgn0036059
LDECv5g11135	FBgn0061515
LDECv5g11173	FBgn0034618
LDECv5g11180	FBgn0039254
LDECv5g11240	FBgn0033799
LDECv5g11243	FBgn0029870
LDECv5g11283	FBgn0259178
LDECv5g11351	FBgn0039958
LDECv5g11444	FBgn0030309
LDECv5g11629	FBgn0029907
LDECv5g11722	FBgn0010611
LDECv5g12210	FBgn0266758
LDECv5g12258	FBgn0034093
LDECv5g12298	FBgn0034971
LDECv5g12340	FBgn0036428
LDECv5g12416	FBgn0002938
LDECv5g12469	FBgn0004646
LDECv5g12506	FBgn0021738
LDECv5g12601	FBgn0052669
LDECv5g12612	FBgn0020912
LDECv5g12670	FBgn0266465
LDECv5g12717	FBgn0003514
LDECv5g13069	FBgn0034068
LDECv5g13187	FBgn0032801
LDECv5g13261	FBgn0037720
LDECv5g13323	FBgn0037363
LDECv5g13345	FBgn0038400
LDECv5g13350	FBgn0016038
LDECv5g13429	FBgn0036510
LDECv5g13461	FBgn0267698
LDECv5g13497	FBgn0022709
LDECv5g13514	FBgn0028421
LDECv5g13577	FBgn0032666
LDECv5g13640	FBgn0027570
LDECv5g13651	FBgn0022160
LDECv5g13661	FBgn0035245
LDECv5g13727	FBgn0082598
LDECv5g13758	FBgn0260470
LDECv5g13766	FBgn0261547
LDECv5g14091	FBgn0261934
LDECv5g14269	FBgn0027567
LDECv5g14294	FBgn0011828
LDECv5g14315	FBgn0041605
LDECv5g14679	FBgn0024273
LDECv5g14698	FBgn0030056
LDECv5g14950	FBgn0003339
LDECv5g15113	FBgn0038816
LDECv5g15145	FBgn0031039
LDECv5g15264	FBgn0004611
LDECv5g15280	FBgn0015278
LDECv5g15424	FBgn0040294
LDECv5g00024	FBgn0037942
LDECv5g00062	FBgn0014026
LDECv5g00208	FBgn0029791
LDECv5g00216	FBgn0010482
LDECv5g00247	FBgn0037546
LDECv5g00362	FBgn0259139
LDECv5g00538	FBgn0261239
LDECv5g00595	FBgn0010602
LDECv5g00637	FBgn0250789
LDECv5g00640	FBgn0034249
LDECv5g00652	FBgn0034598
LDECv5g00653	FBgn0053100
LDECv5g00718	FBgn0004638
LDECv5g00730	FBgn0086129
LDECv5g00859	FBgn0284248
LDECv5g00903	FBgn0053639
LDECv5g00959	FBgn0032363
LDECv5g00976	FBgn0262599
LDECv5g00977	FBgn0031245
LDECv5g01012	FBgn0020655
LDECv5g01045	FBgn0011826
LDECv5g01125	FBgn0028325
LDECv5g01170	FBgn0031897
LDECv5g01192	FBgn0259175
LDECv5g01196	FBgn0261648
LDECv5g01294	FBgn0267350
LDECv5g01488	FBgn0031495
LDECv5g01568	FBgn0020306
LDECv5g01574	FBgn0259173
LDECv5g01610	FBgn0039594
LDECv5g01649	FBgn0028408
LDECv5g01756	FBgn0028563
LDECv5g01845	FBgn0020255
LDECv5g01893	FBgn0261278
LDECv5g01973	FBgn0038983
LDECv5g02035	FBgn0003256
LDECv5g02041	FBgn0010504
LDECv5g02047	FBgn0032886
LDECv5g02077	FBgn0058191
LDECv5g02128	FBgn0036369
LDECv5g02260	FBgn0034396
LDECv5g02278	FBgn0037138
LDECv5g02374	FBgn0036663
LDECv5g02375	FBgn0035772
LDECv5g02481	FBgn0262734
LDECv5g02491	FBgn0030590
LDECv5g10409	FBgn0038550
LDECv5g02807	FBgn0020261
LDECv5g07241	FBgn0267433
LDECv5g02871	FBgn0013812
LDECv5g02989	FBgn0053531
LDECv5g03011	FBgn0037239
LDECv5g03014	FBgn0029830
LDECv5g03021	FBgn0036844
LDECv5g03059	FBgn0036801
LDECv5g03150	FBgn0011300
LDECv5g03258	FBgn0042138
LDECv5g03301	FBgn0040340
LDECv5g03320	FBgn0259143
LDECv5g03370	FBgn0000459
LDECv5g03376	FBgn0263256
LDECv5g03379	FBgn0039858
LDECv5g03413	FBgn0013750
LDECv5g03427	FBgn0039738
LDECv5g03450	FBgn0031057
LDECv5g03467	FBgn0001987
LDECv5g03503	FBgn0267390
LDECv5g03511	FBgn0086675
LDECv5g03521	FBgn0053096
LDECv5g03538	FBgn0039358
LDECv5g03608	FBgn0028996
LDECv5g03616	FBgn0029095
LDECv5g03654	FBgn0024183
LDECv5g03708	FBgn0262057
LDECv5g03723	FBgn0024941
LDECv5g03760	FBgn0039379
LDECv5g03781	FBgn0260386
LDECv5g03806	FBgn0020370
LDECv5g03809	FBgn0038181
LDECv5g03825	FBgn0034718
LDECv5g03837	FBgn0000463
LDECv5g03839	FBgn0013987
LDECv5g03881	FBgn0000927
LDECv5g03887	FBgn0263986
LDECv5g03944	FBgn0010389
LDECv5g03996	FBgn0019968
LDECv5g04000	FBgn0034951
LDECv5g04010	FBgn0052112
LDECv5g04031	FBgn0003862
LDECv5g04040	FBgn0011481
LDECv5g04049	FBgn0032683
LDECv5g04066	FBgn0038098
LDECv5g04089	FBgn0035437
LDECv5g04104	FBgn0000173
LDECv5g04113	FBgn0264495
LDECv5g04214	FBgn0037262
LDECv5g04217	FBgn0036913
LDECv5g04317	FBgn0000382
LDECv5g04322	FBgn0037137
LDECv5g04402	FBgn0002044
LDECv5g04654	FBgn0004049
LDECv5g04699	FBgn0250906
LDECv5g04704	FBgn0011586
LDECv5g04786	FBgn0040005
LDECv5g04804	FBgn0029161
LDECv5g04851	FBgn0085410
LDECv5g04899	FBgn0032871
LDECv5g04904	FBgn0003117
LDECv5g04944	FBgn0001324
LDECv5g05004	FBgn0035290
LDECv5g05165	FBgn0261383
LDECv5g05188	FBgn0052425
LDECv5g05325	FBgn0016070
LDECv5g05332	FBgn0031882
LDECv5g05421	FBgn0087008
LDECv5g05495	FBgn0023511
LDECv5g05530	FBgn0050438
LDECv5g05634	FBgn0003867
LDECv5g05651	FBgn0264494
LDECv5g05693	FBgn0023509
LDECv5g05710	FBgn0040010
LDECv5g05781	FBgn0031690
LDECv5g05799	FBgn0025802
LDECv5g05852	FBgn0020762
LDECv5g05913	FBgn0030716
LDECv5g05930	FBgn0031498
LDECv5g05985	FBgn0016034
LDECv5g06004	FBgn0003048
LDECv5g06037	FBgn0026259
LDECv5g06043	FBgn0005614
LDECv5g06046	FBgn0265959
LDECv5g06110	FBgn0039349
LDECv5g06199	FBgn0045823
LDECv5g06214	FBgn0261053
LDECv5g06219	FBgn0000253
LDECv5g06302	FBgn0004237
LDECv5g06315	FBgn0010235
LDECv5g06318	FBgn0033558
LDECv5g06321	FBgn0000097
LDECv5g06406	FBgn0286778
LDECv5g06429	FBgn0026576
LDECv5g06592	FBgn0011725
LDECv5g06728	FBgn0022710
LDECv5g06954	FBgn0015721
LDECv5g06963	FBgn0032779
LDECv5g07007	FBgn0031313
LDECv5g07021	FBgn0025720
LDECv5g07084	FBgn0053156
LDECv5g07129	FBgn0029763
LDECv5g07248	FBgn0015509
LDECv5g07276	FBgn0051678
LDECv5g07290	FBgn0034368
LDECv5g07476	FBgn0002306
LDECv5g07480	FBgn0024555
LDECv5g07530	FBgn0259745
LDECv5g07540	FBgn0035431
LDECv5g07550	FBgn0001169
LDECv5g07591	FBgn0000581
LDECv5g07599	FBgn0002914
LDECv5g07642	FBgn0038079
LDECv5g07689	FBgn0011640
LDECv5g07715	FBgn0039972
LDECv5g07735	FBgn0010222
LDECv5g07826	FBgn0039341
LDECv5g07858	FBgn0261597
LDECv5g07886	FBgn0263398
LDECv5g07928	FBgn0010772
LDECv5g07949	FBgn0051550
LDECv5g07974	FBgn0037265
LDECv5g07983	FBgn0031634
LDECv5g07988	FBgn0013746
LDECv5g08014	FBgn0005642
LDECv5g08038	FBgn0283724
LDECv5g08055	FBgn0030838
LDECv5g08068	FBgn0028509
LDECv5g08111	FBgn0020510
LDECv5g08162	FBgn0261859
LDECv5g08163	FBgn0037705
LDECv5g08194	FBgn0030407
LDECv5g08240	FBgn0011260
LDECv5g08325	FBgn0263251
LDECv5g08326	FBgn0035101
LDECv5g08329	FBgn0286813
LDECv5g08356	FBgn0036196
LDECv5g08381	FBgn0266084
LDECv5g08387	FBgn0036165
LDECv5g08419	FBgn0033845
LDECv5g08421	FBgn0259982
LDECv5g08532	FBgn0033339
LDECv5g08536	FBgn0033960
LDECv5g08579	FBgn0034894
LDECv5g08682	FBgn0035844
LDECv5g08687	FBgn0001269
LDECv5g08796	FBgn0033005
LDECv5g08888	FBgn0086909
LDECv5g08901	FBgn0020278
LDECv5g08969	FBgn0024330
LDECv5g08977	FBgn0024236
LDECv5g08982	FBgn0025455
LDECv5g09099	FBgn0085428
LDECv5g09173	FBgn0000659
LDECv5g09267	FBgn0034542
LDECv5g09269	FBgn0034543
LDECv5g09272	FBgn0027081
LDECv5g09319	FBgn0026374
LDECv5g09345	FBgn0039846
LDECv5g09510	FBgn0001258
LDECv5g09526	FBgn0035360
LDECv5g09536	FBgn0020620
LDECv5g09556	FBgn0013799
LDECv5g09620	FBgn0010288
LDECv5g09622	FBgn0024983
LDECv5g09684	FBgn0052105
LDECv5g09841	FBgn0034688
LDECv5g09845	FBgn0035944
LDECv5g09853	FBgn0261555
LDECv5g09920	FBgn0037188
LDECv5g09928	FBgn0029971
LDECv5g09984	FBgn0036257
LDECv5g10115	FBgn0039163
LDECv5g10145	FBgn0052311
LDECv5g10174	FBgn0259199
LDECv5g10192	FBgn0024315
LDECv5g10193	FBgn0003091
LDECv5g10204	FBgn0000147
LDECv5g10291	FBgn0259985
LDECv5g10294	FBgn0010246
LDECv5g10333	FBgn0003174
LDECv5g10355	FBgn0001235
LDECv5g10360	FBgn0035082
LDECv5g10406	FBgn0026879
LDECv5g10411	FBgn0023522
LDECv5g10417	FBgn0034520
LDECv5g10423	FBgn0003268
LDECv5g10466	FBgn0032833
LDECv5g10467	FBgn0001123
LDECv5g10510	FBgn0039757
LDECv5g10549	FBgn0033373
LDECv5g10559	FBgn0034645
LDECv5g10570	FBgn0022987
LDECv5g10604	FBgn0020647
LDECv5g10608	FBgn0284421
LDECv5g10644	FBgn0003137
LDECv5g10688	FBgn0024326
LDECv5g10783	FBgn0037770
LDECv5g10816	FBgn0034418
LDECv5g10864	FBgn0030361
LDECv5g10877	FBgn0039347
LDECv5g10894	FBgn0040309
LDECv5g10926	FBgn0032336
LDECv5g11098	FBgn0034975
LDECv5g11119	FBgn0013717
LDECv5g11147	FBgn0037796
LDECv5g11156	FBgn0085398
LDECv5g11182	FBgn0039560
LDECv5g11270	FBgn0001138
LDECv5g11302	FBgn0038475
LDECv5g11305	FBgn0287183
LDECv5g11322	FBgn0025697
LDECv5g11342	FBgn0037093
LDECv5g11346	FBgn0037368
LDECv5g11368	FBgn0262519
LDECv5g11381	FBgn0266409
LDECv5g11388	FBgn0002441
LDECv5g11425	FBgn0039727
LDECv5g11441	FBgn0030234
LDECv5g11482	FBgn0052082
LDECv5g11588	FBgn0261872
LDECv5g11614	FBgn0015320
LDECv5g11619	FBgn0027111
LDECv5g11631	FBgn0035708
LDECv5g11820	FBgn0031081
LDECv5g11841	FBgn0002566
LDECv5g11853	FBgn0259677
LDECv5g11866	FBgn0000542
LDECv5g12217	FBgn0034197
LDECv5g12401	FBgn0039294
LDECv5g12403	FBgn0016054
LDECv5g12494	FBgn0038401
LDECv5g12538	FBgn0250785
LDECv5g12577	FBgn0038256
LDECv5g12598	FBgn0083963
LDECv5g12667	FBgn0261722
LDECv5g12677	FBgn0003557
LDECv5g12725	FBgn0051638
LDECv5g12758	FBgn0261703
LDECv5g12837	FBgn0000615
LDECv5g12855	FBgn0086408
LDECv5g12923	FBgn0023094
LDECv5g12948	FBgn0086711
LDECv5g12998	FBgn0029941
LDECv5g13003	FBgn0264606
LDECv5g13020	FBgn0034897
LDECv5g13186	FBgn0040384
LDECv5g13201	FBgn0000394
LDECv5g13212	FBgn0038516
LDECv5g13264	FBgn0028425
LDECv5g13299	FBgn0052392
LDECv5g13394	FBgn0039152
LDECv5g13445	FBgn0030530
LDECv5g13446	FBgn0024689
LDECv5g13507	FBgn0288469
LDECv5g13540	FBgn0086680
LDECv5g13552	FBgn0267861
LDECv5g13662	FBgn0263131
LDECv5g13744	FBgn0030508
LDECv5g13746	FBgn0001250
LDECv5g13776	FBgn0038653
LDECv5g13838	FBgn0000454
LDECv5g13957	FBgn0259927
LDECv5g13985	FBgn0035181
LDECv5g14133	FBgn0287844
LDECv5g14226	FBgn0015513
LDECv5g14241	FBgn0038747
LDECv5g14258	FBgn0010198
LDECv5g14290	FBgn0027587
LDECv5g14303	FBgn0037238
LDECv5g14327	FBgn0262717
LDECv5g14678	FBgn0000061
LDECv5g14903	FBgn0038135
LDECv5g15016	FBgn0051140
LDECv5g15055	FBgn0033913
LDECv5g15085	FBgn0038145
LDECv5g15252	FBgn0031571
LDECv5g15324	FBgn0003464
LDECv5g15438	FBgn0000316
LDECv5g15461	FBgn0024251
LDECv5g00031	FBgn0262124
LDECv5g00059	FBgn0003513
LDECv5g00089	FBgn0030582
LDECv5g00129	FBgn0051122
LDECv5g00147	FBgn0030329
LDECv5g00195	FBgn0034486
LDECv5g00285	FBgn0264712
LDECv5g00377	FBgn0266137
LDECv5g00378	FBgn0031760
LDECv5g00391	FBgn0000611
LDECv5g00400	FBgn0033609
LDECv5g00425	FBgn0020493
LDECv5g00488	FBgn0039530
LDECv5g00503	FBgn0035879
LDECv5g00534	FBgn0025865
LDECv5g00662	FBgn0028387
LDECv5g00696	FBgn0030334
LDECv5g00779	FBgn0031768
LDECv5g00781	FBgn0029672
LDECv5g00783	FBgn0033717
LDECv5g00798	FBgn0015754
LDECv5g00800	FBgn0026061
LDECv5g00818	FBgn0053958
LDECv5g00847	FBgn0029823
LDECv5g00849	FBgn0086605
LDECv5g00966	FBgn0037530
LDECv5g01005	FBgn0031092
LDECv5g01043	FBgn0262732
LDECv5g01062	FBgn0019952
LDECv5g01067	FBgn0033919
LDECv5g01070	FBgn0033983
LDECv5g01095	FBgn0037205
LDECv5g01158	FBgn0030437
LDECv5g01181	FBgn0039741
LDECv5g01188	FBgn0037135
LDECv5g01199	FBgn0031566
LDECv5g01318	FBgn0030034
LDECv5g01337	FBgn0011723
LDECv5g01354	FBgn0031257
LDECv5g01357	FBgn0039877
LDECv5g01363	FBgn0014075
LDECv5g01419	FBgn0039742
LDECv5g01439	FBgn0028979
LDECv5g01446	FBgn0052843
LDECv5g01481	FBgn0035020
LDECv5g01498	FBgn0260003
LDECv5g01501	FBgn0038874
LDECv5g01529	FBgn0004959
LDECv5g01542	FBgn0033377
LDECv5g01551	FBgn0004910
LDECv5g01557	FBgn0286898
LDECv5g01564	FBgn0035473
LDECv5g01573	FBgn0086674
LDECv5g01578	FBgn0028397
LDECv5g01628	FBgn0039667
LDECv5g01638	FBgn0031069
LDECv5g01689	FBgn0036373
LDECv5g01697	FBgn0030863
LDECv5g01700	FBgn0029997
LDECv5g01705	FBgn0015271
LDECv5g01747	FBgn0039303
LDECv5g01773	FBgn0039359
LDECv5g01779	FBgn0032816
LDECv5g01818	FBgn0260943
LDECv5g01843	FBgn0013343
LDECv5g01854	FBgn0035880
LDECv5g01859	FBgn0285954
LDECv5g01869	FBgn0015623
LDECv5g01875	FBgn0034490
LDECv5g01876	FBgn0031227
LDECv5g01882	FBgn0031813
LDECv5g01895	FBgn0262730
LDECv5g01926	FBgn0025469
LDECv5g01947	FBgn0033476
LDECv5g01955	FBgn0000547
LDECv5g01990	FBgn0032219
LDECv5g01992	FBgn0063368
LDECv5g02083	FBgn0083992
LDECv5g02084	FBgn0023001
LDECv5g02263	FBgn0259242
LDECv5g02316	FBgn0039234
LDECv5g02325	FBgn0026411
LDECv5g02344	FBgn0038088
LDECv5g02373	FBgn0037044
LDECv5g02387	FBgn0000183
LDECv5g02398	FBgn0003896
LDECv5g02404	FBgn0029720
LDECv5g02505	FBgn0029881
LDECv5g02512	FBgn0039381
LDECv5g04966	FBgn0035875
LDECv5g02545	FBgn0250833
LDECv5g02561	FBgn0030571
LDECv5g02603	FBgn0266064
LDECv5g02628	FBgn0085447
LDECv5g02784	FBgn0030263
LDECv5g02801	FBgn0032651
LDECv5g02833	FBgn0032348
LDECv5g02846	FBgn0032079
LDECv5g02906	FBgn0039928
LDECv5g02935	FBgn0038395
LDECv5g03013	FBgn0031183
LDECv5g03016	FBgn0030844
LDECv5g03134	FBgn0031484
LDECv5g03152	FBgn0010114
LDECv5g03253	FBgn0035171
LDECv5g03260	FBgn0261260
LDECv5g03262	FBgn0052736
LDECv5g03286	FBgn0004852
LDECv5g03289	FBgn0064126
LDECv5g03294	FBgn0261458
LDECv5g03319	FBgn0011742
LDECv5g03375	FBgn0031990
LDECv5g03383	FBgn0036180
LDECv5g03415	FBgn0025681
LDECv5g03433	FBgn0052017
LDECv5g03464	FBgn0039187
LDECv5g03491	FBgn0037279
LDECv5g03532	FBgn0037950
LDECv5g03574	FBgn0288966
LDECv5g03607	FBgn0035087
LDECv5g03631	FBgn0067864
LDECv5g03644	FBgn0052850
LDECv5g03658	FBgn0031375
LDECv5g03679	FBgn0259211
LDECv5g03763	FBgn0036742
LDECv5g03782	FBgn0037570
LDECv5g03797	FBgn0264542
LDECv5g03803	FBgn0026869
LDECv5g03816	FBgn0034602
LDECv5g03826	FBgn0034717
LDECv5g03828	FBgn0020307
LDECv5g03857	FBgn0052056
LDECv5g03870	FBgn0085420
LDECv5g03890	FBgn0032243
LDECv5g03896	FBgn0014007
LDECv5g03921	FBgn0052512
LDECv5g03939	FBgn0039109
LDECv5g03949	FBgn0038421
LDECv5g03966	FBgn0035094
LDECv5g03970	FBgn0032774
LDECv5g03998	FBgn0033484
LDECv5g04003	FBgn0028743
LDECv5g04046	FBgn0004369
LDECv5g04047	FBgn0285955
LDECv5g04057	FBgn0243512
LDECv5g04088	FBgn0038716
LDECv5g04093	FBgn0003410
LDECv5g04125	FBgn0034744
LDECv5g04142	FBgn0031866
LDECv5g04144	FBgn0014859
LDECv5g04149	FBgn0037442
LDECv5g04161	FBgn0031285
LDECv5g04166	FBgn0010583
LDECv5g04168	FBgn0027338
LDECv5g04211	FBgn0086532
LDECv5g04243	FBgn0029851
LDECv5g04247	FBgn0028475
LDECv5g04298	FBgn0052831
LDECv5g04313	FBgn0263220
LDECv5g04330	FBgn0035047
LDECv5g04345	FBgn0034009
LDECv5g04352	FBgn0039902
LDECv5g04505	FBgn0267975
LDECv5g04510	FBgn0024975
LDECv5g04523	FBgn0039590
LDECv5g04528	FBgn0031646
LDECv5g04538	FBgn0015795
LDECv5g04583	FBgn0037326
LDECv5g04646	FBgn0035321
LDECv5g04698	FBgn0011754
LDECv5g04712	FBgn0020236
LDECv5g04727	FBgn0010551
LDECv5g04733	FBgn0030276
LDECv5g04734	FBgn0002525
LDECv5g04739	FBgn0020238
LDECv5g04764	FBgn0034013
LDECv5g04774	FBgn0036288
LDECv5g04792	FBgn0035945
LDECv5g04793	FBgn0004797
LDECv5g04794	FBgn0260795
LDECv5g04800	FBgn0004390
LDECv5g04882	FBgn0261276
LDECv5g04952	FBgn0039713
LDECv5g04977	FBgn0039955
LDECv5g04982	FBgn0030724
LDECv5g04983	FBgn0031030
LDECv5g05007	FBgn0030038
LDECv5g05031	FBgn0036136
LDECv5g05070	FBgn0031089
LDECv5g05078	FBgn0052750
LDECv5g05088	FBgn0087002
LDECv5g05090	FBgn0002626
LDECv5g05111	FBgn0265523
LDECv5g05143	FBgn0036286
LDECv5g05153	FBgn0037855
LDECv5g05160	FBgn0031390
LDECv5g05216	FBgn0032694
LDECv5g05225	FBgn0034452
LDECv5g07230	FBgn0260431
LDECv5g05303	FBgn0015756
LDECv5g05334	FBgn0031392
LDECv5g05357	FBgn0034858
LDECv5g05363	FBgn0036728
LDECv5g05367	FBgn0036020
LDECv5g05369	FBgn0031575
LDECv5g05420	FBgn0000376
LDECv5g05468	FBgn0038818
LDECv5g05493	FBgn0033252
LDECv5g05514	FBgn0035335
LDECv5g05524	FBgn0030161
LDECv5g05557	FBgn0037000
LDECv5g05564	FBgn0030706
LDECv5g05572	FBgn0011837
LDECv5g05603	FBgn0033712
LDECv5g05624	FBgn0028550
LDECv5g05655	FBgn0033762
LDECv5g05669	FBgn0032593
LDECv5g05694	FBgn0261277
LDECv5g05718	FBgn0024920
LDECv5g05782	FBgn0035710
LDECv5g05836	FBgn0030512
LDECv5g05869	FBgn0004449
LDECv5g05874	FBgn0032117
LDECv5g05890	FBgn0032014
LDECv5g05900	FBgn0033929
LDECv5g05921	FBgn0025641
LDECv5g05942	FBgn0030208
LDECv5g05943	FBgn0004919
LDECv5g05983	FBgn0038295
LDECv5g06054	FBgn0283680
LDECv5g06055	FBgn0017561
LDECv5g06075	FBgn0005660
LDECv5g06112	FBgn0027865
LDECv5g06179	FBgn0023528
LDECv5g06201	FBgn0032961
LDECv5g06202	FBgn0000037
LDECv5g06208	FBgn0004101
LDECv5g06215	FBgn0003388
LDECv5g06231	FBgn0040376
LDECv5g06286	FBgn0037873
LDECv5g06310	FBgn0064225
LDECv5g06334	FBgn0038504
LDECv5g06384	FBgn0039532
LDECv5g06393	FBgn0052758
LDECv5g06408	FBgn0039993
LDECv5g06453	FBgn0025456
LDECv5g06488	FBgn0011818
LDECv5g06503	FBgn0036534
LDECv5g06504	FBgn0028341
LDECv5g06529	FBgn0003267
LDECv5g06557	FBgn0004118
LDECv5g06565	FBgn0053993
LDECv5g06581	FBgn0053556
LDECv5g06643	FBgn0020660
LDECv5g06663	FBgn0288229
LDECv5g06681	FBgn0042094
LDECv5g06712	FBgn0039936
LDECv5g06718	FBgn0033460
LDECv5g06722	FBgn0031907
LDECv5g06742	FBgn0032475
LDECv5g06755	FBgn0025639
LDECv5g06799	FBgn0028370
LDECv5g06807	FBgn0028858
LDECv5g06862	FBgn0028343
LDECv5g06877	FBgn0260632
LDECv5g06979	FBgn0010497
LDECv5g07005	FBgn0031359
LDECv5g07080	FBgn0030718
LDECv5g07192	FBgn0030790
LDECv5g07233	FBgn0035028
LDECv5g07323	FBgn0035089
LDECv5g07349	FBgn0034566
LDECv5g07416	FBgn0034022
LDECv5g07422	FBgn0262728
LDECv5g07498	FBgn0032719
LDECv5g07547	FBgn0016119
LDECv5g07553	FBgn0260012
LDECv5g07554	FBgn0031474
LDECv5g07620	FBgn0265416
LDECv5g07627	FBgn0085419
LDECv5g07643	FBgn0032329
LDECv5g07661	FBgn0264785
LDECv5g07666	FBgn0039360
LDECv5g07678	FBgn0003517
LDECv5g07690	FBgn0036734
LDECv5g07696	FBgn0003447
LDECv5g07709	FBgn0283473
LDECv5g07730	FBgn0031401
LDECv5g07737	FBgn0037336
LDECv5g07743	FBgn0086898
LDECv5g07776	FBgn0085450
LDECv5g07780	FBgn0003415
LDECv5g07799	FBgn0051760
LDECv5g07824	FBgn0005411
LDECv5g07880	FBgn0039240
LDECv5g07965	FBgn0034803
LDECv5g08056	FBgn0003139
LDECv5g08102	FBgn0039920
LDECv5g08121	FBgn0030330
LDECv5g08130	FBgn0266347
LDECv5g08168	FBgn0031606
LDECv5g08197	FBgn0002772
LDECv5g08225	FBgn0259685
LDECv5g08334	FBgn0036862
LDECv5g08336	FBgn0011606
LDECv5g08340	FBgn0015766
LDECv5g08371	FBgn0003731
LDECv5g08380	FBgn0260959
LDECv5g08386	FBgn0038737
LDECv5g08424	FBgn0035538
LDECv5g08454	FBgn0031251
LDECv5g08473	FBgn0039081
LDECv5g08502	FBgn0015772
LDECv5g08570	FBgn0039617
LDECv5g08580	FBgn0038745
LDECv5g08598	FBgn0033668
LDECv5g08619	FBgn0003053
LDECv5g08643	FBgn0036516
LDECv5g08695	FBgn0020521
LDECv5g08743	FBgn0033362
LDECv5g08768	FBgn0035959
LDECv5g08793	FBgn0044872
LDECv5g08820	FBgn0051729
LDECv5g08828	FBgn0289556
LDECv5g08908	FBgn0035978
LDECv5g08912	FBgn0035849
LDECv5g08938	FBgn0030251
LDECv5g08973	FBgn0035515
LDECv5g09047	FBgn0037057
LDECv5g09134	FBgn0037998
LDECv5g09149	FBgn0038532
LDECv5g09263	FBgn0260444
LDECv5g09310	FBgn0028916
LDECv5g09313	FBgn0286784
LDECv5g09351	FBgn0265192
LDECv5g09361	FBgn0037760
LDECv5g09363	FBgn0037758
LDECv5g09381	FBgn0086904
LDECv5g09402	FBgn0250837
LDECv5g09418	FBgn0045862
LDECv5g09476	FBgn0034364
LDECv5g09515	FBgn0037017
LDECv5g09560	FBgn0035107
LDECv5g09562	FBgn0035106
LDECv5g09563	FBgn0261862
LDECv5g09569	FBgn0263456
LDECv5g09578	FBgn0053144
LDECv5g09589	FBgn0034997
LDECv5g09590	FBgn0262739
LDECv5g09645	FBgn0035815
LDECv5g09712	FBgn0034636
LDECv5g09737	FBgn0002638
LDECv5g09761	FBgn0027287
LDECv5g09770	FBgn0037015
LDECv5g09815	FBgn0035165
LDECv5g09832	FBgn0035237
LDECv5g10074	FBgn0087011
LDECv5g10154	FBgn0052447
LDECv5g10165	FBgn0030761
LDECv5g10191	FBgn0001189
LDECv5g10266	FBgn0035402
LDECv5g10273	FBgn0002590
LDECv5g10308	FBgn0050122
LDECv5g10310	FBgn0039385
LDECv5g10375	FBgn0264816
LDECv5g10404	FBgn0017558
LDECv5g10429	FBgn0010309
LDECv5g10457	FBgn0030228
LDECv5g10459	FBgn0015019
LDECv5g10486	FBgn0037533
LDECv5g10528	FBgn0036993
LDECv5g10624	FBgn0025381
LDECv5g10679	FBgn0032910
LDECv5g10749	FBgn0000662
LDECv5g10809	FBgn0011584
LDECv5g10823	FBgn0011361
LDECv5g10875	FBgn0039008
LDECv5g10876	FBgn0039348
LDECv5g10990	FBgn0023091
LDECv5g11028	FBgn0036999
LDECv5g11051	FBgn0030839
LDECv5g11117	FBgn0051145
LDECv5g11130	FBgn0052438
LDECv5g11139	FBgn0036501
LDECv5g11145	FBgn0004575
LDECv5g11169	FBgn0032812
LDECv5g11176	FBgn0037218
LDECv5g11199	FBgn0250907
LDECv5g11290	FBgn0039844
LDECv5g11295	FBgn0004573
LDECv5g11298	FBgn0000181
LDECv5g11328	FBgn0029831
LDECv5g11343	FBgn0015279
LDECv5g11374	FBgn0262867
LDECv5g11375	FBgn0003463
LDECv5g11386	FBgn0015521
LDECv5g11413	FBgn0266848
LDECv5g11423	FBgn0038872
LDECv5g11424	FBgn0260935
LDECv5g11435	FBgn0040601
LDECv5g11464	FBgn0037200
LDECv5g11544	FBgn0002973
LDECv5g11594	FBgn0017581
LDECv5g11598	FBgn0036980
LDECv5g11726	FBgn0029898
LDECv5g11727	FBgn0023524
LDECv5g11770	FBgn0040075
LDECv5g11774	FBgn0036544
LDECv5g11777	FBgn0266708
LDECv5g11804	FBgn0026619
LDECv5g12237	FBgn0039114
LDECv5g12301	FBgn0250830
LDECv5g12302	FBgn0038126
LDECv5g12314	FBgn0000024
LDECv5g12357	FBgn0030357
LDECv5g12423	FBgn0250839
LDECv5g12440	FBgn0264443
LDECv5g12466	FBgn0027108
LDECv5g12471	FBgn0085387
LDECv5g12472	FBgn0250871
LDECv5g12489	FBgn0014380
LDECv5g12495	FBgn0036173
LDECv5g12520	FBgn0028342
LDECv5g12523	FBgn0037846
LDECv5g12530	FBgn0035484
LDECv5g12557	FBgn0036147
LDECv5g12559	FBgn0004623
LDECv5g12602	FBgn0035293
LDECv5g12604	FBgn0030753
LDECv5g12605	FBgn0032516
LDECv5g12645	FBgn0032633
LDECv5g12662	FBgn0036202
LDECv5g12733	FBgn0014343
LDECv5g12734	FBgn0263199
LDECv5g12764	FBgn0033015
LDECv5g12821	FBgn0027548
LDECv5g12866	FBgn0005612
LDECv5g12917	FBgn0261403
LDECv5g12927	FBgn0037792
LDECv5g12937	FBgn0027945
LDECv5g12995	FBgn0035995
LDECv5g13001	FBgn0036039
LDECv5g13027	FBgn0038617
LDECv5g13129	FBgn0030617
LDECv5g13208	FBgn0037592
LDECv5g13288	FBgn0037643
LDECv5g13326	FBgn0263780
LDECv5g13358	FBgn0034804
LDECv5g13449	FBgn0034110
LDECv5g13450	FBgn0027581
LDECv5g13483	FBgn0028331
LDECv5g13509	FBgn0044419
LDECv5g13515	FBgn0259937
LDECv5g13517	FBgn0001978
LDECv5g13524	FBgn0036101
LDECv5g13553	FBgn0032210
LDECv5g13573	FBgn0036685
LDECv5g13608	FBgn0002023
LDECv5g13609	FBgn0032749
LDECv5g13667	FBgn0031769
LDECv5g13671	FBgn0032850
LDECv5g13677	FBgn0003964
LDECv5g13741	FBgn0051072
LDECv5g13747	FBgn0031765
LDECv5g13825	FBgn0037427
LDECv5g13841	FBgn0082585
LDECv5g13850	FBgn0033086
LDECv5g13861	FBgn0032202
LDECv5g13875	FBgn0030734
LDECv5g13998	FBgn0042132
LDECv5g13999	FBgn0031066
LDECv5g14069	FBgn0262115
LDECv5g14070	FBgn0045035
LDECv5g14084	FBgn0037120
LDECv5g14122	FBgn0032013
LDECv5g14130	FBgn0085426
LDECv5g14151	FBgn0283535
LDECv5g14213	FBgn0037387
LDECv5g14221	FBgn0000566
LDECv5g14237	FBgn0040765
LDECv5g14279	FBgn0005633
LDECv5g14291	FBgn0266417
LDECv5g14339	FBgn0032876
LDECv5g14697	FBgn0261341
LDECv5g14701	FBgn0032946
LDECv5g14703	FBgn0015546
LDECv5g14803	FBgn0037715
LDECv5g14862	FBgn0260793
LDECv5g14899	FBgn0035010
LDECv5g14956	FBgn0051481
LDECv5g14975	FBgn0052227
LDECv5g15003	FBgn0032513
LDECv5g15017	FBgn0037757
LDECv5g15063	FBgn0035173
LDECv5g15079	FBgn0260964
LDECv5g15081	FBgn0021761
LDECv5g15097	FBgn0039007
LDECv5g15103	FBgn0010265
LDECv5g15110	FBgn0000273
LDECv5g15111	FBgn0032048
LDECv5g15147	FBgn0038326
LDECv5g15150	FBgn0038947
LDECv5g15207	FBgn0082582
LDECv5g15283	FBgn0004396
LDECv5g15292	FBgn0031514
LDECv5g15295	FBgn0267001
LDECv5g15308	FBgn0029820
LDECv5g15318	FBgn0029176
LDECv5g15320	FBgn0033810
LDECv5g15356	FBgn0014006
LDECv5g15392	FBgn0031955
LDECv5g15415	FBgn0285947
LDECv5g15416	FBgn0011290
LDECv5g15432	FBgn0005775
LDECv5g15450	FBgn0261283
LDECv5g15476	FBgn0029003
LDECv5g15475	FBgn0027546
LDECv5g15489	FBgn0016650
LDECv5g00012	FBgn0013997
LDECv5g00032	FBgn0260987
LDECv5g00055	FBgn0026441
LDECv5g00057	FBgn0030662
LDECv5g00087	FBgn0012036
LDECv5g00105	FBgn0031824
LDECv5g00120	FBgn0038629
LDECv5g00123	FBgn0038627
LDECv5g00137	FBgn0266581
LDECv5g00149	FBgn0039734
LDECv5g00155	FBgn0000036
LDECv5g00165	FBgn0262699
LDECv5g00213	FBgn0035689
LDECv5g00222	FBgn0014037
LDECv5g00266	FBgn0030625
LDECv5g00268	FBgn0263740
LDECv5g00284	FBgn0035638
LDECv5g00293	FBgn0052442
LDECv5g00327	FBgn0005386
LDECv5g00341	FBgn0038666
LDECv5g00369	FBgn0032750
LDECv5g00371	FBgn0267429
LDECv5g00382	FBgn0259108
LDECv5g00392	FBgn0031077
LDECv5g00394	FBgn0034849
LDECv5g00401	FBgn0011230
LDECv5g00423	FBgn0024491
LDECv5g00435	FBgn0038965
LDECv5g00436	FBgn0025571
LDECv5g00470	FBgn0027654
LDECv5g00483	FBgn0036909
LDECv5g00495	FBgn0030421
LDECv5g00509	FBgn0004647
LDECv5g00524	FBgn0036825
LDECv5g00529	FBgn0038679
LDECv5g00585	FBgn0039066
LDECv5g00586	FBgn0003462
LDECv5g00591	FBgn0033194
LDECv5g00648	FBgn0035630
LDECv5g00650	FBgn0038389
LDECv5g00665	FBgn0036853
LDECv5g00684	FBgn0083969
LDECv5g00689	FBgn0013759
LDECv5g00723	FBgn0031681
LDECv5g00791	FBgn0086347
LDECv5g00804	FBgn0029935
LDECv5g00809	FBgn0260945
LDECv5g00838	FBgn0036662
LDECv5g00848	FBgn0030366
LDECv5g00851	FBgn0004359
LDECv5g00876	FBgn0030467
LDECv5g00888	FBgn0001992
LDECv5g00961	FBgn0014163
LDECv5g00973	FBgn0000229
LDECv5g00975	FBgn0000182
LDECv5g00979	FBgn0005322
LDECv5g00998	FBgn0001291
LDECv5g00999	FBgn0267330
LDECv5g01049	FBgn0016926
LDECv5g01056	FBgn0261068
LDECv5g01060	FBgn0030391
LDECv5g01090	FBgn0036194
LDECv5g01092	FBgn0036188
LDECv5g01093	FBgn0036195
LDECv5g01115	FBgn0036571
LDECv5g01116	FBgn0043799
LDECv5g01128	FBgn0085478
LDECv5g01139	FBgn0261534
LDECv5g01161	FBgn0265767
LDECv5g01310	FBgn0283682
LDECv5g01322	FBgn0053995
LDECv5g01339	FBgn0052448
LDECv5g01355	FBgn0263198
LDECv5g01366	FBgn0053988
LDECv5g01378	FBgn0061492
LDECv5g01383	FBgn0037466
LDECv5g01397	FBgn0026616
LDECv5g01407	FBgn0051739
LDECv5g01427	FBgn0031976
LDECv5g01432	FBgn0003042
LDECv5g01433	FBgn0037074
LDECv5g01484	FBgn0283478
LDECv5g01499	FBgn0016685
LDECv5g01504	FBgn0028499
LDECv5g01514	FBgn0032075
LDECv5g01516	FBgn0011829
LDECv5g01561	FBgn0027550
LDECv5g01567	FBgn0284257
LDECv5g01615	FBgn0039492
LDECv5g01646	FBgn0029785
LDECv5g01648	FBgn0033088
LDECv5g01661	FBgn0035252
LDECv5g01699	FBgn0036697
LDECv5g01750	FBgn0030791
LDECv5g01757	FBgn0034644
LDECv5g01767	FBgn0036764
LDECv5g01794	FBgn0029133
LDECv5g01803	FBgn0037248
LDECv5g01805	FBgn0053970
LDECv5g01848	FBgn0001253
LDECv5g01860	FBgn0035871
LDECv5g01871	FBgn0025709
LDECv5g01874	FBgn0039528
LDECv5g01883	FBgn0036908
LDECv5g01904	FBgn0033629
LDECv5g01919	FBgn0033250
LDECv5g01928	FBgn0031294
LDECv5g01962	FBgn0033224
LDECv5g01966	FBgn0260942
LDECv5g01976	FBgn0000039
LDECv5g01980	FBgn0005586
LDECv5g02033	FBgn0039747
LDECv5g02040	FBgn0035298
LDECv5g02049	FBgn0265274
LDECv5g02050	FBgn0036309
LDECv5g02052	FBgn0032857
LDECv5g02058	FBgn0004876
LDECv5g02064	FBgn0031670
LDECv5g02065	FBgn0016075
LDECv5g02066	FBgn0000299
LDECv5g02068	FBgn0033457
LDECv5g02075	FBgn0031006
LDECv5g02094	FBgn0039045
LDECv5g02189	FBgn0031149
LDECv5g02229	FBgn0029995
LDECv5g02239	FBgn0010909
LDECv5g02257	FBgn0033368
LDECv5g02282	FBgn0030634
LDECv5g02300	FBgn0261705
LDECv5g02304	FBgn0010217
LDECv5g02336	FBgn0031832
LDECv5g02349	FBgn0027088
LDECv5g02350	FBgn0037728
LDECv5g02381	FBgn0027066
LDECv5g02383	FBgn0036710
LDECv5g02386	FBgn0037297
LDECv5g02390	FBgn0013813
LDECv5g02392	FBgn0038221
LDECv5g02397	FBgn0053087
LDECv5g02402	FBgn0032723
LDECv5g02471	FBgn0030992
LDECv5g02474	FBgn0023517
LDECv5g02477	FBgn0037299
LDECv5g02518	FBgn0034304
LDECv5g02565	FBgn0031997
LDECv5g02602	FBgn0031947
LDECv5g02610	FBgn0031090
LDECv5g02613	FBgn0036741
LDECv5g02635	FBgn0036681
LDECv5g02638	FBgn0036680
LDECv5g02671	FBgn0002440
LDECv5g02681	FBgn0087013
LDECv5g02748	FBgn0031745
LDECv5g02760	FBgn0000339
LDECv5g02774	FBgn0031987
LDECv5g02785	FBgn0032194
LDECv5g02856	FBgn0027086
LDECv5g02863	FBgn0043900
LDECv5g02872	FBgn0029667
LDECv5g02882	FBgn0032956
LDECv5g02883	FBgn0013342
LDECv5g02996	FBgn0035675
LDECv5g02997	FBgn0261108
LDECv5g03004	FBgn0015321
LDECv5g03017	FBgn0287828
LDECv5g03053	FBgn0037186
LDECv5g03148	FBgn0035586
LDECv5g03176	FBgn0031070
LDECv5g03177	FBgn0030345
LDECv5g03185	FBgn0011289
LDECv5g03187	FBgn0036191
LDECv5g03227	FBgn0052528
LDECv5g03239	FBgn0029911
LDECv5g03240	FBgn0036319
LDECv5g03246	FBgn0036502
LDECv5g03250	FBgn0039111
LDECv5g03265	FBgn0033029
LDECv5g03269	FBgn0037848
LDECv5g03274	FBgn0033289
LDECv5g03287	FBgn0000629
LDECv5g03362	FBgn0023171
LDECv5g03371	FBgn0024365
LDECv5g03378	FBgn0085396
LDECv5g03390	FBgn0014869
LDECv5g03392	FBgn0250786
LDECv5g03426	FBgn0003210
LDECv5g03431	FBgn0034308
LDECv5g03462	FBgn0011581
LDECv5g03492	FBgn0004888
LDECv5g03520	FBgn0014135
LDECv5g03533	FBgn0013983
LDECv5g03553	FBgn0024238
LDECv5g03560	FBgn0035388
LDECv5g03565	FBgn0046687
LDECv5g03571	FBgn0004957
LDECv5g03586	FBgn0005564
LDECv5g03587	FBgn0034590
LDECv5g03599	FBgn0031985
LDECv5g03612	FBgn0000455
LDECv5g03647	FBgn0040318
LDECv5g03714	FBgn0032717
LDECv5g03748	FBgn0028540
LDECv5g03751	FBgn0040285
LDECv5g03783	FBgn0029152
LDECv5g03788	FBgn0029996
LDECv5g03801	FBgn0026056
LDECv5g03804	FBgn0005616
LDECv5g03808	FBgn0267378
LDECv5g03834	FBgn0034135
LDECv5g03850	FBgn0028516
LDECv5g03859	FBgn0260467
LDECv5g03871	FBgn0031461
LDECv5g03941	FBgn0039932
LDECv5g03942	FBgn0034691
LDECv5g03977	FBgn0066365
LDECv5g04012	FBgn0027101
LDECv5g04014	FBgn0032399
LDECv5g04019	FBgn0040208
LDECv5g04024	FBgn0265974
LDECv5g04030	FBgn0014879
LDECv5g04050	FBgn0037327
LDECv5g04116	FBgn0031053
LDECv5g04164	FBgn0034705
LDECv5g04176	FBgn0003002
LDECv5g04216	FBgn0039131
LDECv5g04242	FBgn0034025
LDECv5g04246	FBgn0011740
LDECv5g04254	FBgn0034497
LDECv5g04265	FBgn0024985
LDECv5g04281	FBgn0001087
LDECv5g04283	FBgn0031972
LDECv5g04289	FBgn0034269
LDECv5g04316	FBgn0010341
LDECv5g04323	FBgn0083978
LDECv5g04329	FBgn0260960
LDECv5g04354	FBgn0035285
LDECv5g04366	FBgn0026777
LDECv5g04373	FBgn0039924
LDECv5g04404	FBgn0033155
LDECv5g04412	FBgn0025393
LDECv5g04433	FBgn0000499
LDECv5g04448	FBgn0036235
LDECv5g04457	FBgn0265630
LDECv5g04462	FBgn0040375
LDECv5g04490	FBgn0026144
LDECv5g04570	FBgn0266518
LDECv5g04575	FBgn0030460
LDECv5g04586	FBgn0037323
LDECv5g04618	FBgn0026199
LDECv5g04620	FBgn0037723
LDECv5g04638	FBgn0036911
LDECv5g04661	FBgn0038763
LDECv5g04693	FBgn0037680
LDECv5g04695	FBgn0039911
LDECv5g04701	FBgn0004855
LDECv5g04711	FBgn0026630
LDECv5g04724	FBgn0039965
LDECv5g04729	FBgn0034258
LDECv5g04741	FBgn0033357
LDECv5g04760	FBgn0028541
LDECv5g04778	FBgn0036665
LDECv5g04790	FBgn0030974
LDECv5g04799	FBgn0036684
LDECv5g04839	FBgn0026479
LDECv5g04854	FBgn0028692
LDECv5g04866	FBgn0003900
LDECv5g04883	FBgn0086683
LDECv5g04885	FBgn0031772
LDECv5g04890	FBgn0002021
LDECv5g04894	FBgn0024234
LDECv5g04909	FBgn0035231
LDECv5g04912	FBgn0028984
LDECv5g04933	FBgn0039078
LDECv5g04941	FBgn0263973
LDECv5g04945	FBgn0027084
LDECv5g04955	FBgn0015791
LDECv5g04958	FBgn0287234
LDECv5g04960	FBgn0031603
LDECv5g04968	FBgn0035280
LDECv5g05005	FBgn0029783
LDECv5g05014	FBgn0037556
LDECv5g05015	FBgn0290419
LDECv5g05036	FBgn0027375
LDECv5g05046	FBgn0031436
LDECv5g05050	FBgn0046225
LDECv5g05056	FBgn0265935
LDECv5g05073	FBgn0039120
LDECv5g05115	FBgn0038515
LDECv5g05121	FBgn0033998
LDECv5g05166	FBgn0035229
LDECv5g05175	FBgn0085201
LDECv5g05176	FBgn0019957
LDECv5g05189	FBgn0266449
LDECv5g05201	FBgn0051663
LDECv5g05206	FBgn0285948
LDECv5g05212	FBgn0033753
LDECv5g05215	FBgn0263079
LDECv5g05217	FBgn0004108
LDECv5g05224	FBgn0023512
LDECv5g05294	FBgn0010315
LDECv5g05298	FBgn0037100
LDECv5g05318	FBgn0265512
LDECv5g05333	FBgn0034500
LDECv5g05352	FBgn0031250
LDECv5g05354	FBgn0029137
LDECv5g05362	FBgn0086447
LDECv5g05370	FBgn0259824
LDECv5g05378	FBgn0027503
LDECv5g05383	FBgn0000352
LDECv5g05386	FBgn0086698
LDECv5g05401	FBgn0259722
LDECv5g05462	FBgn0284247
LDECv5g05477	FBgn0262127
LDECv5g05490	FBgn0030850
LDECv5g05561	FBgn0261090
LDECv5g05574	FBgn0028686
LDECv5g05605	FBgn0029174
LDECv5g05620	FBgn0031043
LDECv5g05623	FBgn0031049
LDECv5g05629	FBgn0035872
LDECv5g05632	FBgn0026076
LDECv5g05637	FBgn0039075
LDECv5g05649	FBgn0035375
LDECv5g05650	FBgn0032167
LDECv5g05689	FBgn0035889
LDECv5g05702	FBgn0031885
LDECv5g05704	FBgn0016762
LDECv5g05736	FBgn0039862
LDECv5g05778	FBgn0030435
LDECv5g05783	FBgn0014417
LDECv5g05791	FBgn0021776
LDECv5g05859	FBgn0031099
LDECv5g05860	FBgn0036450
LDECv5g05862	FBgn0034988
LDECv5g05870	FBgn0030873
LDECv5g05871	FBgn0086679
LDECv5g05879	FBgn0250869
LDECv5g05916	FBgn0030703
LDECv5g05917	FBgn0030336
LDECv5g05928	FBgn0010488
LDECv5g05946	FBgn0036449
LDECv5g05954	FBgn0029915
LDECv5g05955	FBgn0051643
LDECv5g05994	FBgn0052532
LDECv5g06016	FBgn0029837
LDECv5g06018	FBgn0036239
LDECv5g06026	FBgn0032450
LDECv5g06040	FBgn0027330
LDECv5g06058	FBgn0036959
LDECv5g06093	FBgn0004419
LDECv5g06098	FBgn0030457
LDECv5g06107	FBgn0019662
LDECv5g06109	FBgn0266719
LDECv5g06119	FBgn0035039
LDECv5g06125	FBgn0035767
LDECv5g06144	FBgn0036494
LDECv5g06158	FBgn0027784
LDECv5g06164	FBgn0004921
LDECv5g06237	FBgn0263051
LDECv5g06243	FBgn0033486
LDECv5g06264	FBgn0003545
LDECv5g06272	FBgn0000057
LDECv5g06278	FBgn0051211
LDECv5g06280	FBgn0040532
LDECv5g06287	FBgn0025366
LDECv5g06289	FBgn0025674
LDECv5g06303	FBgn0260390
LDECv5g06325	FBgn0004868
LDECv5g06379	FBgn0038286
LDECv5g06437	FBgn0038827
LDECv5g06456	FBgn0051119
LDECv5g06458	FBgn0032076
LDECv5g06460	FBgn0086355
LDECv5g06465	FBgn0001404
LDECv5g06486	FBgn0030930
LDECv5g06499	FBgn0038651
LDECv5g06501	FBgn0037026
LDECv5g06505	FBgn0260755
LDECv5g06533	FBgn0026262
LDECv5g06544	FBgn0032729
LDECv5g06547	FBgn0050181
LDECv5g06574	FBgn0027356
LDECv5g06600	FBgn0030286
LDECv5g06616	FBgn0030406
LDECv5g06621	FBgn0027602
LDECv5g06644	FBgn0033010
LDECv5g06651	FBgn0037613
LDECv5g06667	FBgn0001134
LDECv5g06705	FBgn0053772
LDECv5g06729	FBgn0032397
LDECv5g06731	FBgn0010612
LDECv5g06757	FBgn0250788
LDECv5g06762	FBgn0034491
LDECv5g06779	FBgn0003011
LDECv5g06808	FBgn0031530
LDECv5g06832	FBgn0030964
LDECv5g06836	FBgn0040513
LDECv5g06859	FBgn0028497
LDECv5g06868	FBgn0040373
LDECv5g06942	FBgn0283471
LDECv5g06964	FBgn0039396
LDECv5g06985	FBgn0029878
LDECv5g06997	FBgn0027080
LDECv5g07008	FBgn0263355
LDECv5g07013	FBgn0035247
LDECv5g07015	FBgn0024232
LDECv5g07029	FBgn0029834
LDECv5g07122	FBgn0019932
LDECv5g07146	FBgn0033846
LDECv5g07194	FBgn0030870
LDECv5g07196	FBgn0036463
LDECv5g07222	FBgn0005777
LDECv5g07232	FBgn0023169
LDECv5g07243	FBgn0035766
LDECv5g07245	FBgn0033187
LDECv5g07293	FBgn0034792
LDECv5g07294	FBgn0033615
LDECv5g07302	FBgn0017550
LDECv5g07304	FBgn0024432
LDECv5g07308	FBgn0025574
LDECv5g07421	FBgn0265052
LDECv5g07427	FBgn0033380
LDECv5g07451	FBgn0034118
LDECv5g07471	FBgn0035113
LDECv5g07482	FBgn0039265
LDECv5g07496	FBgn0264959
LDECv5g07499	FBgn0038058
LDECv5g07515	FBgn0019990
LDECv5g07522	FBgn0039743
LDECv5g07555	FBgn0004649
LDECv5g07558	FBgn0005613
LDECv5g07564	FBgn0259749
LDECv5g07573	FBgn0031500
LDECv5g07585	FBgn0038608
LDECv5g07593	FBgn0003093
LDECv5g07597	FBgn0267351
LDECv5g07618	FBgn0003074
LDECv5g07632	FBgn0003317
LDECv5g07656	FBgn0039466
LDECv5g07674	FBgn0020908
LDECv5g07677	FBgn0029840
LDECv5g07686	FBgn0260970
LDECv5g07688	FBgn0027280
LDECv5g07713	FBgn0040011
LDECv5g07720	FBgn0039406
LDECv5g07723	FBgn0020618
LDECv5g07728	FBgn0004177
LDECv5g07749	FBgn0022787
LDECv5g07771	FBgn0031782
LDECv5g07785	FBgn0260798
LDECv5g07794	FBgn0005198
LDECv5g07829	FBgn0030091
LDECv5g07844	FBgn0038769
LDECv5g07848	FBgn0033453
LDECv5g07872	FBgn0044328
LDECv5g07874	FBgn0259167
LDECv5g07894	FBgn0040308
LDECv5g07912	FBgn0028476
LDECv5g07945	FBgn0030323
LDECv5g07952	FBgn0038934
LDECv5g07970	FBgn0037341
LDECv5g07971	FBgn0038858
LDECv5g07972	FBgn0283468
LDECv5g07981	FBgn0284252
LDECv5g07995	FBgn0039688
LDECv5g08035	FBgn0030997
LDECv5g08039	FBgn0004644
LDECv5g08044	FBgn0032518
LDECv5g08046	FBgn0031589
LDECv5g08047	FBgn0010750
LDECv5g08058	FBgn0038247
LDECv5g08067	FBgn0039054
LDECv5g08069	FBgn0012037
LDECv5g08085	FBgn0037648
LDECv5g08098	FBgn0029868
LDECv5g08099	FBgn0019890
LDECv5g08110	FBgn0032820
LDECv5g08132	FBgn0028932
LDECv5g08139	FBgn0263997
LDECv5g08148	FBgn0032986
LDECv5g08161	FBgn0039272
LDECv5g08164	FBgn0259678
LDECv5g08172	FBgn0037716
LDECv5g08221	FBgn0038829
LDECv5g08238	FBgn0022770
LDECv5g08262	FBgn0260398
LDECv5g08323	FBgn0035574
LDECv5g08328	FBgn0267398
LDECv5g08345	FBgn0033665
LDECv5g08400	FBgn0033174
LDECv5g08406	FBgn0265182
LDECv5g08420	FBgn0036621
LDECv5g08432	FBgn0026250
LDECv5g08442	FBgn0028658
LDECv5g08458	FBgn0261788
LDECv5g08470	FBgn0031450
LDECv5g08477	FBgn0025394
LDECv5g08503	FBgn0039665
LDECv5g08512	FBgn0029663
LDECv5g08537	FBgn0030257
LDECv5g08559	FBgn0038337
LDECv5g08562	FBgn0031037
LDECv5g08563	FBgn0028546
LDECv5g08567	FBgn0004511
LDECv5g08581	FBgn0027291
LDECv5g08582	FBgn0029955
LDECv5g08599	FBgn0036271
LDECv5g08611	FBgn0041582
LDECv5g08621	FBgn0037555
LDECv5g08635	FBgn0033117
LDECv5g08642	FBgn0035088
LDECv5g08662	FBgn0034936
LDECv5g08690	FBgn0024360
LDECv5g08747	FBgn0286782
LDECv5g08773	FBgn0016726
LDECv5g08780	FBgn0039290
LDECv5g08788	FBgn0034708
LDECv5g08823	FBgn0037926
LDECv5g08834	FBgn0034540
LDECv5g08842	FBgn0034067
LDECv5g08896	FBgn0000109
LDECv5g08948	FBgn0037739
LDECv5g08961	FBgn0261086
LDECv5g08968	FBgn0037747
LDECv5g08979	FBgn0039710
LDECv5g08997	FBgn0037832
LDECv5g09015	FBgn0029689
LDECv5g09024	FBgn0026417
LDECv5g09029	FBgn0283442
LDECv5g09055	FBgn0031607
LDECv5g09064	FBgn0034071
LDECv5g09065	FBgn0032171
LDECv5g09071	FBgn0032252
LDECv5g09075	FBgn0025820
LDECv5g09090	FBgn0038630
LDECv5g09124	FBgn0037652
LDECv5g09127	FBgn0039213
LDECv5g09132	FBgn0261787
LDECv5g09138	FBgn0038327
LDECv5g09158	FBgn0004197
LDECv5g09181	FBgn0260468
LDECv5g09193	FBgn0033471
LDECv5g09203	FBgn0085453
LDECv5g09226	FBgn0004360
LDECv5g09229	FBgn0016697
LDECv5g09234	FBgn0003130
LDECv5g09244	FBgn0030196
LDECv5g09279	FBgn0032922
LDECv5g09291	FBgn0031836
LDECv5g09294	FBgn0032698
LDECv5g09320	FBgn0032798
LDECv5g09326	FBgn0267486
LDECv5g09372	FBgn0037603
LDECv5g09377	FBgn0033244
LDECv5g09379	FBgn0032688
LDECv5g09399	FBgn0031459
LDECv5g09405	FBgn0004687
LDECv5g09452	FBgn0004387
LDECv5g09465	FBgn0261397
LDECv5g09475	FBgn0051108
LDECv5g09509	FBgn0035696
LDECv5g09512	FBgn0261801
LDECv5g09513	FBgn0016756
LDECv5g09537	FBgn0036667
LDECv5g09551	FBgn0052373
LDECv5g09559	FBgn0027079
LDECv5g09573	FBgn0029685
LDECv5g09615	FBgn0284220
LDECv5g09625	FBgn0037490
LDECv5g09651	FBgn0035755
LDECv5g09720	FBgn0034674
LDECv5g09721	FBgn0036451
LDECv5g09722	FBgn0036922
LDECv5g09750	FBgn0040505
LDECv5g09816	FBgn0035166
LDECv5g09817	FBgn0031631
LDECv5g09819	FBgn0037081
LDECv5g09827	FBgn0033177
LDECv5g09836	FBgn0086706
LDECv5g09839	FBgn0031238
LDECv5g09879	FBgn0036661
LDECv5g09897	FBgn0039625
LDECv5g09898	FBgn0262126
LDECv5g09922	FBgn0016041
LDECv5g09944	FBgn0031485
LDECv5g09962	FBgn0041171
LDECv5g09963	FBgn0039183
LDECv5g09967	FBgn0004859
LDECv5g09976	FBgn0030521
LDECv5g09993	FBgn0013467
LDECv5g10020	FBgn0022338
LDECv5g10030	FBgn0035677
LDECv5g10034	FBgn0002774
LDECv5g10078	FBgn0028662
LDECv5g10112	FBgn0033544
LDECv5g10113	FBgn0030465
LDECv5g10137	FBgn0035704
LDECv5g10143	FBgn0035308
LDECv5g10171	FBgn0050263
LDECv5g10173	FBgn0002069
LDECv5g10206	FBgn0017429
LDECv5g10212	FBgn0035914
LDECv5g10254	FBgn0024698
LDECv5g10274	FBgn0037084
LDECv5g10279	FBgn0040370
LDECv5g10300	FBgn0038165
LDECv5g10325	FBgn0034968
LDECv5g10344	FBgn0035498
LDECv5g10377	FBgn0022702
LDECv5g10413	FBgn0000157
LDECv5g10439	FBgn0038332
LDECv5g10464	FBgn0044823
LDECv5g10490	FBgn0037584
LDECv5g10504	FBgn0037697
LDECv5g10521	FBgn0035147
LDECv5g10523	FBgn0020235
LDECv5g10548	FBgn0260499
LDECv5g10551	FBgn0288631
LDECv5g10561	FBgn0015477
LDECv5g10573	FBgn0000257
LDECv5g10582	FBgn0085451
LDECv5g10605	FBgn0030990
LDECv5g10635	FBgn0030001
LDECv5g10684	FBgn0027610
LDECv5g10686	FBgn0086710
LDECv5g10755	FBgn0050421
LDECv5g10770	FBgn0263705
LDECv5g10782	FBgn0031059
LDECv5g10785	FBgn0037624
LDECv5g10794	FBgn0027512
LDECv5g10810	FBgn0051908
LDECv5g10822	FBgn0030452
LDECv5g10826	FBgn0033713
LDECv5g10872	FBgn0260747
LDECv5g10873	FBgn0286809
LDECv5g10880	FBgn0036574
LDECv5g10881	FBgn0035333
LDECv5g10911	FBgn0027538
LDECv5g10920	FBgn0030013
LDECv5g10993	FBgn0030668
LDECv5g11002	FBgn0036545
LDECv5g11008	FBgn0040007
LDECv5g11020	FBgn0033784
LDECv5g11025	FBgn0038638
LDECv5g11027	FBgn0032395
LDECv5g11055	FBgn0033438
LDECv5g11064	FBgn0050089
LDECv5g11082	FBgn0046258
LDECv5g11084	FBgn0031005
LDECv5g11090	FBgn0000524
LDECv5g11091	FBgn0040777
LDECv5g11092	FBgn0037978
LDECv5g11096	FBgn0037109
LDECv5g11101	FBgn0036337
LDECv5g11106	FBgn0001148
LDECv5g11118	FBgn0029006
LDECv5g11120	FBgn0031174
LDECv5g11128	FBgn0036520
LDECv5g11158	FBgn0286198
LDECv5g11164	FBgn0261279
LDECv5g11166	FBgn0039003
LDECv5g11201	FBgn0033236
LDECv5g11203	FBgn0039559
LDECv5g11204	FBgn0037734
LDECv5g11223	FBgn0029936
LDECv5g11255	FBgn0000395
LDECv5g11274	FBgn0032376
LDECv5g11292	FBgn0038321
LDECv5g11307	FBgn0037551
LDECv5g11312	FBgn0037554
LDECv5g11314	FBgn0030605
LDECv5g11315	FBgn0024314
LDECv5g11345	FBgn0259099
LDECv5g11358	FBgn0052666
LDECv5g11384	FBgn0030752
LDECv5g11385	FBgn0031473
LDECv5g11414	FBgn0027083
LDECv5g11422	FBgn0036397
LDECv5g11426	FBgn0030499
LDECv5g11437	FBgn0027497
LDECv5g11448	FBgn0003189
LDECv5g11548	FBgn0024733
LDECv5g11553	FBgn0027836
LDECv5g11583	FBgn0052174
LDECv5g11587	FBgn0033317
LDECv5g11597	FBgn0029148
LDECv5g11600	FBgn0031496
LDECv5g11605	FBgn0023516
LDECv5g11606	FBgn0039110
LDECv5g11609	FBgn0034484
LDECv5g11610	FBgn0038168
LDECv5g11632	FBgn0286051
LDECv5g11683	FBgn0037395
LDECv5g11695	FBgn0263605
LDECv5g11700	FBgn0036695
LDECv5g11702	FBgn0264560
LDECv5g11705	FBgn0036612
LDECv5g11754	FBgn0033916
LDECv5g11799	FBgn0024510
LDECv5g11812	FBgn0040351
LDECv5g11828	FBgn0028480
LDECv5g11860	FBgn0038072
LDECv5g12226	FBgn0261602
LDECv5g12256	FBgn0034094
LDECv5g12346	FBgn0085430
LDECv5g12361	FBgn0287695
LDECv5g12371	FBgn0035985
LDECv5g12376	FBgn0032689
LDECv5g12377	FBgn0011272
LDECv5g12417	FBgn0031903
LDECv5g12419	FBgn0031902
LDECv5g12425	FBgn0038894
LDECv5g12426	FBgn0034692
LDECv5g12441	FBgn0027950
LDECv5g12453	FBgn0004574
LDECv5g12464	FBgn0029888
LDECv5g12497	FBgn0003480
LDECv5g12514	FBgn0001124
LDECv5g12526	FBgn0051759
LDECv5g12527	FBgn0086442
LDECv5g12560	FBgn0263602
LDECv5g12576	FBgn0011217
LDECv5g12578	FBgn0030306
LDECv5g12580	FBgn0037251
LDECv5g12635	FBgn0030660
LDECv5g12637	FBgn0034963
LDECv5g12698	FBgn0038268
LDECv5g12699	FBgn0031684
LDECv5g12704	FBgn0013720
LDECv5g12726	FBgn0028573
LDECv5g12728	FBgn0086704
LDECv5g12822	FBgn0034372
LDECv5g12824	FBgn0020257
LDECv5g12835	FBgn0003479
LDECv5g12836	FBgn0030731
LDECv5g12842	FBgn0034390
LDECv5g12871	FBgn0033247
LDECv5g12887	FBgn0000559
LDECv5g12897	FBgn0032305
LDECv5g12899	FBgn0035444
LDECv5g12900	FBgn0000153
LDECv5g12924	FBgn0259166
LDECv5g12944	FBgn0039252
LDECv5g12956	FBgn0263072
LDECv5g12975	FBgn0061200
LDECv5g12988	FBgn0041164
LDECv5g12992	FBgn0035532
LDECv5g13021	FBgn0038460
LDECv5g13025	FBgn0037835
LDECv5g13026	FBgn0038951
LDECv5g13038	FBgn0031115
LDECv5g13039	FBgn0034248
LDECv5g13071	FBgn0027498
LDECv5g13093	FBgn0267849
LDECv5g13095	FBgn0027549
LDECv5g13098	FBgn0037483
LDECv5g13099	FBgn0032882
LDECv5g13115	FBgn0035769
LDECv5g13225	FBgn0035601
LDECv5g13245	FBgn0040507
LDECv5g13258	FBgn0050404
LDECv5g13302	FBgn0031054
LDECv5g13328	FBgn0031741
LDECv5g13337	FBgn0027094
LDECv5g13353	FBgn0046222
LDECv5g13360	FBgn0288856
LDECv5g13373	FBgn0032402
LDECv5g13375	FBgn0029969
LDECv5g13377	FBgn0015247
LDECv5g13392	FBgn0032054
LDECv5g13397	FBgn0051224
LDECv5g13417	FBgn0261268
LDECv5g13420	FBgn0031696
LDECv5g13426	FBgn0289650
LDECv5g13435	FBgn0030672
LDECv5g13436	FBgn0031188
LDECv5g13440	FBgn0002778
LDECv5g13454	FBgn0031883
LDECv5g13477	FBgn0287597
LDECv5g13484	FBgn0023515
LDECv5g13493	FBgn0032083
LDECv5g13513	FBgn0031893
LDECv5g13531	FBgn0053172
LDECv5g13532	FBgn0015283
LDECv5g13541	FBgn0011284
LDECv5g13547	FBgn0261983
LDECv5g13554	FBgn0031995
LDECv5g13561	FBgn0051632
LDECv5g13602	FBgn0000422
LDECv5g13615	FBgn0032748
LDECv5g13617	FBgn0038056
LDECv5g13623	FBgn0004811
LDECv5g13659	FBgn0022959
LDECv5g13674	FBgn0037339
LDECv5g13726	FBgn0002787
LDECv5g13729	FBgn0035270
LDECv5g13743	FBgn0032700
LDECv5g13780	FBgn0035964
LDECv5g13793	FBgn0037409
LDECv5g13794	FBgn0037410
LDECv5g13808	FBgn0286976
LDECv5g13866	FBgn0051869
LDECv5g13871	FBgn0036263
LDECv5g13872	FBgn0035260
LDECv5g13982	FBgn0000560
LDECv5g14011	FBgn0035812
LDECv5g14026	FBgn0031235
LDECv5g14062	FBgn0037664
LDECv5g14086	FBgn0266195
LDECv5g14099	FBgn0265174
LDECv5g14102	FBgn0035733
LDECv5g14103	FBgn0035756
LDECv5g14119	FBgn0038542
LDECv5g14144	FBgn0035636
LDECv5g14169	FBgn0035753
LDECv5g14170	FBgn0035853
LDECv5g14190	FBgn0051431
LDECv5g14196	FBgn0264005
LDECv5g14197	FBgn0002941
LDECv5g14203	FBgn0005671
LDECv5g14209	FBgn0285958
LDECv5g14228	FBgn0001108
LDECv5g14267	FBgn0039966
LDECv5g14275	FBgn0033915
LDECv5g14276	FBgn0283649
LDECv5g14281	FBgn0036926
LDECv5g14305	FBgn0034750
LDECv5g14686	FBgn0011763
LDECv5g14688	FBgn0015776
LDECv5g14694	FBgn0040754
LDECv5g14702	FBgn0085440
LDECv5g14738	FBgn0033421
LDECv5g14789	FBgn0035593
LDECv5g14799	FBgn0027507
LDECv5g14882	FBgn0052230
LDECv5g14883	FBgn0016120
LDECv5g14984	FBgn0002719
LDECv5g14986	FBgn0029155
LDECv5g15000	FBgn0034166
LDECv5g15015	FBgn0039132
LDECv5g15043	FBgn0036939
LDECv5g15045	FBgn0038961
LDECv5g15047	FBgn0032005
LDECv5g15048	FBgn0039836
LDECv5g15061	FBgn0039226
LDECv5g15068	FBgn0086254
LDECv5g15101	FBgn0005355
LDECv5g15108	FBgn0029093
LDECv5g15146	FBgn0004885
LDECv5g15166	FBgn0039136
LDECv5g15178	FBgn0039430
LDECv5g15179	FBgn0036915
LDECv5g15198	FBgn0032699
LDECv5g15208	FBgn0039849
LDECv5g15219	FBgn0020907
LDECv5g15238	FBgn0031233
LDECv5g15245	FBgn0038578
LDECv5g15247	FBgn0038570
LDECv5g15276	FBgn0003169
LDECv5g15277	FBgn0038246
LDECv5g15300	FBgn0030613
LDECv5g15302	FBgn0038593
LDECv5g15325	FBgn0003366
LDECv5g15329	FBgn0262866
LDECv5g15400	FBgn0032017
LDECv5g15418	FBgn0011604
LDECv5g15421	FBgn0052204
LDECv5g15425	FBgn0043456
LDECv5g15426	FBgn0032479
LDECv5g15429	FBgn0038683
LDECv5g15439	FBgn0261446
LDECv5g15445	FBgn0004867
LDECv5g15448	FBgn0285949
LDECv5g15458	FBgn0037001
LDECv5g15568	FBgn0030037
LDECv5g00010	FBgn0058470
LDECv5g00015	FBgn0003676
LDECv5g00019	FBgn0051005
LDECv5g00047	FBgn0027296
LDECv5g00054	FBgn0040907
LDECv5g00061	FBgn0039709
LDECv5g00066	FBgn0037989
LDECv5g00067	FBgn0039212
LDECv5g00068	FBgn0001098
LDECv5g00086	FBgn0040234
LDECv5g00095	FBgn0015790
LDECv5g00098	FBgn0032391
LDECv5g00101	FBgn0038662
LDECv5g00107	FBgn0036038
LDECv5g00130	FBgn0030468
LDECv5g00134	FBgn0030101
LDECv5g00139	FBgn0032321
LDECv5g00148	FBgn0032643
LDECv5g00173	FBgn0027378
LDECv5g00174	FBgn0033019
LDECv5g00212	FBgn0051323
LDECv5g00241	FBgn0030408
LDECv5g00242	FBgn0033773
LDECv5g00251	FBgn0031633
LDECv5g00252	FBgn0000283
LDECv5g00264	FBgn0031632
LDECv5g00269	FBgn0086695
LDECv5g00276	FBgn0021944
LDECv5g00278	FBgn0034451
LDECv5g00279	FBgn0036979
LDECv5g00283	FBgn0034938
LDECv5g00288	FBgn0033413
LDECv5g00290	FBgn0035521
LDECv5g00291	FBgn0027082
LDECv5g00294	FBgn0261109
LDECv5g00303	FBgn0032290
LDECv5g00304	FBgn0002917
LDECv5g00305	FBgn0002878
LDECv5g00311	FBgn0087005
LDECv5g00321	FBgn0039116
LDECv5g00333	FBgn0267385
LDECv5g00350	FBgn0002775
LDECv5g00353	FBgn0262123
LDECv5g00354	FBgn0015381
LDECv5g00360	FBgn0011566
LDECv5g00365	FBgn0260944
LDECv5g00368	FBgn0266917
LDECv5g00373	FBgn0037146
LDECv5g00379	FBgn0051547
LDECv5g00381	FBgn0259227
LDECv5g00408	FBgn0038405
LDECv5g00422	FBgn0039156
LDECv5g00424	FBgn0030692
LDECv5g00437	FBgn0036892
LDECv5g00450	FBgn0039479
LDECv5g00459	FBgn0011785
LDECv5g00474	FBgn0050197
LDECv5g00482	FBgn0029718
LDECv5g00489	FBgn0266347
LDECv5g00506	FBgn0003044
LDECv5g00513	FBgn0033973
LDECv5g00522	FBgn0083953
LDECv5g00525	FBgn0037087
LDECv5g00541	FBgn0037657
LDECv5g00552	FBgn0261387
LDECv5g00565	FBgn0031107
LDECv5g00572	FBgn0020513
LDECv5g00580	FBgn0031093
LDECv5g00587	FBgn0038388
LDECv5g00636	FBgn0038569
LDECv5g00638	FBgn0033900
LDECv5g00639	FBgn0010591
LDECv5g00646	FBgn0261284
LDECv5g00656	FBgn0035475
LDECv5g00660	FBgn0036614
LDECv5g00680	FBgn0031097
LDECv5g00685	FBgn0037688
LDECv5g00687	FBgn0028670
LDECv5g00694	FBgn0039149
LDECv5g00728	FBgn0003444
LDECv5g00729	FBgn0283658
LDECv5g00748	FBgn0250862
LDECv5g00751	FBgn0261524
LDECv5g00782	FBgn0033716
LDECv5g00784	FBgn0034442
LDECv5g00794	FBgn0033677
LDECv5g00799	FBgn0034086
LDECv5g00805	FBgn0030801
LDECv5g00806	FBgn0030802
LDECv5g00811	FBgn0032506
LDECv5g00827	FBgn0035228
LDECv5g00839	FBgn0034237
LDECv5g00841	FBgn0034534
LDECv5g00842	FBgn0028707
LDECv5g00844	FBgn0033628
LDECv5g00865	FBgn0015379
LDECv5g00878	FBgn0066303
LDECv5g00879	FBgn0066304
LDECv5g00890	FBgn0036446
LDECv5g00906	FBgn0261112
LDECv5g00907	FBgn0032160
LDECv5g00918	FBgn0033158
LDECv5g00944	FBgn0035258
LDECv5g00947	FBgn0029980
LDECv5g00948	FBgn0027779
LDECv5g00962	FBgn0027616
LDECv5g00969	FBgn0013325
LDECv5g00982	FBgn0030878
LDECv5g00983	FBgn0031544
LDECv5g00990	FBgn0032001
LDECv5g00991	FBgn0034918
LDECv5g00997	FBgn0035833
LDECv5g01002	FBgn0283659
LDECv5g01004	FBgn0010213
LDECv5g01006	FBgn0034481
LDECv5g01010	FBgn0043002
LDECv5g01014	FBgn0031490
LDECv5g01029	FBgn0050290
LDECv5g01053	FBgn0040732
LDECv5g01054	FBgn0034876
LDECv5g01065	FBgn0038676
LDECv5g01081	FBgn0033608
LDECv5g01089	FBgn0001961
LDECv5g01101	FBgn0010414
LDECv5g01105	FBgn0036121
LDECv5g01106	FBgn0039859
LDECv5g01124	FBgn0036386
LDECv5g01135	FBgn0037874
LDECv5g01152	FBgn0036448
LDECv5g01167	FBgn0032725
LDECv5g01176	FBgn0031975
LDECv5g01182	FBgn0031457
LDECv5g01183	FBgn0002183
LDECv5g01186	FBgn0033672
LDECv5g01187	FBgn0038771
LDECv5g01195	FBgn0002936
LDECv5g01203	FBgn0030310
LDECv5g01211	FBgn0020294
LDECv5g01215	FBgn0035379
LDECv5g01216	FBgn0010350
LDECv5g01217	FBgn0035983
LDECv5g01219	FBgn0263601
LDECv5g01293	FBgn0287225
LDECv5g01300	FBgn0264744
LDECv5g01302	FBgn0033918
LDECv5g01319	FBgn0031361
LDECv5g01330	FBgn0002431
LDECv5g01331	FBgn0265082
LDECv5g01356	FBgn0032880
LDECv5g01370	FBgn0035050
LDECv5g01371	FBgn0086253
LDECv5g01394	FBgn0038586
LDECv5g01401	FBgn0004837
LDECv5g01402	FBgn0002887
LDECv5g01404	FBgn0025809
LDECv5g01408	FBgn0011692
LDECv5g01410	FBgn0261599
LDECv5g01412	FBgn0013753
LDECv5g01418	FBgn0003975
LDECv5g01422	FBgn0286070
LDECv5g01424	FBgn0015925
LDECv5g01428	FBgn0032612
LDECv5g01436	FBgn0051612
LDECv5g01449	FBgn0033570
LDECv5g01480	FBgn0035021
LDECv5g01482	FBgn0034136
LDECv5g01483	FBgn0036096
LDECv5g01487	FBgn0289579
LDECv5g01500	FBgn0000527
LDECv5g01530	FBgn0010383
LDECv5g01531	FBgn0030640
LDECv5g01535	FBgn0020497
LDECv5g01536	FBgn0031700
LDECv5g01537	FBgn0037779
LDECv5g01547	FBgn0031266
LDECv5g01571	FBgn0033389
LDECv5g01575	FBgn0086694
LDECv5g01583	FBgn0003996
LDECv5g01584	FBgn0003515
LDECv5g01597	FBgn0035232
LDECv5g01603	FBgn0031596
LDECv5g01640	FBgn0005585
LDECv5g01642	FBgn0035435
LDECv5g01643	FBgn0024993
LDECv5g01645	FBgn0032846
LDECv5g01647	FBgn0033087
LDECv5g01674	FBgn0032042
LDECv5g01675	FBgn0025463
LDECv5g01690	FBgn0034366
LDECv5g01701	FBgn0010423
LDECv5g01713	FBgn0011836
LDECv5g01743	FBgn0035714
LDECv5g01762	FBgn0001989
LDECv5g01763	FBgn0260857
LDECv5g01776	FBgn0037202
LDECv5g01778	FBgn0287182
LDECv5g01787	FBgn0033092
LDECv5g01806	FBgn0259200
LDECv5g01830	FBgn0028484
LDECv5g01846	FBgn0024556
LDECv5g01857	FBgn0036761
LDECv5g01867	FBgn0026372
LDECv5g01885	FBgn0037383
LDECv5g01890	FBgn0033089
LDECv5g01894	FBgn0032289
LDECv5g01898	FBgn0029594
LDECv5g01905	FBgn0031145
LDECv5g01911	FBgn0024222
LDECv5g01918	FBgn0013348
LDECv5g01925	FBgn0031268
LDECv5g01950	FBgn0023519
LDECv5g01965	FBgn0053110
LDECv5g01975	FBgn0001168
LDECv5g01985	FBgn0038870
LDECv5g01988	FBgn0004583
LDECv5g01991	FBgn0040038
LDECv5g02012	FBgn0051121
LDECv5g02023	FBgn0015286
LDECv5g02026	FBgn0010926
LDECv5g02027	FBgn0037242
LDECv5g02051	FBgn0031287
LDECv5g02056	FBgn0027518
LDECv5g02060	FBgn0034921
LDECv5g02063	FBgn0022023
LDECv5g02067	FBgn0002573
LDECv5g02071	FBgn0038302
LDECv5g02079	FBgn0086693
LDECv5g02086	FBgn0033021
LDECv5g02087	FBgn0050441
LDECv5g02095	FBgn0038428
LDECv5g02098	FBgn0033017
LDECv5g02103	FBgn0034793
LDECv5g02107	FBgn0017457
LDECv5g02171	FBgn0259718
LDECv5g02185	FBgn0035626
LDECv5g02193	FBgn0010282
LDECv5g02195	FBgn0005654
LDECv5g02224	FBgn0036336
LDECv5g02225	FBgn0020388
LDECv5g02233	FBgn0263930
LDECv5g02247	FBgn0052668
LDECv5g02248	FBgn0033661
LDECv5g02256	FBgn0033735
LDECv5g02279	FBgn0035134
LDECv5g02283	FBgn0029708
LDECv5g02305	FBgn0036031
LDECv5g02309	FBgn0052672
LDECv5g02313	FBgn0040077
LDECv5g02318	FBgn0034435
LDECv5g02328	FBgn0030474
LDECv5g02329	FBgn0003559
LDECv5g02333	FBgn0058006
LDECv5g02340	FBgn0052022
LDECv5g02359	FBgn0025712
LDECv5g02371	FBgn0035244
LDECv5g02377	FBgn0015793
LDECv5g02378	FBgn0035865
LDECv5g02382	FBgn0039117
LDECv5g02396	FBgn0003227
LDECv5g02412	FBgn0024912
LDECv5g02413	FBgn0001965
LDECv5g02420	FBgn0037162
LDECv5g02426	FBgn0284246
LDECv5g02470	FBgn0034937
LDECv5g02475	FBgn0037544
LDECv5g02489	FBgn0030592
LDECv5g02494	FBgn0030588
LDECv5g02509	FBgn0031317
LDECv5g02513	FBgn0037917
LDECv5g02514	FBgn0033653
LDECv5g02517	FBgn0030100
LDECv5g02527	FBgn0025686
LDECv5g02531	FBgn0023534
LDECv5g02546	FBgn0035281
LDECv5g02572	FBgn0015522
LDECv5g02574	FBgn0030067
LDECv5g02598	FBgn0053198
LDECv5g02606	FBgn0037543
LDECv5g02607	FBgn0026143
LDECv5g02609	FBgn0029709
LDECv5g02612	FBgn0029942
LDECv5g02632	FBgn0035440
LDECv5g02643	FBgn0283438
LDECv5g02644	FBgn0053170
LDECv5g02645	FBgn0037199
LDECv5g02650	FBgn0286222
LDECv5g02663	FBgn0051075
LDECv5g02666	FBgn0030122
LDECv5g02675	FBgn0004897
LDECv5g02678	FBgn0031981
LDECv5g02695	FBgn0032682
LDECv5g02703	FBgn0031971
LDECv5g02706	FBgn0290418
LDECv5g02708	FBgn0287585
LDECv5g02709	FBgn0032246
LDECv5g02749	FBgn0032077
LDECv5g02755	FBgn0031060
LDECv5g02761	FBgn0028894
LDECv5g02762	FBgn0031458
LDECv5g02783	FBgn0032221
LDECv5g02798	FBgn0013810
LDECv5g02821	FBgn0037153
LDECv5g02827	FBgn0004552
LDECv5g02829	FBgn0036819
LDECv5g02834	FBgn0034869
LDECv5g02849	FBgn0035155
LDECv5g02851	FBgn0039408
LDECv5g02857	FBgn0031098
LDECv5g02866	FBgn0052506
LDECv5g02869	FBgn0052533
LDECv5g02874	FBgn0039718
LDECv5g02877	FBgn0038828
LDECv5g02881	FBgn0038309
LDECv5g02904	FBgn0029858
LDECv5g02914	FBgn0290109
LDECv5g02932	FBgn0001255
LDECv5g02936	FBgn0038369
LDECv5g02954	FBgn0031764
LDECv5g02985	FBgn0037713
LDECv5g02993	FBgn0013726
LDECv5g03001	FBgn0035235
LDECv5g03003	FBgn0287696
LDECv5g03007	FBgn0029167
LDECv5g03019	FBgn0030616
LDECv5g03023	FBgn0036849
LDECv5g03027	FBgn0036299
LDECv5g03030	FBgn0036850
LDECv5g03031	FBgn0038922
LDECv5g03032	FBgn0003310
LDECv5g03034	FBgn0260648
LDECv5g03051	FBgn0030058
LDECv5g03144	FBgn0035540
LDECv5g03154	FBgn0030600
LDECv5g03183	FBgn0039184
LDECv5g03208	FBgn0035942
LDECv5g03214	FBgn0052183
LDECv5g03222	FBgn0035254
LDECv5g03229	FBgn0036928
LDECv5g03230	FBgn0036918
LDECv5g03234	FBgn0283531
LDECv5g03236	FBgn0027055
LDECv5g03237	FBgn0035436
LDECv5g03241	FBgn0037712
LDECv5g03242	FBgn0283427
LDECv5g03251	FBgn0033769
LDECv5g03252	FBgn0039420
LDECv5g03256	FBgn0033240
LDECv5g03257	FBgn0026702
LDECv5g03270	FBgn0037241
LDECv5g03278	FBgn0030026
LDECv5g03293	FBgn0030853
LDECv5g03297	FBgn0005695
LDECv5g03302	FBgn0023521
LDECv5g03303	FBgn0033265
LDECv5g03309	FBgn0036236
LDECv5g03314	FBgn0030456
LDECv5g03329	FBgn0032924
LDECv5g03330	FBgn0029958
LDECv5g03333	FBgn0283469
LDECv5g03337	FBgn0031777
LDECv5g03351	FBgn0027844
LDECv5g03360	FBgn0010329
LDECv5g03391	FBgn0036725
LDECv5g03395	FBgn0034083
LDECv5g03397	FBgn0029681
LDECv5g03398	FBgn0264855
LDECv5g03399	FBgn0034432
LDECv5g03401	FBgn0039915
LDECv5g03402	FBgn0039937
LDECv5g03414	FBgn0041588
LDECv5g03435	FBgn0032191
LDECv5g03445	FBgn0036780
LDECv5g03448	FBgn0020300
LDECv5g03457	FBgn0033692
LDECv5g03466	FBgn0000180
LDECv5g03472	FBgn0029118
LDECv5g03482	FBgn0019830
LDECv5g03490	FBgn0033391
LDECv5g03493	FBgn0003651
LDECv5g03504	FBgn0038855
LDECv5g03514	FBgn0024909
LDECv5g03515	FBgn0035504
LDECv5g03516	FBgn0035505
LDECv5g03518	FBgn0003710
LDECv5g03522	FBgn0037315
LDECv5g03524	FBgn0051973
LDECv5g03546	FBgn0025678
LDECv5g03551	FBgn0260655
LDECv5g03573	FBgn0033766
LDECv5g03575	FBgn0041191
LDECv5g03577	FBgn0283509
LDECv5g03579	FBgn0000038
LDECv5g03597	FBgn0038948
LDECv5g03598	FBgn0033260
LDECv5g03610	FBgn0051999
LDECv5g03614	FBgn0003892
LDECv5g03662	FBgn0034572
LDECv5g03746	FBgn0032230
LDECv5g03766	FBgn0086359
LDECv5g03768	FBgn0289933
LDECv5g03769	FBgn0039339
LDECv5g03791	FBgn0283494
LDECv5g03833	FBgn0031877
LDECv5g03838	FBgn0030891
LDECv5g03847	FBgn0051221
LDECv5g03860	FBgn0083967
LDECv5g03868	FBgn0002283
LDECv5g03875	FBgn0002924
LDECv5g03886	FBgn0037240
LDECv5g03892	FBgn0051460
LDECv5g03900	FBgn0267428
LDECv5g03905	FBgn0029088
LDECv5g03906	FBgn0030559
LDECv5g03910	FBgn0265178
LDECv5g03912	FBgn0003486
LDECv5g03919	FBgn0011770
LDECv5g03928	FBgn0261445
LDECv5g03937	FBgn0025740
LDECv5g03952	FBgn0038100
LDECv5g03954	FBgn0032209
LDECv5g03967	FBgn0035480
LDECv5g03969	FBgn0041248
LDECv5g03973	FBgn0024245
LDECv5g03976	FBgn0011236
LDECv5g03978	FBgn0033426
LDECv5g03989	FBgn0038545
LDECv5g03990	FBgn0002783
LDECv5g03999	FBgn0033483
LDECv5g04020	FBgn0037374
LDECv5g04021	FBgn0033028
LDECv5g04034	FBgn0011653
LDECv5g04035	FBgn0025741
LDECv5g04041	FBgn0020764
LDECv5g04048	FBgn0037766
LDECv5g04054	FBgn0034982
LDECv5g04059	FBgn0038596
LDECv5g04094	FBgn0035371
LDECv5g04099	FBgn0033259
LDECv5g04101	FBgn0031217
LDECv5g04103	FBgn0262515
LDECv5g04112	FBgn0029849
LDECv5g04128	FBgn0029756
LDECv5g04129	FBgn0027568
LDECv5g04147	FBgn0030507
LDECv5g04162	FBgn0051159
LDECv5g04165	FBgn0000120
LDECv5g04167	FBgn0263979
LDECv5g04172	FBgn0283652
LDECv5g04175	FBgn0029514
LDECv5g04179	FBgn0037328
LDECv5g04238	FBgn0035091
LDECv5g04245	FBgn0039730
LDECv5g04251	FBgn0038686
LDECv5g04263	FBgn0264672
LDECv5g04270	FBgn0034142
LDECv5g04276	FBgn0030648
LDECv5g04278	FBgn0037902
LDECv5g04288	FBgn0038540
LDECv5g04290	FBgn0004856
LDECv5g04292	FBgn0032298
LDECv5g04304	FBgn0028978
LDECv5g04305	FBgn0031771
LDECv5g04315	FBgn0035526
LDECv5g04349	FBgn0053002
LDECv5g04359	FBgn0002521
LDECv5g04368	FBgn0030996
LDECv5g04376	FBgn0037943
LDECv5g04391	FBgn0010516
LDECv5g04418	FBgn0011737
LDECv5g04419	FBgn0039923
LDECv5g04420	FBgn0033468
LDECv5g04423	FBgn0029094
LDECv5g04429	FBgn0263005
LDECv5g04442	FBgn0000529
LDECv5g04449	FBgn0038695
LDECv5g04451	FBgn0000562
LDECv5g04459	FBgn0030670
LDECv5g04466	FBgn0035676
LDECv5g04467	FBgn0022768
LDECv5g04489	FBgn0000032
LDECv5g04517	FBgn0045038
LDECv5g04520	FBgn0010417
LDECv5g04522	FBgn0266053
LDECv5g04530	FBgn0038871
LDECv5g04537	FBgn0028429
LDECv5g04549	FBgn0050053
LDECv5g04556	FBgn0004003
LDECv5g04572	FBgn0034517
LDECv5g04577	FBgn0032979
LDECv5g04585	FBgn0037324
LDECv5g04592	FBgn0001112
LDECv5g04598	FBgn0014464
LDECv5g04599	FBgn0023506
LDECv5g04600	FBgn0021767
LDECv5g04604	FBgn0039417
LDECv5g04609	FBgn0040070
LDECv5g04613	FBgn0033031
LDECv5g04622	FBgn0032517
LDECv5g04624	FBgn0038387
LDECv5g04625	FBgn0033100
LDECv5g04629	FBgn0050104
LDECv5g04637	FBgn0011659
LDECv5g04642	FBgn0032407
LDECv5g04660	FBgn0025549
LDECv5g04676	FBgn0243511
LDECv5g04677	FBgn0033033
LDECv5g04683	FBgn0037213
LDECv5g04687	FBgn0086384
LDECv5g04694	FBgn0002922
LDECv5g04705	FBgn0037356
LDECv5g04706	FBgn0017545
LDECv5g04719	FBgn0025807
LDECv5g04720	FBgn0034455
LDECv5g04735	FBgn0028691
LDECv5g04738	FBgn0020626
LDECv5g04743	FBgn0283477
LDECv5g04744	FBgn0031282
LDECv5g04749	FBgn0264561
LDECv5g04752	FBgn0083986
LDECv5g04756	FBgn0031999
LDECv5g04758	FBgn0001233
LDECv5g04763	FBgn0035643
LDECv5g04775	FBgn0036287
LDECv5g04776	FBgn0034641
LDECv5g04777	FBgn0021768
LDECv5g04783	FBgn0032879
LDECv5g04797	FBgn0266346
LDECv5g04805	FBgn0032848
LDECv5g04806	FBgn0029814
LDECv5g04834	FBgn0031945
LDECv5g04840	FBgn0014455
LDECv5g04861	FBgn0034270
LDECv5g04871	FBgn0031298
LDECv5g04872	FBgn0041100
LDECv5g04879	FBgn0025839
LDECv5g04888	FBgn0032428
LDECv5g04889	FBgn0031344
LDECv5g04892	FBgn0029999
LDECv5g04914	FBgn0032195
LDECv5g04921	FBgn0038425
LDECv5g04928	FBgn0051146
LDECv5g04935	FBgn0003460
LDECv5g04947	FBgn0028479
LDECv5g04949	FBgn0036763
LDECv5g04953	FBgn0037255
LDECv5g04956	FBgn0032378
LDECv5g04974	FBgn0034529
LDECv5g04976	FBgn0040020
LDECv5g04979	FBgn0035140
LDECv5g05013	FBgn0262719
LDECv5g05027	FBgn0031036
LDECv5g05032	FBgn0288846
LDECv5g05034	FBgn0023214
LDECv5g05043	FBgn0038271
LDECv5g05053	FBgn0263200
LDECv5g05057	FBgn0035400
LDECv5g05087	FBgn0039039
LDECv5g05094	FBgn0052544
LDECv5g05114	FBgn0001330
LDECv5g05123	FBgn0000063
LDECv5g05124	FBgn0031913
LDECv5g05149	FBgn0029929
LDECv5g05150	FBgn0031918
LDECv5g05168	FBgn0042134
LDECv5g05169	FBgn0011708
LDECv5g05170	FBgn0264978
LDECv5g05180	FBgn0039702
LDECv5g05192	FBgn0029587
LDECv5g05231	FBgn0034703
LDECv5g05233	FBgn0029711
LDECv5g05236	FBgn0038760
LDECv5g05310	FBgn0027560
LDECv5g05322	FBgn0038057
LDECv5g05353	FBgn0028841
LDECv5g05365	FBgn0004406
LDECv5g05381	FBgn0031304
LDECv5g05400	FBgn0051950
LDECv5g05417	FBgn0024182
LDECv5g05428	FBgn0261016
LDECv5g05438	FBgn0034184
LDECv5g05439	FBgn0027574
LDECv5g05458	FBgn0010621
LDECv5g05459	FBgn0036341
LDECv5g05489	FBgn0029914
LDECv5g05492	FBgn0030941
LDECv5g05558	FBgn0032008
LDECv5g05562	FBgn0025638
LDECv5g05563	FBgn0029976
LDECv5g05567	FBgn0030707
LDECv5g05573	FBgn0023529
LDECv5g05576	FBgn0035951
LDECv5g05589	FBgn0259818
LDECv5g05646	FBgn0032192
LDECv5g05647	FBgn0038306
LDECv5g05656	FBgn0260775
LDECv5g05658	FBgn0028471
LDECv5g05690	FBgn0026403
LDECv5g05701	FBgn0031505
LDECv5g05711	FBgn0050410
LDECv5g05712	FBgn0039799
LDECv5g05728	FBgn0015399
LDECv5g05747	FBgn0020312
LDECv5g05749	FBgn0024361
LDECv5g05759	FBgn0085265
LDECv5g05760	FBgn0039172
LDECv5g05768	FBgn0036773
LDECv5g05779	FBgn0036932
LDECv5g05827	FBgn0034085
LDECv5g05829	FBgn0003950
LDECv5g05839	FBgn0003714
LDECv5g05854	FBgn0039301
LDECv5g05856	FBgn0031051
LDECv5g05877	FBgn0034060
LDECv5g05878	FBgn0038307
LDECv5g05881	FBgn0030655
LDECv5g05884	FBgn0031061
LDECv5g05887	FBgn0030485
LDECv5g05896	FBgn0025336
LDECv5g05907	FBgn0036377
LDECv5g05911	FBgn0262782
LDECv5g05912	FBgn0038811
LDECv5g05927	FBgn0029833
LDECv5g05938	FBgn0030788
LDECv5g05939	FBgn0030789
LDECv5g05940	FBgn0033431
LDECv5g05965	FBgn0026015
LDECv5g05966	FBgn0000404
LDECv5g05984	FBgn0037721
LDECv5g05989	FBgn0029800
LDECv5g05990	FBgn0035425
LDECv5g06005	FBgn0260817
LDECv5g06011	FBgn0031602
LDECv5g06017	FBgn0029838
LDECv5g06030	FBgn0030304
LDECv5g06047	FBgn0085220
LDECv5g06051	FBgn0030246
LDECv5g06052	FBgn0025625
LDECv5g06090	FBgn0031977
LDECv5g06113	FBgn0038166
LDECv5g06131	FBgn0037140
LDECv5g06152	FBgn0013770
LDECv5g06166	FBgn0024732
LDECv5g06171	FBgn0033654
LDECv5g06178	FBgn0015589
LDECv5g06200	FBgn0030806
LDECv5g06212	FBgn0011769
LDECv5g06213	FBgn0011455
LDECv5g06220	FBgn0021847
LDECv5g06223	FBgn0002891
LDECv5g06227	FBgn0038065
LDECv5g06228	FBgn0036575
LDECv5g06234	FBgn0038868
LDECv5g06242	FBgn0031752
LDECv5g06244	FBgn0031820
LDECv5g06253	FBgn0037638
LDECv5g06259	FBgn0027841
LDECv5g06260	FBgn0052707
LDECv5g06266	FBgn0033782
LDECv5g06269	FBgn0086370
LDECv5g06270	FBgn0038407
LDECv5g06277	FBgn0033351
LDECv5g06285	FBgn0031799
LDECv5g06293	FBgn0001296
LDECv5g06296	FBgn0030742
LDECv5g06301	FBgn0039115
LDECv5g06313	FBgn0029937
LDECv5g06314	FBgn0266186
LDECv5g06323	FBgn0065035
LDECv5g06356	FBgn0036184
LDECv5g06371	FBgn0050394
LDECv5g06391	FBgn0267790
LDECv5g06403	FBgn0086768
LDECv5g06404	FBgn0042135
LDECv5g06413	FBgn0039531
LDECv5g06415	FBgn0024329
LDECv5g06423	FBgn0002899
LDECv5g06430	FBgn0266099
LDECv5g06440	FBgn0001325
LDECv5g06442	FBgn0033902
LDECv5g06446	FBgn0083960
LDECv5g06450	FBgn0023537
LDECv5g06459	FBgn0039215
LDECv5g06461	FBgn0052446
LDECv5g06464	FBgn0030669
LDECv5g06466	FBgn0001149
LDECv5g06468	FBgn0029688
LDECv5g06469	FBgn0030218
LDECv5g06495	FBgn0031428
LDECv5g06502	FBgn0030341
LDECv5g06507	FBgn0017590
LDECv5g06511	FBgn0021750
LDECv5g06518	FBgn0010317
LDECv5g06532	FBgn0036856
LDECv5g06542	FBgn0037467
LDECv5g06569	FBgn0034282
LDECv5g06570	FBgn0286508
LDECv5g06575	FBgn0030321
LDECv5g06578	FBgn0262517
LDECv5g06580	FBgn0026309
LDECv5g06598	FBgn0040066
LDECv5g06604	FBgn0038531
LDECv5g06605	FBgn0031312
LDECv5g06610	FBgn0039337
LDECv5g06628	FBgn0004854
LDECv5g06631	FBgn0260446
LDECv5g06640	FBgn0004381
LDECv5g06641	FBgn0024889
LDECv5g06654	FBgn0284253
LDECv5g06655	FBgn0026566
LDECv5g06688	FBgn0000447
LDECv5g06715	FBgn0286781
LDECv5g06720	FBgn0032168
LDECv5g06727	FBgn0030434
LDECv5g06732	FBgn0051961
LDECv5g06734	FBgn0288857
LDECv5g06739	FBgn0004507
LDECv5g06743	FBgn0001994
LDECv5g06745	FBgn0040389
LDECv5g06774	FBgn0051559
LDECv5g06777	FBgn0013972
LDECv5g06778	FBgn0036214
LDECv5g06810	FBgn0001084
LDECv5g06811	FBgn0033607
LDECv5g06817	FBgn0040985
LDECv5g06818	FBgn0010287
LDECv5g06822	FBgn0035993
LDECv5g06860	FBgn0031357
LDECv5g06869	FBgn0030245
LDECv5g06870	FBgn0021875
LDECv5g06879	FBgn0031456
LDECv5g06884	FBgn0031980
LDECv5g06906	FBgn0010398
LDECv5g06911	FBgn0037878
LDECv5g06922	FBgn0036769
LDECv5g06925	FBgn0266570
LDECv5g06957	FBgn0036565
LDECv5g06966	FBgn0029819
LDECv5g06968	FBgn0030518
LDECv5g06986	FBgn0052638
LDECv5g07004	FBgn0031397
LDECv5g07006	FBgn0032860
LDECv5g07009	FBgn0261938
LDECv5g07017	FBgn0261610
LDECv5g07028	FBgn0032249
LDECv5g07038	FBgn0036891
LDECv5g07060	FBgn0027491
LDECv5g07068	FBgn0032707
LDECv5g07070	FBgn0027558
LDECv5g07073	FBgn0032883
LDECv5g07083	FBgn0032341
LDECv5g07094	FBgn0017566
LDECv5g07095	FBgn0028737
LDECv5g07114	FBgn0038420
LDECv5g07118	FBgn0025885
LDECv5g07119	FBgn0014032
LDECv5g07125	FBgn0044511
LDECv5g07131	FBgn0031267
LDECv5g07136	FBgn0085369
LDECv5g07141	FBgn0032731
LDECv5g07142	FBgn0261274
LDECv5g07144	FBgn0027054
LDECv5g07150	FBgn0285952
LDECv5g07155	FBgn0260049
LDECv5g07181	FBgn0040296
LDECv5g07215	FBgn0052251
LDECv5g07221	FBgn0086472
LDECv5g07231	FBgn0037369
LDECv5g07289	FBgn0034753
LDECv5g07291	FBgn0031904
LDECv5g07296	FBgn0016047
LDECv5g07298	FBgn0025373
LDECv5g07350	FBgn0051051
LDECv5g07360	FBgn0052250
LDECv5g07368	FBgn0035026
LDECv5g07372	FBgn0014009
LDECv5g07426	FBgn0010531
LDECv5g07470	FBgn0031713
LDECv5g07477	FBgn0039527
LDECv5g07478	FBgn0036804
LDECv5g07486	FBgn0031497
LDECv5g07487	FBgn0266580
LDECv5g07489	FBgn0027525
LDECv5g07494	FBgn0086657
LDECv5g07497	FBgn0032216
LDECv5g07503	FBgn0036505
LDECv5g07516	FBgn0032582
LDECv5g07519	FBgn0034503
LDECv5g07520	FBgn0034521
LDECv5g07523	FBgn0038576
LDECv5g07524	FBgn0014906
LDECv5g07525	FBgn0034902
LDECv5g07532	FBgn0031816
LDECv5g07537	FBgn0035430
LDECv5g07541	FBgn0035845
LDECv5g07546	FBgn0024509
LDECv5g07548	FBgn0264326
LDECv5g07551	FBgn0040666
LDECv5g07584	FBgn0033528
LDECv5g07590	FBgn0035428
LDECv5g07596	FBgn0262116
LDECv5g07608	FBgn0039141
LDECv5g07610	FBgn0086368
LDECv5g07617	FBgn0039126
LDECv5g07631	FBgn0021995
LDECv5g07634	FBgn0034391
LDECv5g07641	FBgn0050172
LDECv5g07645	FBgn0046114
LDECv5g07646	FBgn0038156
LDECv5g07658	FBgn0260990
LDECv5g07665	FBgn0038788
LDECv5g07685	FBgn0067317
LDECv5g07693	FBgn0032431
LDECv5g07710	FBgn0034585
LDECv5g07714	FBgn0021967
LDECv5g07719	FBgn0260862
LDECv5g07752	FBgn0034299
LDECv5g07754	FBgn0041097
LDECv5g07759	FBgn0030529
LDECv5g07770	FBgn0032261
LDECv5g07772	FBgn0034501
LDECv5g07782	FBgn0035420
LDECv5g07784	FBgn0025621
LDECv5g07792	FBgn0031815
LDECv5g07820	FBgn0003386
LDECv5g07830	FBgn0028436
LDECv5g07831	FBgn0027342
LDECv5g07846	FBgn0051184
LDECv5g07853	FBgn0038805
LDECv5g07867	FBgn0002931
LDECv5g07885	FBgn0030289
LDECv5g07896	FBgn0085224
LDECv5g07897	FBgn0033686
LDECv5g07927	FBgn0037653
LDECv5g07929	FBgn0038806
LDECv5g07933	FBgn0284442
LDECv5g07935	FBgn0033473
LDECv5g07936	FBgn0050499
LDECv5g07941	FBgn0029925
LDECv5g07948	FBgn0037980
LDECv5g07954	FBgn0030354
LDECv5g07966	FBgn0035923
LDECv5g07969	FBgn0053180
LDECv5g07973	FBgn0001220
LDECv5g07990	FBgn0037606
LDECv5g07993	FBgn0086362
LDECv5g07994	FBgn0036696
LDECv5g08006	FBgn0039756
LDECv5g08015	FBgn0037788
LDECv5g08018	FBgn0285950
LDECv5g08019	FBgn0052441
LDECv5g08020	FBgn0086443
LDECv5g08024	FBgn0038880
LDECv5g08030	FBgn0031906
LDECv5g08033	FBgn0011768
LDECv5g08034	FBgn0038746
LDECv5g08051	FBgn0259215
LDECv5g08061	FBgn0038163
LDECv5g08074	FBgn0032536
LDECv5g08079	FBgn0028902
LDECv5g08084	FBgn0085271
LDECv5g08112	FBgn0038641
LDECv5g08116	FBgn0027562
LDECv5g08117	FBgn0038447
LDECv5g08120	FBgn0039130
LDECv5g08125	FBgn0038446
LDECv5g08129	FBgn0003334
LDECv5g08133	FBgn0035145
LDECv5g08138	FBgn0263977
LDECv5g08143	FBgn0034879
LDECv5g08151	FBgn0036814
LDECv5g08165	FBgn0034743
LDECv5g08173	FBgn0038510
LDECv5g08175	FBgn0035169
LDECv5g08176	FBgn0031848
LDECv5g08177	FBgn0039635
LDECv5g08191	FBgn0025742
LDECv5g08241	FBgn0034580
LDECv5g08243	FBgn0037710
LDECv5g08331	FBgn0033550
LDECv5g08332	FBgn0000996
LDECv5g08342	FBgn0028327
LDECv5g08354	FBgn0264922
LDECv5g08355	FBgn0039218
LDECv5g08358	FBgn0250814
LDECv5g08360	FBgn0039638
LDECv5g08383	FBgn0003149
LDECv5g08390	FBgn0040087
LDECv5g08403	FBgn0035581
LDECv5g08407	FBgn0032021
LDECv5g08417	FBgn0052103
LDECv5g08456	FBgn0027611
LDECv5g08461	FBgn0016684
LDECv5g08478	FBgn0034350
LDECv5g08495	FBgn0050373
LDECv5g08497	FBgn0020910
LDECv5g08498	FBgn0030269
LDECv5g08509	FBgn0052699
LDECv5g08531	FBgn0267976
LDECv5g08539	FBgn0036454
LDECv5g08548	FBgn0032701
LDECv5g08564	FBgn0036740
LDECv5g08566	FBgn0002577
LDECv5g08572	FBgn0031528
LDECv5g08577	FBgn0015000
LDECv5g08578	FBgn0032465
LDECv5g08591	FBgn0035464
LDECv5g08604	FBgn0041706
LDECv5g08618	FBgn0034537
LDECv5g08624	FBgn0030704
LDECv5g08625	FBgn0283536
LDECv5g08628	FBgn0028500
LDECv5g08629	FBgn0034563
LDECv5g08631	FBgn0027569
LDECv5g08632	FBgn0034012
LDECv5g08634	FBgn0033699
LDECv5g08649	FBgn0250838
LDECv5g08663	FBgn0040726
LDECv5g08664	FBgn0034546
LDECv5g08666	FBgn0037736
LDECv5g08674	FBgn0034081
LDECv5g08675	FBgn0061198
LDECv5g08677	FBgn0026713
LDECv5g08685	FBgn0000577
LDECv5g08734	FBgn0026565
LDECv5g08748	FBgn0033358
LDECv5g08759	FBgn0005638
LDECv5g08762	FBgn0034999
LDECv5g08772	FBgn0034314
LDECv5g08786	FBgn0029134
LDECv5g08804	FBgn0038198
LDECv5g08817	FBgn0034709
LDECv5g08822	FBgn0265139
LDECv5g08830	FBgn0034707
LDECv5g08841	FBgn0034070
LDECv5g08846	FBgn0034032
LDECv5g08847	FBgn0033578
LDECv5g08864	FBgn0015799
LDECv5g08910	FBgn0050491
LDECv5g08911	FBgn0286852
LDECv5g08945	FBgn0035592
LDECv5g08966	FBgn0037751
LDECv5g08967	FBgn0037749
LDECv5g08972	FBgn0261999
LDECv5g08980	FBgn0027607
LDECv5g08985	FBgn0011276
LDECv5g09010	FBgn0032000
LDECv5g09031	FBgn0038300
LDECv5g09038	FBgn0015544
LDECv5g09040	FBgn0015929
LDECv5g09043	FBgn0032596
LDECv5g09045	FBgn0262624
LDECv5g09049	FBgn0050044
LDECv5g09052	FBgn0032512
LDECv5g09072	FBgn0041250
LDECv5g09076	FBgn0037960
LDECv5g09086	FBgn0051368
LDECv5g09088	FBgn0043455
LDECv5g09125	FBgn0262166
LDECv5g09167	FBgn0034943
LDECv5g09170	FBgn0037610
LDECv5g09175	FBgn0266411
LDECv5g09183	FBgn0261270
LDECv5g09184	FBgn0026326
LDECv5g09236	FBgn0037580
LDECv5g09237	FBgn0039451
LDECv5g09273	FBgn0260866
LDECv5g09276	FBgn0266711
LDECv5g09281	FBgn0083984
LDECv5g09290	FBgn0259174
LDECv5g09293	FBgn0033179
LDECv5g09295	FBgn0031950
LDECv5g09296	FBgn0036289
LDECv5g09311	FBgn0287825
LDECv5g09316	FBgn0267972
LDECv5g09321	FBgn0035477
LDECv5g09322	FBgn0259878
LDECv5g09337	FBgn0035577
LDECv5g09356	FBgn0034802
LDECv5g09362	FBgn0029121
LDECv5g09371	FBgn0037973
LDECv5g09378	FBgn0263911
LDECv5g09400	FBgn0025800
LDECv5g09401	FBgn0003941
LDECv5g09408	FBgn0037578
LDECv5g09419	FBgn0034446
LDECv5g09437	FBgn0032997
LDECv5g09442	FBgn0038499
LDECv5g09449	FBgn0034242
LDECv5g09458	FBgn0038876
LDECv5g09463	FBgn0259226
LDECv5g09471	FBgn0020272
LDECv5g09473	FBgn0053193
LDECv5g09478	FBgn0004580
LDECv5g09479	FBgn0032166
LDECv5g09480	FBgn0000077
LDECv5g09483	FBgn0039876
LDECv5g09484	FBgn0033549
LDECv5g09489	FBgn0037358
LDECv5g09491	FBgn0033050
LDECv5g09499	FBgn0003744
LDECv5g09501	FBgn0004865
LDECv5g09514	FBgn0050016
LDECv5g09519	FBgn0011327
LDECv5g09539	FBgn0035318
LDECv5g09542	FBgn0052365
LDECv5g09546	FBgn0052369
LDECv5g09561	FBgn0028411
LDECv5g09564	FBgn0032480
LDECv5g09571	FBgn0038704
LDECv5g09574	FBgn0002948
LDECv5g09576	FBgn0033547
LDECv5g09579	FBgn0037184
LDECv5g09593	FBgn0035249
LDECv5g09600	FBgn0042712
LDECv5g09602	FBgn0263832
LDECv5g09616	FBgn0029693
LDECv5g09623	FBgn0037843
LDECv5g09624	FBgn0025878
LDECv5g09633	FBgn0286980
LDECv5g09662	FBgn0036356
LDECv5g09683	FBgn0036277
LDECv5g09692	FBgn0036274
LDECv5g09694	FBgn0250843
LDECv5g09726	FBgn0259726
LDECv5g09727	FBgn0034649
LDECv5g09741	FBgn0263239
LDECv5g09748	FBgn0265102
LDECv5g09767	FBgn0050349
LDECv5g09778	FBgn0027364
LDECv5g09791	FBgn0034816
LDECv5g09792	FBgn0034817
LDECv5g09824	FBgn0023513
LDECv5g09835	FBgn0031776
LDECv5g09838	FBgn0031239
LDECv5g09842	FBgn0263968
LDECv5g09843	FBgn0029909
LDECv5g09844	FBgn0029912
LDECv5g09850	FBgn0030695
LDECv5g09873	FBgn0035761
LDECv5g09877	FBgn0004926
LDECv5g09878	FBgn0264302
LDECv5g09917	FBgn0037018
LDECv5g09942	FBgn0016978
LDECv5g09943	FBgn0022960
LDECv5g09946	FBgn0035121
LDECv5g09966	FBgn0035541
LDECv5g09997	FBgn0033564
LDECv5g09998	FBgn0034741
LDECv5g10012	FBgn0025592
LDECv5g10015	FBgn0003162
LDECv5g10054	FBgn0033884
LDECv5g10058	FBgn0035199
LDECv5g10081	FBgn0037313
LDECv5g10086	FBgn0004895
LDECv5g10097	FBgn0036702
LDECv5g10102	FBgn0024754
LDECv5g10109	FBgn0011660
LDECv5g10110	FBgn0022288
LDECv5g10116	FBgn0035236
LDECv5g10117	FBgn0268063
LDECv5g10118	FBgn0033429
LDECv5g10119	FBgn0038524
LDECv5g10120	FBgn0043458
LDECv5g10122	FBgn0035854
LDECv5g10126	FBgn0036581
LDECv5g10127	FBgn0036090
LDECv5g10132	FBgn0033000
LDECv5g10133	FBgn0052484
LDECv5g10135	FBgn0037050
LDECv5g10151	FBgn0036484
LDECv5g10169	FBgn0010241
LDECv5g10184	FBgn0034908
LDECv5g10188	FBgn0004839
LDECv5g10213	FBgn0027615
LDECv5g10214	FBgn0036107
LDECv5g10252	FBgn0027360
LDECv5g10262	FBgn0034187
LDECv5g10263	FBgn0036262
LDECv5g10281	FBgn0260482
LDECv5g10286	FBgn0036005
LDECv5g10292	FBgn0005593
LDECv5g10295	FBgn0036342
LDECv5g10306	FBgn0033551
LDECv5g10307	FBgn0028969
LDECv5g10315	FBgn0002552
LDECv5g10324	FBgn0033571
LDECv5g10340	FBgn0031040
LDECv5g10342	FBgn0037684
LDECv5g10358	FBgn0039697
LDECv5g10361	FBgn0035085
LDECv5g10367	FBgn0036291
LDECv5g10383	FBgn0034728
LDECv5g10390	FBgn0283500
LDECv5g10400	FBgn0054027
LDECv5g10405	FBgn0004087
LDECv5g10447	FBgn0028473
LDECv5g10448	FBgn0264751
LDECv5g10451	FBgn0035909
LDECv5g10455	FBgn0038889
LDECv5g10469	FBgn0038833
LDECv5g10473	FBgn0026192
LDECv5g10477	FBgn0032822
LDECv5g10481	FBgn0028700
LDECv5g10484	FBgn0031868
LDECv5g10494	FBgn0250755
LDECv5g10497	FBgn0032470
LDECv5g10501	FBgn0051109
LDECv5g10507	FBgn0086356
LDECv5g10509	FBgn0031830
LDECv5g10517	FBgn0033994
LDECv5g10520	FBgn0041174
LDECv5g10555	FBgn0261269
LDECv5g10556	FBgn0028622
LDECv5g10558	FBgn0037737
LDECv5g10564	FBgn0032487
LDECv5g10569	FBgn0005655
LDECv5g10586	FBgn0040071
LDECv5g10587	FBgn0034956
LDECv5g10588	FBgn0262518
LDECv5g10589	FBgn0260812
LDECv5g10590	FBgn0034933
LDECv5g10606	FBgn0053108
LDECv5g10610	FBgn0027864
LDECv5g10623	FBgn0034568
LDECv5g10628	FBgn0034626
LDECv5g10633	FBgn0021814
LDECv5g10640	FBgn0250746
LDECv5g10642	FBgn0027889
LDECv5g10650	FBgn0030631
LDECv5g10671	FBgn0025457
LDECv5g10673	FBgn0036828
LDECv5g10675	FBgn0036273
LDECv5g10685	FBgn0020930
LDECv5g10687	FBgn0028402
LDECv5g10689	FBgn0000482
LDECv5g10690	FBgn0032236
LDECv5g10737	FBgn0029887
LDECv5g10739	FBgn0037900
LDECv5g10741	FBgn0011570
LDECv5g10742	FBgn0021796
LDECv5g10745	FBgn0031645
LDECv5g10746	FBgn0031540
LDECv5g10751	FBgn0025608
LDECv5g10754	FBgn0031229
LDECv5g10756	FBgn0015558
LDECv5g10764	FBgn0036945
LDECv5g10777	FBgn0033785
LDECv5g10784	FBgn0036179
LDECv5g10807	FBgn0000053
LDECv5g10824	FBgn0032157
LDECv5g10828	FBgn0036360
LDECv5g10832	FBgn0036838
LDECv5g10834	FBgn0286199
LDECv5g10851	FBgn0033081
LDECv5g10879	FBgn0035111
LDECv5g10884	FBgn0052206
LDECv5g10895	FBgn0025700
LDECv5g10896	FBgn0032467
LDECv5g10906	FBgn0039977
LDECv5g10907	FBgn0261560
LDECv5g10918	FBgn0050259
LDECv5g10922	FBgn0033352
LDECv5g10931	FBgn0032337
LDECv5g10979	FBgn0053978
LDECv5g11021	FBgn0035469
LDECv5g11030	FBgn0037340
LDECv5g11042	FBgn0034996
LDECv5g11047	FBgn0035206
LDECv5g11048	FBgn0033883
LDECv5g11056	FBgn0034033
LDECv5g11067	FBgn0086448
LDECv5g11080	FBgn0032050
LDECv5g11083	FBgn0036266
LDECv5g11097	FBgn0260744
LDECv5g11100	FBgn0030654
LDECv5g11114	FBgn0033887
LDECv5g11122	FBgn0085399
LDECv5g11132	FBgn0036141
LDECv5g11140	FBgn0027053
LDECv5g11142	FBgn0086357
LDECv5g11143	FBgn0037801
LDECv5g11151	FBgn0261803
LDECv5g11159	FBgn0052676
LDECv5g11167	FBgn0031818
LDECv5g11170	FBgn0032793
LDECv5g11178	FBgn0051694
LDECv5g11184	FBgn0037235
LDECv5g11185	FBgn0037249
LDECv5g11209	FBgn0037676
LDECv5g11210	FBgn0063670
LDECv5g11236	FBgn0035953
LDECv5g11249	FBgn0286567
LDECv5g11256	FBgn0053147
LDECv5g11264	FBgn0036333
LDECv5g11265	FBgn0031822
LDECv5g11272	FBgn0034726
LDECv5g11282	FBgn0030504
LDECv5g11288	FBgn0261988
LDECv5g11289	FBgn0039749
LDECv5g11293	FBgn0085425
LDECv5g11300	FBgn0025725
LDECv5g11303	FBgn0037231
LDECv5g11316	FBgn0262647
LDECv5g11327	FBgn0037754
LDECv5g11348	FBgn0051357
LDECv5g11357	FBgn0030743
LDECv5g11365	FBgn0000384
LDECv5g11382	FBgn0038244
LDECv5g11390	FBgn0011476
LDECv5g11411	FBgn0039767
LDECv5g11432	FBgn0038925
LDECv5g11439	FBgn0031119
LDECv5g11449	FBgn0030029
LDECv5g11450	FBgn0030027
LDECv5g11488	FBgn0036354
LDECv5g11497	FBgn0037526
LDECv5g11504	FBgn0015360
LDECv5g11539	FBgn0036063
LDECv5g11546	FBgn0030514
LDECv5g11556	FBgn0038074
LDECv5g11565	FBgn0023508
LDECv5g11566	FBgn0039565
LDECv5g11585	FBgn0012058
LDECv5g11595	FBgn0037236
LDECv5g11604	FBgn0035523
LDECv5g11640	FBgn0036583
LDECv5g11701	FBgn0037852
LDECv5g11707	FBgn0039889
LDECv5g11730	FBgn0051997
LDECv5g11747	FBgn0026089
LDECv5g11753	FBgn0037491
LDECv5g11788	FBgn0033272
LDECv5g11789	FBgn0037108
LDECv5g11790	FBgn0015801
LDECv5g11795	FBgn0051229
LDECv5g11796	FBgn0032234
LDECv5g11797	FBgn0061359
LDECv5g11805	FBgn0050147
LDECv5g11814	FBgn0266438
LDECv5g11819	FBgn0033464
LDECv5g11822	FBgn0034528
LDECv5g11824	FBgn0026380
LDECv5g11831	FBgn0053554
LDECv5g11837	FBgn0039300
LDECv5g11838	FBgn0035027
LDECv5g11839	FBgn0039857
LDECv5g11840	FBgn0028903
LDECv5g11842	FBgn0015359
LDECv5g11851	FBgn0266268
LDECv5g11859	FBgn0039773
LDECv5g11868	FBgn0002641
LDECv5g12216	FBgn0038248
LDECv5g12227	FBgn0263231
LDECv5g12233	FBgn0038324
LDECv5g12238	FBgn0037963
LDECv5g12262	FBgn0021895
LDECv5g12266	FBgn0027509
LDECv5g12286	FBgn0033610
LDECv5g12291	FBgn0003079
LDECv5g12348	FBgn0033206
LDECv5g12366	FBgn0031628
LDECv5g12368	FBgn0038584
LDECv5g12375	FBgn0036118
LDECv5g12378	FBgn0032881
LDECv5g12379	FBgn0050392
LDECv5g12393	FBgn0029690
LDECv5g12399	FBgn0038016
LDECv5g12400	FBgn0038315
LDECv5g12408	FBgn0261530
LDECv5g12420	FBgn0284084
LDECv5g12421	FBgn0010453
LDECv5g12454	FBgn0040372
LDECv5g12455	FBgn0051637
LDECv5g12465	FBgn0000330
LDECv5g12491	FBgn0039201
LDECv5g12498	FBgn0040236
LDECv5g12500	FBgn0044030
LDECv5g12502	FBgn0036887
LDECv5g12515	FBgn0036199
LDECv5g12521	FBgn0038017
LDECv5g12525	FBgn0001085
LDECv5g12529	FBgn0031047
LDECv5g12535	FBgn0250820
LDECv5g12553	FBgn0067629
LDECv5g12555	FBgn0003124
LDECv5g12564	FBgn0039480
LDECv5g12565	FBgn0039481
LDECv5g12566	FBgn0039804
LDECv5g12571	FBgn0003720
LDECv5g12581	FBgn0033891
LDECv5g12582	FBgn0032259
LDECv5g12588	FBgn0043010
LDECv5g12603	FBgn0051475
LDECv5g12606	FBgn0037475
LDECv5g12607	FBgn0001125
LDECv5g12608	FBgn0002707
LDECv5g12613	FBgn0000416
LDECv5g12622	FBgn0038839
LDECv5g12656	FBgn0010411
LDECv5g12678	FBgn0030177
LDECv5g12687	FBgn0036330
LDECv5g12688	FBgn0033038
LDECv5g12693	FBgn0033901
LDECv5g12724	FBgn0030805
LDECv5g12785	FBgn0263353
LDECv5g12788	FBgn0265605
LDECv5g12790	FBgn0034786
LDECv5g12793	FBgn0011296
LDECv5g12797	FBgn0015282
LDECv5g12826	FBgn0034763
LDECv5g12827	FBgn0046692
LDECv5g12828	FBgn0288834
LDECv5g12831	FBgn0024179
LDECv5g12832	FBgn0032247
LDECv5g12851	FBgn0035488
LDECv5g12873	FBgn0005619
LDECv5g12889	FBgn0037028
LDECv5g12891	FBgn0288690
LDECv5g12918	FBgn0000150
LDECv5g12919	FBgn0032149
LDECv5g12920	FBgn0040281
LDECv5g12928	FBgn0037063
LDECv5g12929	FBgn0024945
LDECv5g12930	FBgn0039302
LDECv5g12936	FBgn0012034
LDECv5g12939	FBgn0264000
LDECv5g12941	FBgn0035711
LDECv5g12978	FBgn0015789
LDECv5g12983	FBgn0033543
LDECv5g12989	FBgn0030869
LDECv5g12990	FBgn0010416
LDECv5g12996	FBgn0286818
LDECv5g13000	FBgn0001083
LDECv5g13005	FBgn0015621
LDECv5g13008	FBgn0267384
LDECv5g13013	FBgn0034877
LDECv5g13014	FBgn0010808
LDECv5g13017	FBgn0016919
LDECv5g13030	FBgn0027620
LDECv5g13062	FBgn0053508
LDECv5g13068	FBgn0032511
LDECv5g13070	FBgn0031534
LDECv5g13075	FBgn0050390
LDECv5g13081	FBgn0033936
LDECv5g13082	FBgn0027359
LDECv5g13092	FBgn0262716
LDECv5g13096	FBgn0030892
LDECv5g13100	FBgn0034053
LDECv5g13118	FBgn0003326
LDECv5g13119	FBgn0037045
LDECv5g13124	FBgn0036934
LDECv5g13200	FBgn0024992
LDECv5g13202	FBgn0037106
LDECv5g13207	FBgn0052075
LDECv5g13224	FBgn0036987
LDECv5g13228	FBgn0037105
LDECv5g13232	FBgn0031078
LDECv5g13233	FBgn0290397
LDECv5g13244	FBgn0029737
LDECv5g13265	FBgn0031232
LDECv5g13292	FBgn0000964
LDECv5g13296	FBgn0004924
LDECv5g13306	FBgn0036995
LDECv5g13317	FBgn0260006
LDECv5g13319	FBgn0035639
LDECv5g13322	FBgn0014179
LDECv5g13333	FBgn0031895
LDECv5g13335	FBgn0028836
LDECv5g13348	FBgn0032240
LDECv5g13351	FBgn0031216
LDECv5g13361	FBgn0050010
LDECv5g13363	FBgn0032921
LDECv5g13365	FBgn0038837
LDECv5g13372	FBgn0044028
LDECv5g13386	FBgn0015838
LDECv5g13387	FBgn0010741
LDECv5g13391	FBgn0034186
LDECv5g13393	FBgn0033557
LDECv5g13395	FBgn0039151
LDECv5g13398	FBgn0259152
LDECv5g13411	FBgn0038583
LDECv5g13413	FBgn0036255
LDECv5g13414	FBgn0040230
LDECv5g13416	FBgn0032101
LDECv5g13419	FBgn0085484
LDECv5g13421	FBgn0021856
LDECv5g13425	FBgn0286204
LDECv5g13433	FBgn0038269
LDECv5g13437	FBgn0039664
LDECv5g13439	FBgn0032339
LDECv5g13441	FBgn0030558
LDECv5g13443	FBgn0036460
LDECv5g13444	FBgn0030352
LDECv5g13448	FBgn0031529
LDECv5g13451	FBgn0031736
LDECv5g13455	FBgn0032873
LDECv5g13457	FBgn0030739
LDECv5g13463	FBgn0038755
LDECv5g13472	FBgn0026150
LDECv5g13478	FBgn0028919
LDECv5g13479	FBgn0037949
LDECv5g13486	FBgn0285912
LDECv5g13499	FBgn0035031
LDECv5g13520	FBgn0030311
LDECv5g13533	FBgn0263109
LDECv5g13544	FBgn0036805
LDECv5g13546	FBgn0031779
LDECv5g13566	FBgn0039223
LDECv5g13576	FBgn0032445
LDECv5g13613	FBgn0032671
LDECv5g13614	FBgn0261396
LDECv5g13658	FBgn0261596
LDECv5g13660	FBgn0031682
LDECv5g13663	FBgn0013531
LDECv5g13675	FBgn0031044
LDECv5g13681	FBgn0004913
LDECv5g13696	FBgn0000100
LDECv5g13708	FBgn0034277
LDECv5g13724	FBgn0033752
LDECv5g13725	FBgn0266284
LDECv5g13749	FBgn0261976
LDECv5g13756	FBgn0283472
LDECv5g13761	FBgn0024371
LDECv5g13762	FBgn0031437
LDECv5g13764	FBgn0031143
LDECv5g13767	FBgn0011603
LDECv5g13778	FBgn0027505
LDECv5g13819	FBgn0040279
LDECv5g13843	FBgn0038237
LDECv5g13845	FBgn0039427
LDECv5g13851	FBgn0032476
LDECv5g13862	FBgn0032415
LDECv5g13865	FBgn0032299
LDECv5g13965	FBgn0261477
LDECv5g13966	FBgn0035890
LDECv5g13970	FBgn0263916
LDECv5g13980	FBgn0001323
LDECv5g13984	FBgn0038571
LDECv5g13992	FBgn0031961
LDECv5g13994	FBgn0031068
LDECv5g13995	FBgn0035534
LDECv5g13996	FBgn0033480
LDECv5g13997	FBgn0038196
LDECv5g14001	FBgn0064116
LDECv5g14015	FBgn0033055
LDECv5g14016	FBgn0039205
LDECv5g14025	FBgn0035600
LDECv5g14028	FBgn0039751
LDECv5g14031	FBgn0262955
LDECv5g14042	FBgn0011676
LDECv5g14044	FBgn0038488
LDECv5g14047	FBgn0034527
LDECv5g14049	FBgn0030766
LDECv5g14064	FBgn0037665
LDECv5g14065	FBgn0262937
LDECv5g14066	FBgn0039601
LDECv5g14068	FBgn0033783
LDECv5g14071	FBgn0033687
LDECv5g14074	FBgn0035483
LDECv5g14077	FBgn0035520
LDECv5g14089	FBgn0290170
LDECv5g14096	FBgn0035519
LDECv5g14115	FBgn0030884
LDECv5g14121	FBgn0037232
LDECv5g14126	FBgn0261532
LDECv5g14145	FBgn0287767
LDECv5g14147	FBgn0034914
LDECv5g14152	FBgn0047135
LDECv5g14159	FBgn0038313
LDECv5g14182	FBgn0039737
LDECv5g14229	FBgn0029879
LDECv5g14232	FBgn0032388
LDECv5g14249	FBgn0051717
LDECv5g14260	FBgn0031309
LDECv5g14262	FBgn0039056
LDECv5g14265	FBgn0033401
LDECv5g14272	FBgn0013751
LDECv5g14280	FBgn0013303
LDECv5g14286	FBgn0086367
LDECv5g14289	FBgn0036988
LDECv5g14298	FBgn0010340
LDECv5g14300	FBgn0011509
LDECv5g14304	FBgn0261791
LDECv5g14311	FBgn0034976
LDECv5g14313	FBgn0038672
LDECv5g14696	FBgn0260653
LDECv5g14706	FBgn0265574
LDECv5g14719	FBgn0028931
LDECv5g14788	FBgn0053303
LDECv5g14792	FBgn0033160
LDECv5g14798	FBgn0027539
LDECv5g14809	FBgn0031519
LDECv5g14810	FBgn0250874
LDECv5g14818	FBgn0023216
LDECv5g14864	FBgn0030061
LDECv5g14865	FBgn0264389
LDECv5g14873	FBgn0001565
LDECv5g14877	FBgn0000723
LDECv5g14881	FBgn0261285
LDECv5g14895	FBgn0031860
LDECv5g14905	FBgn0004436
LDECv5g14920	FBgn0005771
LDECv5g14927	FBgn0002926
LDECv5g14952	FBgn0000439
LDECv5g14983	FBgn0029959
LDECv5g14987	FBgn0038039
LDECv5g14988	FBgn0025382
LDECv5g15005	FBgn0052547
LDECv5g15009	FBgn0034923
LDECv5g15020	FBgn0030945
LDECv5g15024	FBgn0030913
LDECv5g15025	FBgn0036415
LDECv5g15035	FBgn0022800
LDECv5g15051	FBgn0033958
LDECv5g15060	FBgn0026562
LDECv5g15083	FBgn0052176
LDECv5g15086	FBgn0038590
LDECv5g15099	FBgn0039380
LDECv5g15137	FBgn0023416
LDECv5g15148	FBgn0000139
LDECv5g15154	FBgn0038976
LDECv5g15160	FBgn0034661
LDECv5g15165	FBgn0032033
LDECv5g15169	FBgn0029824
LDECv5g15184	FBgn0029648
LDECv5g15186	FBgn0040650
LDECv5g15194	FBgn0030178
LDECv5g15195	FBgn0011205
LDECv5g15204	FBgn0036967
LDECv5g15205	FBgn0031711
LDECv5g15218	FBgn0038199
LDECv5g15220	FBgn0028507
LDECv5g15224	FBgn0043550
LDECv5g15234	FBgn0031660
LDECv5g15236	FBgn0031676
LDECv5g15237	FBgn0031973
LDECv5g15246	FBgn0011305
LDECv5g15282	FBgn0061469
LDECv5g15304	FBgn0031590
LDECv5g15305	FBgn0261995
LDECv5g15309	FBgn0016794
LDECv5g15326	FBgn0038422
LDECv5g15345	FBgn0037515
LDECv5g15361	FBgn0023458
LDECv5g15367	FBgn0290420
LDECv5g15401	FBgn0086673
LDECv5g15413	FBgn0030433
LDECv5g15414	FBgn0040344
LDECv5g15428	FBgn0286783
LDECv5g15443	FBgn0052687
LDECv5g15444	FBgn0026080
LDECv5g15451	FBgn0029962
LDECv5g15457	FBgn0028292
LDECv5g15462	FBgn0035122
LDECv5g15463	FBgn0011277
LDECv5g00005	FBgn0008635
LDECv5g00018	FBgn0039835
LDECv5g00033	FBgn0052344
LDECv5g00051	FBgn0259146
LDECv5g00056	FBgn0030007
LDECv5g00058	FBgn0037566
LDECv5g00088	FBgn0034141
LDECv5g00090	FBgn0029863
LDECv5g00096	FBgn0011739
LDECv5g00097	FBgn0037777
LDECv5g00099	FBgn0038146
LDECv5g00106	FBgn0034402
LDECv5g00108	FBgn0263241
LDECv5g00114	FBgn0263974
LDECv5g00117	FBgn0038632
LDECv5g00128	FBgn0038621
LDECv5g00135	FBgn0029943
LDECv5g00136	FBgn0024250
LDECv5g00166	FBgn0037539
LDECv5g00167	FBgn0003205
LDECv5g00169	FBgn0039869
LDECv5g00170	FBgn0039870
LDECv5g00175	FBgn0028746
LDECv5g00210	FBgn0030365
LDECv5g00211	FBgn0039159
LDECv5g00215	FBgn0000337
LDECv5g00243	FBgn0035272
LDECv5g00246	FBgn0004391
LDECv5g00248	FBgn0039832
LDECv5g00249	FBgn0037280
LDECv5g00267	FBgn0038619
LDECv5g00270	FBgn0034176
LDECv5g00271	FBgn0027868
LDECv5g00272	FBgn0288875
LDECv5g00273	FBgn0016691
LDECv5g00277	FBgn0030855
LDECv5g00280	FBgn0001247
LDECv5g00281	FBgn0031549
LDECv5g00310	FBgn0040929
LDECv5g00326	FBgn0039335
LDECv5g00334	FBgn0032514
LDECv5g00336	FBgn0038926
LDECv5g00342	FBgn0035754
LDECv5g00348	FBgn0032840
LDECv5g00351	FBgn0032847
LDECv5g00352	FBgn0020018
LDECv5g00356	FBgn0039175
LDECv5g00357	FBgn0031663
LDECv5g00372	FBgn0054031
LDECv5g00375	FBgn0037046
LDECv5g00393	FBgn0032169
LDECv5g00395	FBgn0032692
LDECv5g00407	FBgn0033060
LDECv5g00426	FBgn0038463
LDECv5g00434	FBgn0026666
LDECv5g00461	FBgn0029714
LDECv5g00468	FBgn0039776
LDECv5g00472	FBgn0052536
LDECv5g00498	FBgn0014366
LDECv5g00507	FBgn0036219
LDECv5g00511	FBgn0064766
LDECv5g00515	FBgn0053964
LDECv5g00516	FBgn0033693
LDECv5g00520	FBgn0030466
LDECv5g00523	FBgn0036824
LDECv5g00528	FBgn0261286
LDECv5g00531	FBgn0036843
LDECv5g00532	FBgn0035194
LDECv5g00537	FBgn0032782
LDECv5g00550	FBgn0015582
LDECv5g00551	FBgn0034232
LDECv5g00561	FBgn0040890
LDECv5g00564	FBgn0083167
LDECv5g00566	FBgn0029882
LDECv5g00573	FBgn0041194
LDECv5g00574	FBgn0035529
LDECv5g00588	FBgn0036726
LDECv5g00641	FBgn0261067
LDECv5g00642	FBgn0015277
LDECv5g00643	FBgn0000140
LDECv5g00645	FBgn0263697
LDECv5g00657	FBgn0260860
LDECv5g00661	FBgn0011745
LDECv5g00664	FBgn0266672
LDECv5g00670	FBgn0033235
LDECv5g00673	FBgn0030482
LDECv5g00693	FBgn0039150
LDECv5g00716	FBgn0086712
LDECv5g00717	FBgn0263027
LDECv5g00719	FBgn0035762
LDECv5g00725	FBgn0031643
LDECv5g00745	FBgn0030851
LDECv5g00746	FBgn0015527
LDECv5g00747	FBgn0033876
LDECv5g00753	FBgn0035024
LDECv5g00780	FBgn0035632
LDECv5g00801	FBgn0040551
LDECv5g00803	FBgn0026060
LDECv5g00808	FBgn0035064
LDECv5g00825	FBgn0027872
LDECv5g00826	FBgn0038438
LDECv5g00845	FBgn0261984
LDECv5g00860	FBgn0003278
LDECv5g00861	FBgn0290421
LDECv5g00866	FBgn0034727
LDECv5g00877	FBgn0053506
LDECv5g00880	FBgn0026787
LDECv5g00881	FBgn0052190
LDECv5g00882	FBgn0031875
LDECv5g00899	FBgn0030109
LDECv5g00901	FBgn0050380
LDECv5g00909	FBgn0037537
LDECv5g00921	FBgn0033307
LDECv5g00949	FBgn0051812
LDECv5g00950	FBgn0032595
LDECv5g00951	FBgn0028694
LDECv5g00956	FBgn0011787
LDECv5g00957	FBgn0037816
LDECv5g00958	FBgn0028690
LDECv5g00974	FBgn0032016
LDECv5g00985	FBgn0032362
LDECv5g00994	FBgn0036104
LDECv5g00996	FBgn0031535
LDECv5g01001	FBgn0027564
LDECv5g01003	FBgn0027903
LDECv5g01011	FBgn0028552
LDECv5g01034	FBgn0000442
LDECv5g01040	FBgn0035393
LDECv5g01041	FBgn0034191
LDECv5g01042	FBgn0002284
LDECv5g01050	FBgn0052576
LDECv5g01069	FBgn0086779
LDECv5g01075	FBgn0036000
LDECv5g01085	FBgn0260771
LDECv5g01086	FBgn0011824
LDECv5g01091	FBgn0052085
LDECv5g01097	FBgn0004643
LDECv5g01103	FBgn0022740
LDECv5g01108	FBgn0035838
LDECv5g01109	FBgn0027597
LDECv5g01114	FBgn0283476
LDECv5g01123	FBgn0035334
LDECv5g01126	FBgn0260985
LDECv5g01134	FBgn0011638
LDECv5g01141	FBgn0003275
LDECv5g01142	FBgn0034919
LDECv5g01144	FBgn0036813
LDECv5g01145	FBgn0040491
LDECv5g01149	FBgn0030035
LDECv5g01150	FBgn0041181
LDECv5g01153	FBgn0065108
LDECv5g01162	FBgn0261955
LDECv5g01163	FBgn0037472
LDECv5g01165	FBgn0032856
LDECv5g01166	FBgn0032728
LDECv5g01172	FBgn0031708
LDECv5g01193	FBgn0051935
LDECv5g01198	FBgn0283678
LDECv5g01204	FBgn0004374
LDECv5g01205	FBgn0015550
LDECv5g01208	FBgn0035901
LDECv5g01214	FBgn0034264
LDECv5g01218	FBgn0036990
LDECv5g01295	FBgn0283450
LDECv5g01297	FBgn0019940
LDECv5g01299	FBgn0035674
LDECv5g01301	FBgn0019637
LDECv5g01303	FBgn0051800
LDECv5g01307	FBgn0260859
LDECv5g01308	FBgn0052380
LDECv5g01311	FBgn0039270
LDECv5g01314	FBgn0037021
LDECv5g01315	FBgn0031604
LDECv5g01329	FBgn0061356
LDECv5g01340	FBgn0037700
LDECv5g01351	FBgn0003312
LDECv5g01361	FBgn0031231
LDECv5g01365	FBgn0289108
LDECv5g01377	FBgn0010421
LDECv5g01381	FBgn0033315
LDECv5g01393	FBgn0032394
LDECv5g01403	FBgn0052110
LDECv5g01414	FBgn0031662
LDECv5g01431	FBgn0038183
LDECv5g01452	FBgn0030088
LDECv5g01453	FBgn0025640
LDECv5g01464	FBgn0039732
LDECv5g01472	FBgn0031538
LDECv5g01475	FBgn0035146
LDECv5g01476	FBgn0031905
LDECv5g01486	FBgn0041186
LDECv5g01489	FBgn0031247
LDECv5g01490	FBgn0039048
LDECv5g01520	FBgn0001079
LDECv5g01521	FBgn0087041
LDECv5g01532	FBgn0038359
LDECv5g01548	FBgn0036827
LDECv5g01554	FBgn0032803
LDECv5g01565	FBgn0000709
LDECv5g01566	FBgn0062440
LDECv5g01570	FBgn0039304
LDECv5g01572	FBgn0259728
LDECv5g01596	FBgn0036509
LDECv5g01599	FBgn0033085
LDECv5g01600	FBgn0031829
LDECv5g01601	FBgn0032702
LDECv5g01616	FBgn0004863
LDECv5g01617	FBgn0011278
LDECv5g01618	FBgn0004862
LDECv5g01632	FBgn0011207
LDECv5g01636	FBgn0039562
LDECv5g01637	FBgn0040078
LDECv5g01653	FBgn0033741
LDECv5g01654	FBgn0034352
LDECv5g01660	FBgn0033540
LDECv5g01677	FBgn0001308
LDECv5g01706	FBgn0011591
LDECv5g01745	FBgn0037708
LDECv5g01777	FBgn0021825
LDECv5g01788	FBgn0050446
LDECv5g01791	FBgn0031494
LDECv5g01841	FBgn0000233
LDECv5g01842	FBgn0035372
LDECv5g01855	FBgn0011762
LDECv5g01858	FBgn0038344
LDECv5g01861	FBgn0030720
LDECv5g01868	FBgn0035255
LDECv5g01887	FBgn0010278
LDECv5g01889	FBgn0261004
LDECv5g01891	FBgn0031189
LDECv5g01897	FBgn0036036
LDECv5g01908	FBgn0029853
LDECv5g01909	FBgn0000377
LDECv5g01912	FBgn0001986
LDECv5g01914	FBgn0037569
LDECv5g01923	FBgn0034622
LDECv5g01943	FBgn0010109
LDECv5g01983	FBgn0261434
LDECv5g01986	FBgn0267449
LDECv5g01987	FBgn0031255
LDECv5g01993	FBgn0261386
LDECv5g02000	FBgn0032455
LDECv5g02013	FBgn0039244
LDECv5g02024	FBgn0031399
LDECv5g02028	FBgn0035839
LDECv5g02029	FBgn0037958
LDECv5g02034	FBgn0032916
LDECv5g02036	FBgn0032634
LDECv5g02042	FBgn0052262
LDECv5g02057	FBgn0038678
LDECv5g02059	FBgn0026149
LDECv5g02069	FBgn0031479
LDECv5g02076	FBgn0033988
LDECv5g02081	FBgn0083976
LDECv5g02097	FBgn0051388
LDECv5g02271	FBgn0033257
LDECv5g02277	FBgn0030364
LDECv5g02288	FBgn0053262
LDECv5g02293	FBgn0053557
LDECv5g02306	FBgn0030096
LDECv5g02307	FBgn0266670
LDECv5g02319	FBgn0030217
LDECv5g02320	FBgn0265101
LDECv5g02335	FBgn0034271
LDECv5g02343	FBgn0030763
LDECv5g02346	FBgn0034959
LDECv5g02370	FBgn0035251
LDECv5g02372	FBgn0036687
LDECv5g02376	FBgn0052281
LDECv5g02385	FBgn0024194
LDECv5g02394	FBgn0013347
LDECv5g02408	FBgn0037185
LDECv5g02409	FBgn0028744
LDECv5g02411	FBgn0036306
LDECv5g02424	FBgn0040575
LDECv5g02425	FBgn0037753
LDECv5g02438	FBgn0058045
LDECv5g02476	FBgn0035035
LDECv5g02479	FBgn0001341
LDECv5g02483	FBgn0030598
LDECv5g02484	FBgn0030596
LDECv5g02490	FBgn0266435
LDECv5g02515	FBgn0026369
LDECv5g02558	FBgn0263757
LDECv5g02583	FBgn0042119
LDECv5g02589	FBgn0033728
LDECv5g02600	FBgn0029913
LDECv5g02605	FBgn0030883
LDECv5g02608	FBgn0017567
LDECv5g02611	FBgn0029861
LDECv5g02631	FBgn0035624
LDECv5g02642	FBgn0035102
LDECv5g02649	FBgn0023535
LDECv5g02665	FBgn0035918
LDECv5g02673	FBgn0035490
LDECv5g02676	FBgn0034957
LDECv5g02680	FBgn0034243
LDECv5g02702	FBgn0011573
LDECv5g02704	FBgn0036489
LDECv5g02705	FBgn0036488
LDECv5g02707	FBgn0032870
LDECv5g02747	FBgn0028926
LDECv5g02753	FBgn0033052
LDECv5g02754	FBgn0032818
LDECv5g02767	FBgn0034697
LDECv5g02775	FBgn0030556
LDECv5g02776	FBgn0027363
LDECv5g02797	FBgn0032646
LDECv5g02808	FBgn0261437
LDECv5g02809	FBgn0037293
LDECv5g02815	FBgn0032891
LDECv5g02830	FBgn0037345
LDECv5g02836	FBgn0032478
LDECv5g02850	FBgn0032393
LDECv5g02852	FBgn0001612
LDECv5g02854	FBgn0030039
LDECv5g02855	FBgn0035831
LDECv5g02859	FBgn0033232
LDECv5g02860	FBgn0050077
LDECv5g02861	FBgn0032704
LDECv5g02865	FBgn0262559
LDECv5g02868	FBgn0030858
LDECv5g02870	FBgn0023489
LDECv5g02875	FBgn0035627
LDECv5g02876	FBgn0035203
LDECv5g02880	FBgn0004132
LDECv5g02884	FBgn0003274
LDECv5g02888	FBgn0032153
LDECv5g02895	FBgn0038452
LDECv5g02905	FBgn0015288
LDECv5g02910	FBgn0014395
LDECv5g02911	FBgn0032059
LDECv5g02934	FBgn0032205
LDECv5g02948	FBgn0259676
LDECv5g02949	FBgn0019938
LDECv5g02952	FBgn0001970
LDECv5g02961	FBgn0000500
LDECv5g02986	FBgn0032409
LDECv5g02988	FBgn0032482
LDECv5g02998	FBgn0039634
LDECv5g02999	FBgn0086707
LDECv5g03008	FBgn0052113
LDECv5g03010	FBgn0039561
LDECv5g03020	FBgn0036889
LDECv5g03022	FBgn0020270
LDECv5g03024	FBgn0030344
LDECv5g03029	FBgn0027526
LDECv5g03033	FBgn0050476
LDECv5g03035	FBgn0036298
LDECv5g03055	FBgn0261381
LDECv5g03146	FBgn0031639
LDECv5g03153	FBgn0016715
LDECv5g03158	FBgn0036691
LDECv5g03186	FBgn0033379
LDECv5g03189	FBgn0032877
LDECv5g03225	FBgn0039868
LDECv5g03226	FBgn0015391
LDECv5g03233	FBgn0036105
LDECv5g03248	FBgn0003977
LDECv5g03249	FBgn0286506
LDECv5g03259	FBgn0030478
LDECv5g03261	FBgn0022786
LDECv5g03263	FBgn0034214
LDECv5g03264	FBgn0022029
LDECv5g03267	FBgn0025716
LDECv5g03279	FBgn0259483
LDECv5g03288	FBgn0000543
LDECv5g03291	FBgn0037008
LDECv5g03292	FBgn0035622
LDECv5g03295	FBgn0011726
LDECv5g03296	FBgn0035960
LDECv5g03307	FBgn0028467
LDECv5g03334	FBgn0003483
LDECv5g03343	FBgn0037540
LDECv5g03358	FBgn0027085
LDECv5g03359	FBgn0030969
LDECv5g03372	FBgn0029975
LDECv5g03377	FBgn0001104
LDECv5g03393	FBgn0015296
LDECv5g03396	FBgn0038385
LDECv5g03409	FBgn0043903
LDECv5g03411	FBgn0036476
LDECv5g03412	FBgn0039016
LDECv5g03416	FBgn0266671
LDECv5g03417	FBgn0015553
LDECv5g03419	FBgn0261799
LDECv5g03421	FBgn0005390
LDECv5g03428	FBgn0035471
LDECv5g03430	FBgn0028468
LDECv5g03437	FBgn0039459
LDECv5g03446	FBgn0036781
LDECv5g03451	FBgn0010269
LDECv5g03473	FBgn0038304
LDECv5g03505	FBgn0001202
LDECv5g03508	FBgn0033350
LDECv5g03517	FBgn0040697
LDECv5g03523	FBgn0027358
LDECv5g03527	FBgn0037884
LDECv5g03530	FBgn0031209
LDECv5g03554	FBgn0035414
LDECv5g03558	FBgn0034498
LDECv5g03568	FBgn0015295
LDECv5g03572	FBgn0034972
LDECv5g03592	FBgn0038110
LDECv5g03611	FBgn0032225
LDECv5g03613	FBgn0039914
LDECv5g03615	FBgn0028695
LDECv5g03630	FBgn0052076
LDECv5g03635	FBgn0035383
LDECv5g03686	FBgn0040239
LDECv5g03736	FBgn0030305
LDECv5g03767	FBgn0038727
LDECv5g03772	FBgn0033428
LDECv5g03800	FBgn0067102
LDECv5g03811	FBgn0016126
LDECv5g03812	FBgn0038320
LDECv5g03813	FBgn0250791
LDECv5g03823	FBgn0017482
LDECv5g03836	FBgn0289122
LDECv5g03840	FBgn0040348
LDECv5g03848	FBgn0038912
LDECv5g03854	FBgn0004832
LDECv5g03858	FBgn0283666
LDECv5g03876	FBgn0026722
LDECv5g03894	FBgn0003391
LDECv5g03916	FBgn0046685
LDECv5g03936	FBgn0027572
LDECv5g03956	FBgn0284244
LDECv5g03961	FBgn0035149
LDECv5g03963	FBgn0034558
LDECv5g03964	FBgn0031770
LDECv5g03979	FBgn0038853
LDECv5g03994	FBgn0032228
LDECv5g04006	FBgn0032242
LDECv5g04026	FBgn0010620
LDECv5g04027	FBgn0039038
LDECv5g04029	FBgn0039907
LDECv5g04043	FBgn0032136
LDECv5g04055	FBgn0010215
LDECv5g04061	FBgn0026634
LDECv5g04091	FBgn0027788
LDECv5g04097	FBgn0031286
LDECv5g04100	FBgn0011016
LDECv5g04106	FBgn0052590
LDECv5g04107	FBgn0039013
LDECv5g04114	FBgn0263278
LDECv5g04118	FBgn0033482
LDECv5g04119	FBgn0025186
LDECv5g04120	FBgn0024846
LDECv5g04135	FBgn0038000
LDECv5g04163	FBgn0034000
LDECv5g04177	FBgn0028897
LDECv5g04207	FBgn0259241
LDECv5g04210	FBgn0010380
LDECv5g04213	FBgn0039112
LDECv5g04229	FBgn0035056
LDECv5g04248	FBgn0028684
LDECv5g04258	FBgn0033392
LDECv5g04262	FBgn0037473
LDECv5g04266	FBgn0026316
LDECv5g04269	FBgn0039180
LDECv5g04271	FBgn0035150
LDECv5g04277	FBgn0037329
LDECv5g04291	FBgn0020616
LDECv5g04293	FBgn0010660
LDECv5g04294	FBgn0027582
LDECv5g04295	FBgn0029977
LDECv5g04299	FBgn0035537
LDECv5g04300	FBgn0039463
LDECv5g04306	FBgn0003082
LDECv5g04307	FBgn0051852
LDECv5g04308	FBgn0035866
LDECv5g04320	FBgn0039429
LDECv5g04324	FBgn0036340
LDECv5g04326	FBgn0035709
LDECv5g04327	FBgn0038928
LDECv5g04357	FBgn0086908
LDECv5g04360	FBgn0038331
LDECv5g04370	FBgn0034279
LDECv5g04377	FBgn0035271
LDECv5g04397	FBgn0044871
LDECv5g04400	FBgn0033989
LDECv5g04427	FBgn0053977
LDECv5g04444	FBgn0032235
LDECv5g04454	FBgn0259482
LDECv5g04455	FBgn0040346
LDECv5g04485	FBgn0267823
LDECv5g04491	FBgn0026207
LDECv5g04509	FBgn0263831
LDECv5g04512	FBgn0031957
LDECv5g04521	FBgn0034061
LDECv5g04526	FBgn0261723
LDECv5g04539	FBgn0037780
LDECv5g04544	FBgn0083983
LDECv5g04546	FBgn0036210
LDECv5g04565	FBgn0037561
LDECv5g04569	FBgn0052133
LDECv5g04573	FBgn0290324
LDECv5g04574	FBgn0023167
LDECv5g04579	FBgn0032346
LDECv5g04582	FBgn0034223
LDECv5g04602	FBgn0027329
LDECv5g04603	FBgn0004106
LDECv5g04605	FBgn0001185
LDECv5g04616	FBgn0024913
LDECv5g04621	FBgn0025815
LDECv5g04641	FBgn0022069
LDECv5g04645	FBgn0034948
LDECv5g04647	FBgn0032287
LDECv5g04652	FBgn0051223
LDECv5g04653	FBgn0023514
LDECv5g04659	FBgn0040394
LDECv5g04663	FBgn0011715
LDECv5g04688	FBgn0001941
LDECv5g04717	FBgn0031598
LDECv5g04718	FBgn0031310
LDECv5g04723	FBgn0038272
LDECv5g04731	FBgn0284254
LDECv5g04732	FBgn0034814
LDECv5g04742	FBgn0040623
LDECv5g04757	FBgn0039867
LDECv5g04759	FBgn0265190
LDECv5g04761	FBgn0035640
LDECv5g04767	FBgn0035575
LDECv5g04770	FBgn0037073
LDECv5g04779	FBgn0010356
LDECv5g04780	FBgn0261789
LDECv5g04781	FBgn0032690
LDECv5g04784	FBgn0001983
LDECv5g04789	FBgn0086445
LDECv5g04836	FBgn0020880
LDECv5g04842	FBgn0028970
LDECv5g04876	FBgn0036335
LDECv5g04877	FBgn0032741
LDECv5g04880	FBgn0032350
LDECv5g04881	FBgn0039555
LDECv5g04886	FBgn0031773
LDECv5g04903	FBgn0037436
LDECv5g04911	FBgn0032053
LDECv5g04913	FBgn0011701
LDECv5g04922	FBgn0261436
LDECv5g04923	FBgn0000644
LDECv5g04934	FBgn0026679
LDECv5g04938	FBgn0030944
LDECv5g04939	FBgn0030943
LDECv5g04946	FBgn0026738
LDECv5g04961	FBgn0035401
LDECv5g04963	FBgn0035873
LDECv5g04964	FBgn0085491
LDECv5g04985	FBgn0037880
LDECv5g04986	FBgn0003141
LDECv5g04987	FBgn0085257
LDECv5g04988	FBgn0022027
LDECv5g05010	FBgn0032945
LDECv5g05012	FBgn0035799
LDECv5g05019	FBgn0010238
LDECv5g05022	FBgn0053138
LDECv5g05033	FBgn0000658
LDECv5g05037	FBgn0038149
LDECv5g05040	FBgn0040273
LDECv5g05055	FBgn0014411
LDECv5g05064	FBgn0010407
LDECv5g05082	FBgn0039566
LDECv5g05089	FBgn0037660
LDECv5g05095	FBgn0039900
LDECv5g05100	FBgn0263606
LDECv5g05107	FBgn0038371
LDECv5g05109	FBgn0038376
LDECv5g05112	FBgn0030417
LDECv5g05113	FBgn0030395
LDECv5g05117	FBgn0030572
LDECv5g05120	FBgn0035468
LDECv5g05122	FBgn0050051
LDECv5g05138	FBgn0264810
LDECv5g05140	FBgn0038901
LDECv5g05145	FBgn0036812
LDECv5g05147	FBgn0027535
LDECv5g05148	FBgn0031321
LDECv5g05158	FBgn0027093
LDECv5g05161	FBgn0034748
LDECv5g05171	FBgn0266724
LDECv5g05174	FBgn0031094
LDECv5g05181	FBgn0263600
LDECv5g05183	FBgn0036886
LDECv5g05184	FBgn0023175
LDECv5g05191	FBgn0052040
LDECv5g05193	FBgn0001170
LDECv5g05194	FBgn0036937
LDECv5g05197	FBgn0030327
LDECv5g05199	FBgn0036834
LDECv5g05207	FBgn0263510
LDECv5g05219	FBgn0031305
LDECv5g05229	FBgn0024986
LDECv5g05232	FBgn0026876
LDECv5g05234	FBgn0290431
LDECv5g05291	FBgn0000115
LDECv5g05292	FBgn0034084
LDECv5g05297	FBgn0033710
LDECv5g05307	FBgn0030449
LDECv5g05308	FBgn0035337
LDECv5g05319	FBgn0050022
LDECv5g05340	FBgn0029885
LDECv5g05341	FBgn0051133
LDECv5g05346	FBgn0053696
LDECv5g05350	FBgn0035724
LDECv5g05351	FBgn0052177
LDECv5g05356	FBgn0033529
LDECv5g05364	FBgn0086130
LDECv5g05368	FBgn0259481
LDECv5g05377	FBgn0037270
LDECv5g05382	FBgn0032444
LDECv5g05384	FBgn0031356
LDECv5g05391	FBgn0003965
LDECv5g05403	FBgn0024364
LDECv5g05404	FBgn0052649
LDECv5g05418	FBgn0260407
LDECv5g05419	FBgn0034310
LDECv5g05429	FBgn0050338
LDECv5g05461	FBgn0034654
LDECv5g05473	FBgn0034177
LDECv5g05474	FBgn0036300
LDECv5g05475	FBgn0038360
LDECv5g05476	FBgn0033761
LDECv5g05515	FBgn0052238
LDECv5g05541	FBgn0021742
LDECv5g05550	FBgn0034276
LDECv5g05553	FBgn0037023
LDECv5g05556	FBgn0031284
LDECv5g05565	FBgn0010240
LDECv5g05596	FBgn0002561
LDECv5g05622	FBgn0031381
LDECv5g05631	FBgn0030871
LDECv5g05648	FBgn0260456
LDECv5g05653	FBgn0034231
LDECv5g05654	FBgn0284256
LDECv5g05691	FBgn0031426
LDECv5g05692	FBgn0033264
LDECv5g05697	FBgn0052499
LDECv5g05707	FBgn0030584
LDECv5g05709	FBgn0000018
LDECv5g05715	FBgn0261575
LDECv5g05770	FBgn0031476
LDECv5g05792	FBgn0025682
LDECv5g05796	FBgn0031536
LDECv5g05797	FBgn0265464
LDECv5g05826	FBgn0036213
LDECv5g05831	FBgn0040383
LDECv5g05851	FBgn0028482
LDECv5g05876	FBgn0038607
LDECv5g05880	FBgn0028693
LDECv5g05885	FBgn0030991
LDECv5g05888	FBgn0261986
LDECv5g05889	FBgn0036760
LDECv5g05891	FBgn0052702
LDECv5g05893	FBgn0033548
LDECv5g05895	FBgn0036671
LDECv5g05899	FBgn0030786
LDECv5g05919	FBgn0004650
LDECv5g05935	FBgn0002789
LDECv5g05936	FBgn0025334
LDECv5g05949	FBgn0037019
LDECv5g05950	FBgn0024833
LDECv5g05951	FBgn0086785
LDECv5g05977	FBgn0032884
LDECv5g05987	FBgn0000477
LDECv5g05992	FBgn0034001
LDECv5g05993	FBgn0029158
LDECv5g05998	FBgn0037798
LDECv5g05999	FBgn0037797
LDECv5g06003	FBgn0031600
LDECv5g06012	FBgn0029839
LDECv5g06013	FBgn0037377
LDECv5g06021	FBgn0031611
LDECv5g06025	FBgn0032214
LDECv5g06027	FBgn0262685
LDECv5g06053	FBgn0025743
LDECv5g06056	FBgn0025626
LDECv5g06078	FBgn0031261
LDECv5g06092	FBgn0031659
LDECv5g06094	FBgn0038511
LDECv5g06097	FBgn0037059
LDECv5g06099	FBgn0052645
LDECv5g06100	FBgn0052069
LDECv5g06101	FBgn0032524
LDECv5g06104	FBgn0003065
LDECv5g06118	FBgn0029944
LDECv5g06120	FBgn0015615
LDECv5g06134	FBgn0029114
LDECv5g06155	FBgn0026778
LDECv5g06157	FBgn0020391
LDECv5g06159	FBgn0038043
LDECv5g06160	FBgn0264694
LDECv5g06161	FBgn0033656
LDECv5g06162	FBgn0259832
LDECv5g06167	FBgn0033679
LDECv5g06174	FBgn0054039
LDECv5g06176	FBgn0021874
LDECv5g06177	FBgn0035243
LDECv5g06195	FBgn0034476
LDECv5g06210	FBgn0029175
LDECv5g06211	FBgn0010409
LDECv5g06216	FBgn0038640
LDECv5g06235	FBgn0038869
LDECv5g06241	FBgn0039233
LDECv5g06252	FBgn0040751
LDECv5g06258	FBgn0039728
LDECv5g06263	FBgn0285911
LDECv5g06267	FBgn0033737
LDECv5g06275	FBgn0266674
LDECv5g06276	FBgn0022344
LDECv5g06288	FBgn0003942
LDECv5g06297	FBgn0284436
LDECv5g06304	FBgn0014861
LDECv5g06311	FBgn0069242
LDECv5g06312	FBgn0000119
LDECv5g06322	FBgn0032015
LDECv5g06331	FBgn0039509
LDECv5g06332	FBgn0026371
LDECv5g06333	FBgn0035603
LDECv5g06340	FBgn0037962
LDECv5g06395	FBgn0260464
LDECv5g06396	FBgn0033191
LDECv5g06397	FBgn0037671
LDECv5g06416	FBgn0038903
LDECv5g06424	FBgn0034422
LDECv5g06441	FBgn0027091
LDECv5g06443	FBgn0267824
LDECv5g06484	FBgn0036314
LDECv5g06506	FBgn0002736
LDECv5g06510	FBgn0024996
LDECv5g06517	FBgn0037911
LDECv5g06521	FBgn0027490
LDECv5g06522	FBgn0038585
LDECv5g06524	FBgn0029502
LDECv5g06531	FBgn0266723
LDECv5g06536	FBgn0036857
LDECv5g06546	FBgn0038432
LDECv5g06563	FBgn0036500
LDECv5g06593	FBgn0039167
LDECv5g06596	FBgn0030574
LDECv5g06606	FBgn0039623
LDECv5g06612	FBgn0030396
LDECv5g06614	FBgn0039943
LDECv5g06618	FBgn0260855
LDECv5g06642	FBgn0031753
LDECv5g06646	FBgn0046706
LDECv5g06657	FBgn0022097
LDECv5g06664	FBgn0287204
LDECv5g06668	FBgn0010247
LDECv5g06713	FBgn0010220
LDECv5g06719	FBgn0013548
LDECv5g06721	FBgn0260750
LDECv5g06724	FBgn0031573
LDECv5g06725	FBgn0023170
LDECv5g06726	FBgn0023129
LDECv5g06730	FBgn0039589
LDECv5g06737	FBgn0031488
LDECv5g06761	FBgn0024188
LDECv5g06763	FBgn0051156
LDECv5g06772	FBgn0036936
LDECv5g06776	FBgn0013973
LDECv5g06780	FBgn0037220
LDECv5g06786	FBgn0003502
LDECv5g06806	FBgn0031315
LDECv5g06812	FBgn0250850
LDECv5g06813	FBgn0035421
LDECv5g06834	FBgn0001075
LDECv5g06835	FBgn0051390
LDECv5g06843	FBgn0260972
LDECv5g06847	FBgn0032477
LDECv5g06848	FBgn0051849
LDECv5g06856	FBgn0039025
LDECv5g06861	FBgn0035109
LDECv5g06871	FBgn0031550
LDECv5g06881	FBgn0243513
LDECv5g06882	FBgn0027453
LDECv5g06885	FBgn0031979
LDECv5g06907	FBgn0034066
LDECv5g06917	FBgn0035462
LDECv5g06918	FBgn0026751
LDECv5g06920	FBgn0023096
LDECv5g06924	FBgn0038546
LDECv5g06926	FBgn0010520
LDECv5g06945	FBgn0040475
LDECv5g06953	FBgn0036935
LDECv5g06962	FBgn0032598
LDECv5g06967	FBgn0036643
LDECv5g06970	FBgn0031655
LDECv5g06974	FBgn0031959
LDECv5g06978	FBgn0032022
LDECv5g06980	FBgn0064115
LDECv5g06981	FBgn0004407
LDECv5g06983	FBgn0029789
LDECv5g06988	FBgn0030799
LDECv5g06996	FBgn0039689
LDECv5g07000	FBgn0032481
LDECv5g07002	FBgn0039674
LDECv5g07010	FBgn0033556
LDECv5g07018	FBgn0029804
LDECv5g07020	FBgn0037382
LDECv5g07026	FBgn0035952
LDECv5g07031	FBgn0033948
LDECv5g07036	FBgn0035785
LDECv5g07074	FBgn0034488
LDECv5g07078	FBgn0053544
LDECv5g07082	FBgn0027783
LDECv5g07090	FBgn0034162
LDECv5g07099	FBgn0035328
LDECv5g07101	FBgn0041709
LDECv5g07112	FBgn0039896
LDECv5g07115	FBgn0034183
LDECv5g07126	FBgn0052350
LDECv5g07128	FBgn0024973
LDECv5g07132	FBgn0266667
LDECv5g07134	FBgn0266369
LDECv5g07135	FBgn0015376
LDECv5g07147	FBgn0035148
LDECv5g07149	FBgn0039189
LDECv5g07153	FBgn0028992
LDECv5g07156	FBgn0053635
LDECv5g07195	FBgn0036242
LDECv5g07202	FBgn0010438
LDECv5g07217	FBgn0053158
LDECv5g07220	FBgn0037875
LDECv5g07223	FBgn0285937
LDECv5g07227	FBgn0037549
LDECv5g07229	FBgn0005696
LDECv5g07234	FBgn0053527
LDECv5g07244	FBgn0040534
LDECv5g07246	FBgn0037622
LDECv5g07247	FBgn0025832
LDECv5g07263	FBgn0260995
LDECv5g07286	FBgn0030011
LDECv5g07292	FBgn0031478
LDECv5g07305	FBgn0017577
LDECv5g07347	FBgn0039654
LDECv5g07348	FBgn0034567
LDECv5g07361	FBgn0032217
LDECv5g07363	FBgn0031314
LDECv5g07367	FBgn0034986
LDECv5g07404	FBgn0030004
LDECv5g07418	FBgn0085454
LDECv5g07479	FBgn0038170
LDECv5g07485	FBgn0023181
LDECv5g07495	FBgn0026079
LDECv5g07504	FBgn0004864
LDECv5g07510	FBgn0033153
LDECv5g07513	FBgn0026582
LDECv5g07517	FBgn0034401
LDECv5g07529	FBgn0034030
LDECv5g07531	FBgn0034564
LDECv5g07574	FBgn0037687
LDECv5g07575	FBgn0034035
LDECv5g07581	FBgn0022213
LDECv5g07594	FBgn0033624
LDECv5g07595	FBgn0038808
LDECv5g07598	FBgn0033169
LDECv5g07600	FBgn0003206
LDECv5g07601	FBgn0024956
LDECv5g07604	FBgn0033341
LDECv5g07606	FBgn0039004
LDECv5g07607	FBgn0260962
LDECv5g07611	FBgn0037574
LDECv5g07619	FBgn0034733
LDECv5g07655	FBgn0033199
LDECv5g07659	FBgn0035644
LDECv5g07662	FBgn0266722
LDECv5g07664	FBgn0005674
LDECv5g07679	FBgn0035947
LDECv5g07684	FBgn0040268
LDECv5g07691	FBgn0052409
LDECv5g07692	FBgn0032419
LDECv5g07699	FBgn0028382
LDECv5g07700	FBgn0025808
LDECv5g07703	FBgn0032919
LDECv5g07705	FBgn0036984
LDECv5g07708	FBgn0030960
LDECv5g07712	FBgn0038723
LDECv5g07716	FBgn0033899
LDECv5g07722	FBgn0288470
LDECv5g07724	FBgn0040211
LDECv5g07725	FBgn0027600
LDECv5g07727	FBgn0031196
LDECv5g07734	FBgn0034050
LDECv5g07747	FBgn0032907
LDECv5g07748	FBgn0052418
LDECv5g07760	FBgn0030528
LDECv5g07761	FBgn0035336
LDECv5g07769	FBgn0026432
LDECv5g07777	FBgn0061362
LDECv5g07781	FBgn0028648
LDECv5g07790	FBgn0020407
LDECv5g07795	FBgn0038426
LDECv5g07796	FBgn0036847
LDECv5g07797	FBgn0051251
LDECv5g07806	FBgn0032421
LDECv5g07807	FBgn0032420
LDECv5g07816	FBgn0035398
LDECv5g07825	FBgn0039829
LDECv5g07843	FBgn0036514
LDECv5g07855	FBgn0031307
LDECv5g07857	FBgn0283525
LDECv5g07868	FBgn0028687
LDECv5g07875	FBgn0039415
LDECv5g07881	FBgn0037301
LDECv5g07895	FBgn0034073
LDECv5g07903	FBgn0038989
LDECv5g07910	FBgn0039464
LDECv5g07916	FBgn0266569
LDECv5g07931	FBgn0037899
LDECv5g07932	FBgn0031224
LDECv5g07946	FBgn0032250
LDECv5g07947	FBgn0023527
LDECv5g07950	FBgn0030063
LDECv5g07951	FBgn0038045
LDECv5g07953	FBgn0032292
LDECv5g07959	FBgn0038674
LDECv5g07963	FBgn0051195
LDECv5g07967	FBgn0027508
LDECv5g07989	FBgn0039336
LDECv5g07992	FBgn0261592
LDECv5g07999	FBgn0039155
LDECv5g08036	FBgn0039357
LDECv5g08037	FBgn0023477
LDECv5g08045	FBgn0262801
LDECv5g08048	FBgn0037809
LDECv5g08052	FBgn0037709
LDECv5g08053	FBgn0086346
LDECv5g08062	FBgn0044046
LDECv5g08063	FBgn0029906
LDECv5g08088	FBgn0003751
LDECv5g08114	FBgn0270928
LDECv5g08119	FBgn0032248
LDECv5g08126	FBgn0030086
LDECv5g08127	FBgn0053505
LDECv5g08128	FBgn0032509
LDECv5g08131	FBgn0023542
LDECv5g08137	FBgn0038977
LDECv5g08144	FBgn0032398
LDECv5g08149	FBgn0019925
LDECv5g08150	FBgn0022224
LDECv5g08159	FBgn0039755
LDECv5g08160	FBgn0036436
LDECv5g08166	FBgn0011674
LDECv5g08171	FBgn0052549
LDECv5g08185	FBgn0033526
LDECv5g08189	FBgn0030611
LDECv5g08193	FBgn0015331
LDECv5g08204	FBgn0034821
LDECv5g08205	FBgn0028400
LDECv5g08206	FBgn0039704
LDECv5g08229	FBgn0030000
LDECv5g08230	FBgn0034138
LDECv5g08231	FBgn0030358
LDECv5g08232	FBgn0037802
LDECv5g08234	FBgn0029719
LDECv5g08335	FBgn0003089
LDECv5g08341	FBgn0014340
LDECv5g08350	FBgn0024288
LDECv5g08352	FBgn0035518
LDECv5g08357	FBgn0062517
LDECv5g08359	FBgn0027057
LDECv5g08362	FBgn0020909
LDECv5g08368	FBgn0033688
LDECv5g08416	FBgn0030239
LDECv5g08431	FBgn0019972
LDECv5g08433	FBgn0024291
LDECv5g08455	FBgn0038195
LDECv5g08463	FBgn0040696
LDECv5g08466	FBgn0033485
LDECv5g08468	FBgn0267977
LDECv5g08469	FBgn0264291
LDECv5g08485	FBgn0038968
LDECv5g08496	FBgn0288976
LDECv5g08499	FBgn0031403
LDECv5g08500	FBgn0029892
LDECv5g08501	FBgn0261479
LDECv5g08505	FBgn0083968
LDECv5g08506	FBgn0032781
LDECv5g08522	FBgn0031652
LDECv5g08535	FBgn0013435
LDECv5g08538	FBgn0033917
LDECv5g08555	FBgn0034065
LDECv5g08565	FBgn0030768
LDECv5g08576	FBgn0037492
LDECv5g08588	FBgn0037756
LDECv5g08589	FBgn0067622
LDECv5g08593	FBgn0004034
LDECv5g08601	FBgn0033935
LDECv5g08602	FBgn0027496
LDECv5g08612	FBgn0261786
LDECv5g08617	FBgn0051855
LDECv5g08620	FBgn0023180
LDECv5g08622	FBgn0030877
LDECv5g08623	FBgn0267488
LDECv5g08626	FBgn0266282
LDECv5g08630	FBgn0083951
LDECv5g08645	FBgn0037822
LDECv5g08646	FBgn0037891
LDECv5g08652	FBgn0036117
LDECv5g08656	FBgn0020617
LDECv5g08678	FBgn0051450
LDECv5g08679	FBgn0037778
LDECv5g08681	FBgn0034346
LDECv5g08683	FBgn0003482
LDECv5g08688	FBgn0036570
LDECv5g08689	FBgn0035631
LDECv5g08691	FBgn0265193
LDECv5g08693	FBgn0010078
LDECv5g08696	FBgn0033985
LDECv5g08697	FBgn0016013
LDECv5g08709	FBgn0050342
LDECv5g08710	FBgn0031640
LDECv5g08736	FBgn0026402
LDECv5g08741	FBgn0033365
LDECv5g08746	FBgn0265011
LDECv5g08752	FBgn0287774
LDECv5g08775	FBgn0038180
LDECv5g08783	FBgn0036462
LDECv5g08787	FBgn0027791
LDECv5g08790	FBgn0028997
LDECv5g08791	FBgn0085512
LDECv5g08816	FBgn0010803
LDECv5g08821	FBgn0002937
LDECv5g08829	FBgn0027500
LDECv5g08844	FBgn0005533
LDECv5g08854	FBgn0034313
LDECv5g08861	FBgn0031651
LDECv5g08870	FBgn0083946
LDECv5g08871	FBgn0039283
LDECv5g08892	FBgn0035073
LDECv5g08905	FBgn0263863
LDECv5g08914	FBgn0038303
LDECv5g08915	FBgn0013432
LDECv5g08937	FBgn0030403
LDECv5g08939	FBgn0039827
LDECv5g08942	FBgn0038363
LDECv5g08946	FBgn0037897
LDECv5g08970	FBgn0001977
LDECv5g08974	FBgn0010223
LDECv5g08975	FBgn0040512
LDECv5g08976	FBgn0033907
LDECv5g08978	FBgn0010590
LDECv5g08981	FBgn0036686
LDECv5g08983	FBgn0036207
LDECv5g08989	FBgn0038950
LDECv5g08990	FBgn0038234
LDECv5g08998	FBgn0038235
LDECv5g08999	FBgn0262112
LDECv5g09009	FBgn0267431
LDECv5g09011	FBgn0261065
LDECv5g09019	FBgn0261394
LDECv5g09020	FBgn0011211
LDECv5g09042	FBgn0035059
LDECv5g09044	FBgn0031260
LDECv5g09051	FBgn0034168
LDECv5g09066	FBgn0034058
LDECv5g09074	FBgn0032724
LDECv5g09087	FBgn0033273
LDECv5g09106	FBgn0286075
LDECv5g09126	FBgn0002542
LDECv5g09135	FBgn0030573
LDECv5g09136	FBgn0003129
LDECv5g09137	FBgn0043012
LDECv5g09144	FBgn0045866
LDECv5g09147	FBgn0032052
LDECv5g09161	FBgn0033208
LDECv5g09168	FBgn0032620
LDECv5g09169	FBgn0037611
LDECv5g09179	FBgn0019936
LDECv5g09182	FBgn0003257
LDECv5g09185	FBgn0031062
LDECv5g09190	FBgn0038877
LDECv5g09194	FBgn0266918
LDECv5g09198	FBgn0034315
LDECv5g09199	FBgn0036735
LDECv5g09228	FBgn0034266
LDECv5g09238	FBgn0020305
LDECv5g09241	FBgn0033400
LDECv5g09243	FBgn0010292
LDECv5g09264	FBgn0037489
LDECv5g09268	FBgn0086656
LDECv5g09270	FBgn0287788
LDECv5g09271	FBgn0033467
LDECv5g09289	FBgn0033316
LDECv5g09298	FBgn0039683
LDECv5g09308	FBgn0013762
LDECv5g09309	FBgn0263852
LDECv5g09312	FBgn0050423
LDECv5g09314	FBgn0037022
LDECv5g09327	FBgn0034113
LDECv5g09328	FBgn0033178
LDECv5g09329	FBgn0024285
LDECv5g09335	FBgn0031252
LDECv5g09336	FBgn0034579
LDECv5g09346	FBgn0039698
LDECv5g09347	FBgn0031851
LDECv5g09353	FBgn0033378
LDECv5g09357	FBgn0023545
LDECv5g09358	FBgn0011336
LDECv5g09374	FBgn0038275
LDECv5g09375	FBgn0038902
LDECv5g09376	FBgn0289712
LDECv5g09397	FBgn0022724
LDECv5g09407	FBgn0085377
LDECv5g09410	FBgn0013954
LDECv5g09416	FBgn0025634
LDECv5g09428	FBgn0026431
LDECv5g09429	FBgn0035965
LDECv5g09430	FBgn0034859
LDECv5g09431	FBgn0034172
LDECv5g09432	FBgn0036254
LDECv5g09439	FBgn0032597
LDECv5g09448	FBgn0033911
LDECv5g09457	FBgn0052626
LDECv5g09460	FBgn0051249
LDECv5g09461	FBgn0034360
LDECv5g09472	FBgn0001491
LDECv5g09474	FBgn0029529
LDECv5g09477	FBgn0032753
LDECv5g09487	FBgn0036771
LDECv5g09488	FBgn0039280
LDECv5g09492	FBgn0003008
LDECv5g09493	FBgn0047178
LDECv5g09498	FBgn0011291
LDECv5g09500	FBgn0028427
LDECv5g09517	FBgn0037061
LDECv5g09521	FBgn0002791
LDECv5g09527	FBgn0035358
LDECv5g09538	FBgn0035317
LDECv5g09554	FBgn0035805
LDECv5g09555	FBgn0000261
LDECv5g09565	FBgn0263237
LDECv5g09566	FBgn0015834
LDECv5g09567	FBgn0025109
LDECv5g09591	FBgn0262954
LDECv5g09592	FBgn0021765
LDECv5g09595	FBgn0038673
LDECv5g09596	FBgn0030645
LDECv5g09618	FBgn0032032
LDECv5g09621	FBgn0267432
LDECv5g09642	FBgn0029706
LDECv5g09644	FBgn0035813
LDECv5g09665	FBgn0030346
LDECv5g09666	FBgn0028538
LDECv5g09677	FBgn0285910
LDECv5g09682	FBgn0041147
LDECv5g09695	FBgn0035980
LDECv5g09702	FBgn0262560
LDECv5g09713	FBgn0036566
LDECv5g09715	FBgn0033209
LDECv5g09717	FBgn0033754
LDECv5g09718	FBgn0024887
LDECv5g09719	FBgn0038107
LDECv5g09723	FBgn0033266
LDECv5g09724	FBgn0050493
LDECv5g09725	FBgn0050496
LDECv5g09729	FBgn0020224
LDECv5g09738	FBgn0034915
LDECv5g09758	FBgn0040336
LDECv5g09763	FBgn0004597
LDECv5g09764	FBgn0287454
LDECv5g09773	FBgn0036822
LDECv5g09776	FBgn0037012
LDECv5g09779	FBgn0052225
LDECv5g09783	FBgn0003062
LDECv5g09784	FBgn0050105
LDECv5g09786	FBgn0030711
LDECv5g09812	FBgn0034454
LDECv5g09814	FBgn0027090
LDECv5g09818	FBgn0029857
LDECv5g09833	FBgn0035851
LDECv5g09834	FBgn0030687
LDECv5g09847	FBgn0038552
LDECv5g09874	FBgn0035760
LDECv5g09882	FBgn0033869
LDECv5g09911	FBgn0030816
LDECv5g09923	FBgn0036973
LDECv5g09924	FBgn0032408
LDECv5g09926	FBgn0038597
LDECv5g09945	FBgn0037882
LDECv5g09961	FBgn0040283
LDECv5g09977	FBgn0038437
LDECv5g09979	FBgn0029113
LDECv5g09988	FBgn0052704
LDECv5g10013	FBgn0034259
LDECv5g10014	FBgn0033995
LDECv5g10021	FBgn0040290
LDECv5g10031	FBgn0035827
LDECv5g10035	FBgn0033507
LDECv5g10036	FBgn0036745
LDECv5g10042	FBgn0036519
LDECv5g10046	FBgn0050291
LDECv5g10048	FBgn0010747
LDECv5g10064	FBgn0037981
LDECv5g10065	FBgn0029079
LDECv5g10066	FBgn0029992
LDECv5g10067	FBgn0036668
LDECv5g10069	FBgn0036301
LDECv5g10079	FBgn0039269
LDECv5g10082	FBgn0031661
LDECv5g10105	FBgn0035057
LDECv5g10108	FBgn0038536
LDECv5g10121	FBgn0035916
LDECv5g10123	FBgn0034087
LDECv5g10124	FBgn0284251
LDECv5g10125	FBgn0025582
LDECv5g10141	FBgn0035410
LDECv5g10147	FBgn0036666
LDECv5g10148	FBgn0029873
LDECv5g10149	FBgn0035703
LDECv5g10199	FBgn0035470
LDECv5g10202	FBgn0003416
LDECv5g10205	FBgn0017579
LDECv5g10207	FBgn0035900
LDECv5g10208	FBgn0261380
LDECv5g10209	FBgn0037690
LDECv5g10210	FBgn0030792
LDECv5g10228	FBgn0036817
LDECv5g10231	FBgn0034499
LDECv5g10253	FBgn0036018
LDECv5g10256	FBgn0261683
LDECv5g10283	FBgn0034614
LDECv5g10285	FBgn0023143
LDECv5g10287	FBgn0032929
LDECv5g10299	FBgn0034495
LDECv5g10326	FBgn0053051
LDECv5g10335	FBgn0260440
LDECv5g10339	FBgn0042083
LDECv5g10341	FBgn0024841
LDECv5g10343	FBgn0038424
LDECv5g10350	FBgn0037121
LDECv5g10352	FBgn0039557
LDECv5g10353	FBgn0038319
LDECv5g10356	FBgn0037815
LDECv5g10369	FBgn0264848
LDECv5g10370	FBgn0031106
LDECv5g10373	FBgn0261680
LDECv5g10376	FBgn0038772
LDECv5g10379	FBgn0037834
LDECv5g10380	FBgn0266673
LDECv5g10382	FBgn0038490
LDECv5g10384	FBgn0263113
LDECv5g10386	FBgn0289323
LDECv5g10392	FBgn0039687
LDECv5g10393	FBgn0033225
LDECv5g10394	FBgn0032204
LDECv5g10395	FBgn0033349
LDECv5g10396	FBgn0032800
LDECv5g10397	FBgn0003277
LDECv5g10398	FBgn0052703
LDECv5g10399	FBgn0000606
LDECv5g10408	FBgn0033781
LDECv5g10416	FBgn0022936
LDECv5g10418	FBgn0015372
LDECv5g10419	FBgn0041156
LDECv5g10430	FBgn0286788
LDECv5g10431	FBgn0031455
LDECv5g10432	FBgn0031454
LDECv5g10433	FBgn0034646
LDECv5g10437	FBgn0034576
LDECv5g10438	FBgn0264325
LDECv5g10441	FBgn0266709
LDECv5g10442	FBgn0261064
LDECv5g10446	FBgn0039691
LDECv5g10449	FBgn0027334
LDECv5g10450	FBgn0039204
LDECv5g10454	FBgn0015075
LDECv5g10465	FBgn0027493
LDECv5g10470	FBgn0032799
LDECv5g10471	FBgn0034362
LDECv5g10475	FBgn0265177
LDECv5g10476	FBgn0040337
LDECv5g10487	FBgn0038601
LDECv5g10488	FBgn0039135
LDECv5g10502	FBgn0039636
LDECv5g10508	FBgn0033812
LDECv5g10511	FBgn0032020
LDECv5g10519	FBgn0033605
LDECv5g10526	FBgn0030570
LDECv5g10530	FBgn0027537
LDECv5g10533	FBgn0037447
LDECv5g10534	FBgn0038471
LDECv5g10537	FBgn0037364
LDECv5g10543	FBgn0036964
LDECv5g10544	FBgn0029905
LDECv5g10550	FBgn0033184
LDECv5g10553	FBgn0050185
LDECv5g10557	FBgn0034978
LDECv5g10563	FBgn0024196
LDECv5g10565	FBgn0025352
LDECv5g10566	FBgn0036292
LDECv5g10567	FBgn0036916
LDECv5g10574	FBgn0037637
LDECv5g10577	FBgn0028962
LDECv5g10578	FBgn0033842
LDECv5g10579	FBgn0004908
LDECv5g10580	FBgn0029818
LDECv5g10595	FBgn0027873
LDECv5g10596	FBgn0038474
LDECv5g10597	FBgn0052354
LDECv5g10607	FBgn0053082
LDECv5g10627	FBgn0033751
LDECv5g10630	FBgn0086895
LDECv5g10634	FBgn0035543
LDECv5g10669	FBgn0031347
LDECv5g10672	FBgn0038454
LDECv5g10674	FBgn0031996
LDECv5g10680	FBgn0031630
LDECv5g10682	FBgn0038205
LDECv5g10692	FBgn0033454
LDECv5g10748	FBgn0037707
LDECv5g10757	FBgn0038342
LDECv5g10766	FBgn0038467
LDECv5g10769	FBgn0034942
LDECv5g10775	FBgn0026058
LDECv5g10778	FBgn0040227
LDECv5g10793	FBgn0053260
LDECv5g10796	FBgn0030555
LDECv5g10799	FBgn0034262
LDECv5g10802	FBgn0036282
LDECv5g10803	FBgn0026378
LDECv5g10808	FBgn0036359
LDECv5g10815	FBgn0034430
LDECv5g10817	FBgn0259923
LDECv5g10821	FBgn0032244
LDECv5g10825	FBgn0036549
LDECv5g10847	FBgn0010339
LDECv5g10849	FBgn0032051
LDECv5g10865	FBgn0032400
LDECv5g10874	FBgn0035867
LDECv5g10893	FBgn0015299
LDECv5g10897	FBgn0034734
LDECv5g10898	FBgn0028375
LDECv5g10899	FBgn0031668
LDECv5g10900	FBgn0265968
LDECv5g10948	FBgn0037011
LDECv5g10949	FBgn0038358
LDECv5g10974	FBgn0020443
LDECv5g10975	FBgn0028426
LDECv5g10976	FBgn0032925
LDECv5g10978	FBgn0024227
LDECv5g10983	FBgn0038810
LDECv5g11001	FBgn0028688
LDECv5g11011	FBgn0027495
LDECv5g11016	FBgn0288700
LDECv5g11019	FBgn0035589
LDECv5g11031	FBgn0051453
LDECv5g11040	FBgn0033061
LDECv5g11049	FBgn0038577
LDECv5g11050	FBgn0038927
LDECv5g11068	FBgn0033755
LDECv5g11069	FBgn0037009
LDECv5g11077	FBgn0003330
LDECv5g11081	FBgn0034745
LDECv5g11089	FBgn0038106
LDECv5g11121	FBgn0031146
LDECv5g11123	FBgn0034994
LDECv5g11129	FBgn0050340
LDECv5g11133	FBgn0050443
LDECv5g11153	FBgn0000206
LDECv5g11154	FBgn0043005
LDECv5g11155	FBgn0038851
LDECv5g11165	FBgn0038964
LDECv5g11168	FBgn0259791
LDECv5g11175	FBgn0037689
LDECv5g11179	FBgn0039258
LDECv5g11181	FBgn0034964
LDECv5g11187	FBgn0037020
LDECv5g11188	FBgn0050467
LDECv5g11189	FBgn0034735
LDECv5g11190	FBgn0001313
LDECv5g11191	FBgn0264691
LDECv5g11192	FBgn0030141
LDECv5g11211	FBgn0034029
LDECv5g11213	FBgn0001995
LDECv5g11214	FBgn0024352
LDECv5g11222	FBgn0033972
LDECv5g11224	FBgn0039274
LDECv5g11227	FBgn0037814
LDECv5g11231	FBgn0000826
LDECv5g11232	FBgn0033210
LDECv5g11233	FBgn0037534
LDECv5g11237	FBgn0025629
LDECv5g11244	FBgn0039765
LDECv5g11245	FBgn0014092
LDECv5g11271	FBgn0037252
LDECv5g11273	FBgn0052104
LDECv5g11276	FBgn0261119
LDECv5g11284	FBgn0039160
LDECv5g11285	FBgn0037244
LDECv5g11286	FBgn0263594
LDECv5g11287	FBgn0034660
LDECv5g11310	FBgn0086916
LDECv5g11319	FBgn0034909
LDECv5g11326	FBgn0267795
LDECv5g11331	FBgn0015396
LDECv5g11338	FBgn0036992
LDECv5g11344	FBgn0259704
LDECv5g11353	FBgn0031873
LDECv5g11354	FBgn0034447
LDECv5g11363	FBgn0266111
LDECv5g11376	FBgn0014031
LDECv5g11383	FBgn0037338
LDECv5g11404	FBgn0030506
LDECv5g11415	FBgn0037370
LDECv5g11440	FBgn0038960
LDECv5g11445	FBgn0261245
LDECv5g11447	FBgn0036893
LDECv5g11451	FBgn0015336
LDECv5g11479	FBgn0052029
LDECv5g11489	FBgn0038809
LDECv5g11498	FBgn0037529
LDECv5g11500	FBgn0036569
LDECv5g11502	FBgn0261049
LDECv5g11505	FBgn0086450
LDECv5g11534	FBgn0039224
LDECv5g11535	FBgn0038115
LDECv5g11537	FBgn0015805
LDECv5g11541	FBgn0011232
LDECv5g11545	FBgn0034351
LDECv5g11547	FBgn0039639
LDECv5g11551	FBgn0260401
LDECv5g11575	FBgn0011204
LDECv5g11577	FBgn0000575
LDECv5g11582	FBgn0038815
LDECv5g11586	FBgn0261266
LDECv5g11591	FBgn0265189
LDECv5g11596	FBgn0262467
LDECv5g11599	FBgn0038473
LDECv5g11602	FBgn0039828
LDECv5g11603	FBgn0035524
LDECv5g11608	FBgn0040079
LDECv5g11612	FBgn0038173
LDECv5g11613	FBgn0034109
LDECv5g11615	FBgn0032943
LDECv5g11617	FBgn0033376
LDECv5g11633	FBgn0032644
LDECv5g11635	FBgn0036258
LDECv5g11636	FBgn0035591
LDECv5g11681	FBgn0036139
LDECv5g11698	FBgn0032231
LDECv5g11708	FBgn0265184
LDECv5g11725	FBgn0011710
LDECv5g11737	FBgn0031784
LDECv5g11740	FBgn0031492
LDECv5g11750	FBgn0030678
LDECv5g11760	FBgn0031254
LDECv5g11771	FBgn0039203
LDECv5g11772	FBgn0039306
LDECv5g11782	FBgn0050502
LDECv5g11787	FBgn0002989
LDECv5g11791	FBgn0027095
LDECv5g11792	FBgn0051648
LDECv5g11798	FBgn0039680
LDECv5g11816	FBgn0011020
LDECv5g11817	FBgn0037330
LDECv5g11823	FBgn0037937
LDECv5g11825	FBgn0284255
LDECv5g11826	FBgn0037263
LDECv5g11830	FBgn0038397
LDECv5g11833	FBgn0011227
LDECv5g11834	FBgn0026741
LDECv5g11867	FBgn0290396
LDECv5g12224	FBgn0263599
LDECv5g12228	FBgn0259113
LDECv5g12229	FBgn0020633
LDECv5g12230	FBgn0015298
LDECv5g12232	FBgn0024558
LDECv5g12255	FBgn0034095
LDECv5g12260	FBgn0034096
LDECv5g12261	FBgn0033354
LDECv5g12269	FBgn0011771
LDECv5g12292	FBgn0086134
LDECv5g12297	FBgn0034893
LDECv5g12318	FBgn0028646
LDECv5g12329	FBgn0038042
LDECv5g12330	FBgn0038046
LDECv5g12331	FBgn0038365
LDECv5g12345	FBgn0036381
LDECv5g12349	FBgn0028434
LDECv5g12380	FBgn0270926
LDECv5g12397	FBgn0029512
LDECv5g12424	FBgn0037290
LDECv5g12430	FBgn0034940
LDECv5g12450	FBgn0036348
LDECv5g12458	FBgn0031737
LDECv5g12484	FBgn0037979
LDECv5g12486	FBgn0037371
LDECv5g12487	FBgn0037276
LDECv5g12504	FBgn0036198
LDECv5g12516	FBgn0032732
LDECv5g12518	FBgn0029736
LDECv5g12522	FBgn0039305
LDECv5g12537	FBgn0034989
LDECv5g12542	FBgn0000489
LDECv5g12552	FBgn0067628
LDECv5g12556	FBgn0031048
LDECv5g12574	FBgn0039805
LDECv5g12583	FBgn0029665
LDECv5g12619	FBgn0041195
LDECv5g12620	FBgn0039055
LDECv5g12634	FBgn0030658
LDECv5g12640	FBgn0085260
LDECv5g12641	FBgn0015794
LDECv5g12650	FBgn0283503
LDECv5g12652	FBgn0031710
LDECv5g12657	FBgn0263038
LDECv5g12659	FBgn0026373
LDECv5g12668	FBgn0039558
LDECv5g12669	FBgn0286027
LDECv5g12671	FBgn0263133
LDECv5g12684	FBgn0041604
LDECv5g12686	FBgn0053169
LDECv5g12696	FBgn0016698
LDECv5g12697	FBgn0260856
LDECv5g12700	FBgn0032296
LDECv5g12701	FBgn0040705
LDECv5g12702	FBgn0033032
LDECv5g12703	FBgn0010894
LDECv5g12707	FBgn0031265
LDECv5g12715	FBgn0034791
LDECv5g12727	FBgn0035144
LDECv5g12736	FBgn0010385
LDECv5g12752	FBgn0031909
LDECv5g12753	FBgn0035449
LDECv5g12754	FBgn0036004
LDECv5g12757	FBgn0005626
LDECv5g12778	FBgn0038533
LDECv5g12779	FBgn0037838
LDECv5g12781	FBgn0037743
LDECv5g12782	FBgn0038975
LDECv5g12787	FBgn0030887
LDECv5g12789	FBgn0033309
LDECv5g12802	FBgn0031657
LDECv5g12820	FBgn0004556
LDECv5g12834	FBgn0263260
LDECv5g12841	FBgn0063485
LDECv5g12843	FBgn0086446
LDECv5g12846	FBgn0015561
LDECv5g12847	FBgn0036652
LDECv5g12852	FBgn0259238
LDECv5g12906	FBgn0025519
LDECv5g12921	FBgn0035187
LDECv5g12922	FBgn0042092
LDECv5g12925	FBgn0050109
LDECv5g12926	FBgn0036028
LDECv5g12953	FBgn0035842
LDECv5g12954	FBgn0035162
LDECv5g12963	FBgn0036580
LDECv5g12964	FBgn0033274
LDECv5g12991	FBgn0053276
LDECv5g12993	FBgn0035726
LDECv5g12997	FBgn0283681
LDECv5g13007	FBgn0026196
LDECv5g13011	FBgn0261881
LDECv5g13015	FBgn0039488
LDECv5g13028	FBgn0037892
LDECv5g13029	FBgn0032720
LDECv5g13031	FBgn0036536
LDECv5g13032	FBgn0004896
LDECv5g13063	FBgn0037661
LDECv5g13084	FBgn0031114
LDECv5g13097	FBgn0085212
LDECv5g13117	FBgn0042641
LDECv5g13127	FBgn0033778
LDECv5g13181	FBgn0038028
LDECv5g13189	FBgn0030081
LDECv5g13198	FBgn0014143
LDECv5g13205	FBgn0259164
LDECv5g13227	FBgn0002526
LDECv5g13231	FBgn0039544
LDECv5g13262	FBgn0037718
LDECv5g13263	FBgn0026261
LDECv5g13266	FBgn0025724
LDECv5g13267	FBgn0031377
LDECv5g13269	FBgn0000449
LDECv5g13285	FBgn0030099
LDECv5g13287	FBgn0032746
LDECv5g13290	FBgn0030686
LDECv5g13293	FBgn0000426
LDECv5g13294	FBgn0262601
LDECv5g13298	FBgn0053230
LDECv5g13307	FBgn0035687
LDECv5g13325	FBgn0002716
LDECv5g13336	FBgn0032031
LDECv5g13338	FBgn0032030
LDECv5g13349	FBgn0011704
LDECv5g13352	FBgn0015828
LDECv5g13355	FBgn0000618
LDECv5g13357	FBgn0261535
LDECv5g13389	FBgn0001259
LDECv5g13396	FBgn0037741
LDECv5g13399	FBgn0037250
LDECv5g13400	FBgn0010770
LDECv5g13412	FBgn0262512
LDECv5g13422	FBgn0028530
LDECv5g13423	FBgn0039293
LDECv5g13427	FBgn0263933
LDECv5g13428	FBgn0036629
LDECv5g13458	FBgn0037646
LDECv5g13459	FBgn0037647
LDECv5g13464	FBgn0038564
LDECv5g13466	FBgn0036919
LDECv5g13480	FBgn0014023
LDECv5g13482	FBgn0039942
LDECv5g13510	FBgn0027583
LDECv5g13518	FBgn0004463
LDECv5g13521	FBgn0032819
LDECv5g13523	FBgn0260858
LDECv5g13534	FBgn0039264
LDECv5g13543	FBgn0051155
LDECv5g13545	FBgn0027592
LDECv5g13556	FBgn0028398
LDECv5g13557	FBgn0015270
LDECv5g13558	FBgn0032358
LDECv5g13575	FBgn0038830
LDECv5g13597	FBgn0004066
LDECv5g13598	FBgn0032744
LDECv5g13599	FBgn0002022
LDECv5g13603	FBgn0002036
LDECv5g13610	FBgn0036437
LDECv5g13624	FBgn0037351
LDECv5g13629	FBgn0275436
LDECv5g13634	FBgn0261850
LDECv5g13635	FBgn0031854
LDECv5g13639	FBgn0033645
LDECv5g13655	FBgn0086451
LDECv5g13657	FBgn0030266
LDECv5g13664	FBgn0010786
LDECv5g13665	FBgn0043806
LDECv5g13666	FBgn0260779
LDECv5g13668	FBgn0039182
LDECv5g13670	FBgn0032258
LDECv5g13673	FBgn0037644
LDECv5g13676	FBgn0037312
LDECv5g13678	FBgn0000221
LDECv5g13680	FBgn0036414
LDECv5g13682	FBgn0032486
LDECv5g13687	FBgn0028837
LDECv5g13689	FBgn0030834
LDECv5g13698	FBgn0037772
LDECv5g13706	FBgn0023174
LDECv5g13707	FBgn0003292
LDECv5g13709	FBgn0082831
LDECv5g13731	FBgn0039627
LDECv5g13736	FBgn0003279
LDECv5g13738	FBgn0035771
LDECv5g13739	FBgn0290417
LDECv5g13748	FBgn0032703
LDECv5g13750	FBgn0037360
LDECv5g13755	FBgn0030800
LDECv5g13757	FBgn0032222
LDECv5g13763	FBgn0031256
LDECv5g13770	FBgn0036618
LDECv5g13779	FBgn0027785
LDECv5g13783	FBgn0010406
LDECv5g13784	FBgn0035830
LDECv5g13785	FBgn0037406
LDECv5g13798	FBgn0037414
LDECv5g13799	FBgn0037415
LDECv5g13812	FBgn0037419
LDECv5g13821	FBgn0037424
LDECv5g13832	FBgn0037430
LDECv5g13956	FBgn0030961
LDECv5g13964	FBgn0039009
LDECv5g13969	FBgn0014028
LDECv5g13983	FBgn0003449
LDECv5g13993	FBgn0261790
LDECv5g14000	FBgn0039631
LDECv5g14007	FBgn0261612
LDECv5g14014	FBgn0039210
LDECv5g14017	FBgn0039250
LDECv5g14020	FBgn0051915
LDECv5g14027	FBgn0000576
LDECv5g14029	FBgn0002773
LDECv5g14030	FBgn0051028
LDECv5g14032	FBgn0034380
LDECv5g14045	FBgn0001321
LDECv5g14054	FBgn0035370
LDECv5g14055	FBgn0287589
LDECv5g14056	FBgn0001086
LDECv5g14057	FBgn0260940
LDECv5g14060	FBgn0038917
LDECv5g14061	FBgn0038916
LDECv5g14072	FBgn0033539
LDECv5g14073	FBgn0033375
LDECv5g14076	FBgn0033698
LDECv5g14078	FBgn0031876
LDECv5g14079	FBgn0036058
LDECv5g14082	FBgn0035517
LDECv5g14092	FBgn0027553
LDECv5g14093	FBgn0003116
LDECv5g14095	FBgn0032154
LDECv5g14097	FBgn0030717
LDECv5g14105	FBgn0035590
LDECv5g14128	FBgn0034307
LDECv5g14129	FBgn0029629
LDECv5g14146	FBgn0036124
LDECv5g14148	FBgn0034057
LDECv5g14149	FBgn0034059
LDECv5g14150	FBgn0001276
LDECv5g14160	FBgn0034795
LDECv5g14161	FBgn0026252
LDECv5g14164	FBgn0261111
LDECv5g14166	FBgn0035374
LDECv5g14171	FBgn0290399
LDECv5g14187	FBgn0039158
LDECv5g14188	FBgn0039259
LDECv5g14189	FBgn0265351
LDECv5g14191	FBgn0038519
LDECv5g14233	FBgn0047038
LDECv5g14236	FBgn0038053
LDECv5g14253	FBgn0034265
LDECv5g14254	FBgn0017430
LDECv5g14283	FBgn0261933
LDECv5g14295	FBgn0039273
LDECv5g14296	FBgn0032988
LDECv5g14297	FBgn0038206
LDECv5g14299	FBgn0036888
LDECv5g14312	FBgn0015240
LDECv5g14314	FBgn0038611
LDECv5g14329	FBgn0039020
LDECv5g14336	FBgn0014868
LDECv5g14668	FBgn0038122
LDECv5g14677	FBgn0062442
LDECv5g14687	FBgn0052708
LDECv5g14690	FBgn0039219
LDECv5g14693	FBgn0032949
LDECv5g14790	FBgn0002905
LDECv5g14805	FBgn0036774
LDECv5g14825	FBgn0034573
LDECv5g14842	FBgn0033794
LDECv5g14866	FBgn0037632
LDECv5g14874	FBgn0040347
LDECv5g14875	FBgn0039726
LDECv5g14885	FBgn0033816
LDECv5g14908	FBgn0015351
LDECv5g14910	FBgn0028579
LDECv5g14934	FBgn0039648
LDECv5g14937	FBgn0039271
LDECv5g14938	FBgn0027524
LDECv5g14970	FBgn0025776
LDECv5g14971	FBgn0036962
LDECv5g14999	FBgn0036859
LDECv5g15006	FBgn0285951
LDECv5g15008	FBgn0266669
LDECv5g15011	FBgn0036135
LDECv5g15023	FBgn0033793
LDECv5g15028	FBgn0025781
LDECv5g15049	FBgn0037722
LDECv5g15057	FBgn0030522
LDECv5g15059	FBgn0015618
LDECv5g15067	FBgn0033813
LDECv5g15096	FBgn0038592
LDECv5g15100	FBgn0038609
LDECv5g15149	FBgn0051126
LDECv5g15161	FBgn0030092
LDECv5g15167	FBgn0051040
LDECv5g15168	FBgn0036733
LDECv5g15170	FBgn0002962
LDECv5g15180	FBgn0038722
LDECv5g15181	FBgn0014877
LDECv5g15183	FBgn0289744
LDECv5g15185	FBgn0037504
LDECv5g15192	FBgn0035998
LDECv5g15196	FBgn0027565
LDECv5g15202	FBgn0037435
LDECv5g15209	FBgn0036133
LDECv5g15217	FBgn0261987
LDECv5g15226	FBgn0035722
LDECv5g15255	FBgn0031766
LDECv5g15263	FBgn0015338
LDECv5g15284	FBgn0029755
LDECv5g15285	FBgn0036512
LDECv5g15293	FBgn0010391
LDECv5g15313	FBgn0033763
LDECv5g15321	FBgn0003687
LDECv5g15328	FBgn0023212
LDECv5g15343	FBgn0039501
LDECv5g15349	FBgn0010113
LDECv5g15358	FBgn0038774
LDECv5g15378	FBgn0026721
LDECv5g15419	FBgn0036848
LDECv5g15423	FBgn0050481
LDECv5g15447	FBgn0040228
LDECv5g15456	FBgn0037608
LDECv5g15467	FBgn0023520
LDECv5g00199	FBgn0083943
LDECv5g00440	FBgn0051076
LDECv5g00913	FBgn0040743
LDECv5g01068	FBgn0034361
LDECv5g01140	FBgn0036479
LDECv5g01888	FBgn0039296
LDECv5g02315	FBgn0042112
LDECv5g03058	FBgn0260027
LDECv5g03861	FBgn0039354
LDECv5g04309	FBgn0036157
LDECv5g05066	FBgn0085229
LDECv5g05139	FBgn0040786
LDECv5g05185	FBgn0036998
LDECv5g05986	FBgn0030292
LDECv5g06044	FBgn0003861
LDECv5g06151	FBgn0033961
LDECv5g06236	FBgn0028577
LDECv5g06239	FBgn0027794
LDECv5g06283	FBgn0036260
LDECv5g06420	FBgn0032811
LDECv5g06433	FBgn0035824
LDECv5g06478	FBgn0052485
LDECv5g06599	FBgn0034274
LDECv5g06687	FBgn0032914
LDECv5g06717	FBgn0026400
LDECv5g06733	FBgn0040715
LDECv5g06930	FBgn0030291
LDECv5g07025	FBgn0052220
LDECv5g07120	FBgn0260759
LDECv5g07657	FBgn0288967
LDECv5g07827	FBgn0030610
LDECv5g07902	FBgn0014949
LDECv5g07930	FBgn0038312
LDECv5g08333	FBgn0035179
LDECv5g08343	FBgn0032262
LDECv5g08742	FBgn0033363
LDECv5g09188	FBgn0033554
LDECv5g09292	FBgn0039588
LDECv5g09470	FBgn0035063
LDECv5g09540	FBgn0250911
LDECv5g09663	FBgn0266666
LDECv5g09739	FBgn0259727
LDECv5g10150	FBgn0266124
LDECv5g10257	FBgn0261697
LDECv5g10323	FBgn0002906
LDECv5g10445	FBgn0261858
LDECv5g10584	FBgn0039461
LDECv5g10691	FBgn0033808
LDECv5g11086	FBgn0038958
LDECv5g11146	FBgn0025879
LDECv5g11263	FBgn0031003
LDECv5g11304	FBgn0025558
LDECv5g11569	FBgn0020910
LDECv5g12493	FBgn0035323
LDECv5g12524	FBgn0031504
LDECv5g12666	FBgn0041160
LDECv5g12976	FBgn0033623
LDECv5g13209	FBgn0037156
LDECv5g13555	FBgn0260224
LDECv5g13811	FBgn0037418
LDECv5g13818	FBgn0037421
LDECv5g14098	FBgn0085188
LDECv5g14173	FBgn0039404
LDECv5g14310	FBgn0036192
LDECv5g15098	FBgn0038343
