Ldecemlineata	Tcastaneum
LDECv5g11903	TC004286
LDECv5g02580	TC033228
LDECv5g12409	TC014771
LDECv5g02543	TC013816
LDECv5g02547	TC013818
LDECv5g12860	TC008757
LDECv5g06345	TC008770
LDECv5g04173	TC002203
LDECv5g02793	TC015446
LDECv5g07344	TC015902
LDECv5g03367	TC031878
LDECv5g03323	TC004547
LDECv5g03580	TC001431
LDECv5g03386	TC013633
LDECv5g13582	TC012951
LDECv5g10101	TC002471
LDECv5g11124	TC034002
LDECv5g11363	TC034433
LDECv5g01039	TC032479
LDECv5g09674	TC009289
LDECv5g02881	TC033677
LDECv5g09206	TC033804
LDECv5g10846	TC006241
LDECv5g01865	TC031236
LDECv5g02421	TC009701
LDECv5g02979	TC032328
LDECv5g09800	TC003955
LDECv5g08927	TC009958
LDECv5g08928	TC033767
LDECv5g13716	TC033206
LDECv5g02978	TC003099
LDECv5g03552	TC010873
LDECv5g03605	TC031528
LDECv5g05238	TC008198
LDECv5g08684	TC009489
LDECv5g09245	TC008726
LDECv5g14989	TC032251
LDECv5g00730	TC006501
LDECv5g02037	TC031243
LDECv5g02661	TC033262
LDECv5g04084	TC010763
LDECv5g05414	TC008229
LDECv5g05637	TC007410
LDECv5g15364	TC032197
LDECv5g08065	TC031967
LDECv5g11399	TC034259
LDECv5g11568	TC012082
LDECv5g11570	TC034318
LDECv5g12358	TC011073
LDECv5g12444	TC002665
LDECv5g12648	TC013391
LDECv5g15077	TC014769
LDECv5g15440	TC032821
LDECv5g00149	TC001039
LDECv5g00218	TC031721
LDECv5g00436	TC011081
LDECv5g00489	TC000394
LDECv5g11942	TC006956
LDECv5g12819	TC015888
LDECv5g01396	TC034095
LDECv5g01911	TC031838
LDECv5g01731	TC006505
LDECv5g01764	TC001677
LDECv5g02951	TC014808
LDECv5g02375	TC033138
LDECv5g05450	TC002832
LDECv5g02794	TC014708
LDECv5g02883	TC034723
LDECv5g04264	TC001042
LDECv5g03281	TC030617
LDECv5g03320	TC032572
LDECv5g03486	TC034516
LDECv5g03616	TC034217
LDECv5g04043	TC031518
LDECv5g04105	TC001711
LDECv5g04554	TC033471
LDECv5g04696	TC006029
LDECv5g04707	TC033414
LDECv5g04755	TC014442
LDECv5g05159	TC032790
LDECv5g05428	TC007131
LDECv5g05937	TC007131
LDECv5g05790	TC008099
LDECv5g06148	TC000576
LDECv5g06533	TC014217
LDECv5g06585	TC002065
LDECv5g07079	TC033984
LDECv5g07376	TC031212
LDECv5g07708	TC031289
LDECv5g07709	TC031289
LDECv5g08167	TC000995
LDECv5g15619	TC003787
LDECv5g08321	TC032545
LDECv5g08385	TC032496
LDECv5g09648	TC010354
LDECv5g09780	TC032576
LDECv5g09794	TC032655
LDECv5g09863	TC010540
LDECv5g10130	TC010540
LDECv5g10052	TC002582
LDECv5g10128	TC010545
LDECv5g10462	TC008985
LDECv5g10644	TC010195
LDECv5g10661	TC005381
LDECv5g10914	TC006315
LDECv5g10913	TC006316
LDECv5g12561	TC033077
LDECv5g12674	TC033053
LDECv5g13711	TC010422
LDECv5g14316	TC001771
LDECv5g14339	TC010679
LDECv5g15065	TC012918
LDECv5g15102	TC005008
LDECv5g15300	TC007834
LDECv5g15355	TC001141
LDECv5g00023	TC002375
LDECv5g07545	TC002375
LDECv5g00091	TC000618
LDECv5g00138	TC000827
LDECv5g00150	TC002301
LDECv5g14002	TC002299
LDECv5g00216	TC032094
LDECv5g00316	TC001067
LDECv5g00317	TC032158
LDECv5g00320	TC032156
LDECv5g00333	TC004380
LDECv5g00397	TC031456
LDECv5g00514	TC000319
LDECv5g00741	TC015262
LDECv5g12431	TC031718
LDECv5g00803	TC006326
LDECv5g00963	TC002905
LDECv5g00964	TC032686
LDECv5g00981	TC034046
LDECv5g01035	TC030965
LDECv5g01064	TC032394
LDECv5g01128	TC002345
LDECv5g01191	TC031465
LDECv5g01296	TC033055
LDECv5g01405	TC033277
LDECv5g01610	TC034444
LDECv5g01978	TC010972
LDECv5g02128	TC003518
LDECv5g02156	TC001600
LDECv5g03088	TC006800
LDECv5g02335	TC030912
LDECv5g02405	TC015532
LDECv5g02436	TC030588
LDECv5g02437	TC030641
LDECv5g02678	TC031158
LDECv5g02966	TC033240
LDECv5g03014	TC034397
LDECv5g03057	TC034091
LDECv5g03245	TC011548
LDECv5g12488	TC010415
LDECv5g03315	TC001565
LDECv5g03375	TC030879
LDECv5g03405	TC010869
LDECv5g03406	TC001964
LDECv5g03494	TC013590
LDECv5g03502	TC001448
LDECv5g03567	TC001888
LDECv5g03576	TC004715
LDECv5g03700	TC013627
LDECv5g03985	TC010786
LDECv5g03996	TC014226
LDECv5g04133	TC033238
LDECv5g04146	TC033217
LDECv5g04171	TC014275
LDECv5g04273	TC015804
LDECv5g04287	TC034744
LDECv5g04343	TC014788
LDECv5g04504	TC015699
LDECv5g04506	TC033953
LDECv5g04657	TC030900
LDECv5g04837	TC014135
LDECv5g04899	TC001276
LDECv5g04908	TC010404
LDECv5g04948	TC033225
LDECv5g05028	TC004699
LDECv5g07804	TC005329
LDECv5g05071	TC015635
LDECv5g05316	TC007745
LDECv5g05349	TC032825
LDECv5g05367	TC007008
LDECv5g05368	TC008515
LDECv5g13254	TC005250
LDECv5g05592	TC007848
LDECv5g05608	TC007800
LDECv5g05933	TC007136
LDECv5g06019	TC008291
LDECv5g06027	TC032806
LDECv5g06246	TC001252
LDECv5g06264	TC013546
LDECv5g06309	TC032893
LDECv5g06328	TC008273
LDECv5g06375	TC001371
LDECv5g06557	TC004838
LDECv5g12299	TC004872
LDECv5g06617	TC009033
LDECv5g06646	TC011145
LDECv5g06665	TC032883
LDECv5g06747	TC032750
LDECv5g06823	TC007452
LDECv5g06825	TC008048
LDECv5g06832	TC007448
LDECv5g06929	TC014540
LDECv5g06935	TC014539
LDECv5g07062	TC034075
LDECv5g07499	TC009046
LDECv5g09480	TC033771
LDECv5g07529	TC033771
LDECv5g07533	TC009743
LDECv5g07561	TC034462
LDECv5g07639	TC014537
LDECv5g07642	TC031194
LDECv5g07648	TC009766
LDECv5g07741	TC006436
LDECv5g07788	TC034108
LDECv5g07928	TC031075
LDECv5g07942	TC004932
LDECv5g07949	TC030741
LDECv5g08040	TC000797
LDECv5g08064	TC000688
LDECv5g08145	TC001323
LDECv5g08344	TC031052
LDECv5g08534	TC006162
LDECv5g08680	TC015931
LDECv5g08813	TC016380
LDECv5g08982	TC031193
LDECv5g09057	TC009156
LDECv5g12865	TC008935
LDECv5g09186	TC009426
LDECv5g09194	TC014541
LDECv5g09262	TC008993
LDECv5g09404	TC010163
LDECv5g09403	TC010164
LDECv5g09457	TC008921
LDECv5g09462	TC033756
LDECv5g09469	TC008907
LDECv5g09536	TC006994
LDECv5g09587	TC003942
LDECv5g09600	TC003854
LDECv5g09632	TC002636
LDECv5g09703	TC000268
LDECv5g09714	TC003159
LDECv5g09716	TC032313
LDECv5g09721	TC003141
LDECv5g10011	TC032465
LDECv5g10010	TC032464
LDECv5g10032	TC003186
LDECv5g10047	TC031058
LDECv5g10050	TC032574
LDECv5g10058	TC006978
LDECv5g10171	TC034592
LDECv5g10192	TC003405
LDECv5g10202	TC004220
LDECv5g10270	TC032341
LDECv5g10296	TC003024
LDECv5g10309	TC003127
LDECv5g10436	TC033702
LDECv5g10524	TC009584
LDECv5g10632	TC033834
LDECv5g10645	TC031262
LDECv5g10768	TC034097
LDECv5g10821	TC034140
LDECv5g11105	TC015479
LDECv5g11104	TC015478
LDECv5g11107	TC006787
LDECv5g11145	TC002264
LDECv5g11237	TC012665
LDECv5g11286	TC012407
LDECv5g11324	TC011732
LDECv5g11342	TC011738
LDECv5g11356	TC011808
LDECv5g11377	TC012652
LDECv5g11786	TC015608
LDECv5g12221	TC014149
LDECv5g12277	TC031941
LDECv5g12367	TC010434
LDECv5g12383	TC033268
LDECv5g12599	TC013022
LDECv5g12655	TC013394
LDECv5g13025	TC014547
LDECv5g13067	TC009747
LDECv5g13132	TC032377
LDECv5g13323	TC013085
LDECv5g13426	TC031046
LDECv5g13554	TC014794
LDECv5g13682	TC033022
LDECv5g13689	TC031127
LDECv5g13858	TC011986
LDECv5g13953	TC031245
LDECv5g13956	TC034378
LDECv5g13957	TC012518
LDECv5g13968	TC031239
LDECv5g14026	TC033187
LDECv5g14080	TC010381
LDECv5g14086	TC003693
LDECv5g14123	TC012347
LDECv5g14144	TC031061
LDECv5g14255	TC032290
LDECv5g14315	TC034352
LDECv5g14327	TC010675
LDECv5g14697	TC014101
LDECv5g14877	TC031316
LDECv5g14903	TC030950
LDECv5g14936	TC000885
LDECv5g14940	TC000889
LDECv5g14969	TC010230
LDECv5g15114	TC004501
LDECv5g15239	TC032755
LDECv5g15260	TC007647
LDECv5g15296	TC032747
LDECv5g15325	TC001239
LDECv5g15455	TC008303
LDECv5g00012	TC011252
LDECv5g00013	TC000612
LDECv5g00024	TC000932
LDECv5g00027	TC031394
LDECv5g00054	TC032092
LDECv5g00098	TC001356
LDECv5g00105	TC031483
LDECv5g00107	TC000973
LDECv5g00282	TC001327
LDECv5g00351	TC001068
LDECv5g00359	TC001035
LDECv5g00361	TC001142
LDECv5g00367	TC004551
LDECv5g00386	TC000571
LDECv5g00402	TC004356
LDECv5g00438	TC034557
LDECv5g00509	TC004393
LDECv5g00535	TC034900
LDECv5g00590	TC003774
LDECv5g00604	TC004545
LDECv5g00611	TC004549
LDECv5g00634	TC004846
LDECv5g00652	TC010693
LDECv5g00669	TC032189
LDECv5g00682	TC031430
LDECv5g00798	TC005496
LDECv5g00809	TC005477
LDECv5g00834	TC005474
LDECv5g00852	TC015986
LDECv5g00855	TC034036
LDECv5g00892	TC032580
LDECv5g00935	TC005835
LDECv5g00946	TC034037
LDECv5g00960	TC006261
LDECv5g00978	TC005314
LDECv5g01003	TC005539
LDECv5g01010	TC004017
LDECv5g01013	TC010503
LDECv5g01028	TC034995
LDECv5g01032	TC003597
LDECv5g01036	TC030965
LDECv5g01043	TC000104
LDECv5g01102	TC031749
LDECv5g01161	TC014488
LDECv5g01164	TC013504
LDECv5g01190	TC013520
LDECv5g01195	TC033125
LDECv5g01199	TC013495
LDECv5g01309	TC010471
LDECv5g01312	TC012990
LDECv5g01318	TC031931
LDECv5g01320	TC031929
LDECv5g01325	TC014589
LDECv5g01340	TC013325
LDECv5g01362	TC013540
LDECv5g01363	TC013545
LDECv5g01382	TC002403
LDECv5g01412	TC013723
LDECv5g01416	TC010898
LDECv5g01483	TC004088
LDECv5g01501	TC034362
LDECv5g01546	TC034249
LDECv5g01563	TC012424
LDECv5g01564	TC012425
LDECv5g01643	TC012280
LDECv5g01690	TC010974
LDECv5g01756	TC012857
LDECv5g01757	TC001676
LDECv5g01774	TC001941
LDECv5g01775	TC012645
LDECv5g01791	TC030563
LDECv5g01803	TC011963
LDECv5g01837	TC004313
LDECv5g01843	TC011694
LDECv5g01859	TC011980
LDECv5g01906	TC011606
LDECv5g01927	TC012618
LDECv5g01954	TC012258
LDECv5g01979	TC034277
LDECv5g01985	TC034892
LDECv5g01987	TC012544
LDECv5g02047	TC012779
LDECv5g02084	TC002697
LDECv5g02102	TC034432
LDECv5g02193	TC011225
LDECv5g02239	TC014568
LDECv5g02247	TC034612
LDECv5g02271	TC006062
LDECv5g02279	TC015386
LDECv5g02337	TC033134
LDECv5g02349	TC013782
LDECv5g02353	TC013784
LDECv5g02359	TC013786
LDECv5g02395	TC009940
LDECv5g02398	TC033536
LDECv5g02430	TC009828
LDECv5g02559	TC000150
LDECv5g02573	TC003753
LDECv5g02575	TC003752
LDECv5g02624	TC033127
LDECv5g02628	TC031145
LDECv5g02647	TC034613
LDECv5g02653	TC014806
LDECv5g02687	TC004630
LDECv5g02757	TC030577
LDECv5g02760	TC013453
LDECv5g02783	TC014703
LDECv5g02786	TC014705
LDECv5g02871	TC010846
LDECv5g02919	TC008416
LDECv5g02962	TC033242
LDECv5g02994	TC007508
LDECv5g03002	TC031758
LDECv5g03010	TC012585
LDECv5g03150	TC003240
LDECv5g03151	TC003208
LDECv5g03179	TC012576
LDECv5g03239	TC034580
LDECv5g03269	TC012071
LDECv5g03373	TC031481
LDECv5g03389	TC014236
LDECv5g03392	TC010805
LDECv5g03394	TC010799
LDECv5g03407	TC001983
LDECv5g03414	TC001461
LDECv5g03425	TC031499
LDECv5g03431	TC004607
LDECv5g03453	TC005185
LDECv5g03455	TC004128
LDECv5g03497	TC013589
LDECv5g03498	TC034520
LDECv5g03509	TC004719
LDECv5g03511	TC034524
LDECv5g03512	TC031520
LDECv5g03524	TC006846
LDECv5g03532	TC004608
LDECv5g03553	TC031579
LDECv5g03555	TC010853
LDECv5g03559	TC031486
LDECv5g03574	TC010848
LDECv5g03589	TC004641
LDECv5g03591	TC034515
LDECv5g03594	TC001887
LDECv5g03608	TC004129
LDECv5g03647	TC014200
LDECv5g03679	TC034531
LDECv5g03754	TC005178
LDECv5g03763	TC013650
LDECv5g03768	TC005184
LDECv5g03785	TC031466
LDECv5g03810	TC005182
LDECv5g03816	TC004638
LDECv5g03864	TC004706
LDECv5g03886	TC031494
LDECv5g03905	TC010878
LDECv5g03938	TC030076
LDECv5g03954	TC004726
LDECv5g03960	TC004798
LDECv5g03995	TC014225
LDECv5g03997	TC013581
LDECv5g04009	TC004615
LDECv5g04010	TC010883
LDECv5g04015	TC004654
LDECv5g04025	TC004616
LDECv5g04040	TC014241
LDECv5g04042	TC031501
LDECv5g04046	TC031516
LDECv5g04047	TC004611
LDECv5g04051	TC013567
LDECv5g04097	TC012311
LDECv5g04127	TC013566
LDECv5g04129	TC010870
LDECv5g04142	TC033243
LDECv5g04217	TC033410
LDECv5g04253	TC033310
LDECv5g04275	TC015958
LDECv5g04279	TC033450
LDECv5g04297	TC014393
LDECv5g04298	TC008316
LDECv5g04322	TC030773
LDECv5g04402	TC033397
LDECv5g04404	TC006094
LDECv5g04425	TC015822
LDECv5g04426	TC030914
LDECv5g04460	TC015535
LDECv5g04524	TC015145
LDECv5g04542	TC006033
LDECv5g04564	TC015937
LDECv5g04566	TC015430
LDECv5g04575	TC015302
LDECv5g04576	TC015655
LDECv5g04721	TC014953
LDECv5g04726	TC015025
LDECv5g04727	TC015660
LDECv5g04754	TC010445
LDECv5g04785	TC014478
LDECv5g04803	TC013348
LDECv5g04848	TC013682
LDECv5g04862	TC014600
LDECv5g04869	TC013407
LDECv5g04884	TC014127
LDECv5g04888	TC013337
LDECv5g04895	TC033048
LDECv5g04900	TC014483
LDECv5g04901	TC010408
LDECv5g04902	TC033101
LDECv5g04905	TC010406
LDECv5g04924	TC033029
LDECv5g04977	TC030598
LDECv5g05030	TC034722
LDECv5g05047	TC015690
LDECv5g05070	TC034748
LDECv5g05073	TC013629
LDECv5g05079	TC033407
LDECv5g05096	TC014959
LDECv5g05197	TC008521
LDECv5g05215	TC008032
LDECv5g05223	TC007525
LDECv5g05227	TC032830
LDECv5g05230	TC032880
LDECv5g05304	TC007618
LDECv5g05310	TC007883
LDECv5g05324	TC032839
LDECv5g05378	TC007248
LDECv5g05399	TC006879
LDECv5g05417	TC007205
LDECv5g05468	TC034528
LDECv5g05469	TC007760
LDECv5g05470	TC007759
LDECv5g05490	TC008122
LDECv5g05522	TC008212
LDECv5g05525	TC007257
LDECv5g05542	TC007265
LDECv5g05563	TC007060
LDECv5g05564	TC007146
LDECv5g05567	TC008334
LDECv5g05568	TC007305
LDECv5g05578	TC008326
LDECv5g05615	TC007253
LDECv5g05635	TC007409
LDECv5g05669	TC007033
LDECv5g05719	TC007810
LDECv5g05783	TC007912
LDECv5g05816	TC008185
LDECv5g05851	TC008292
LDECv5g05858	TC007693
LDECv5g05869	TC032815
LDECv5g05890	TC034651
LDECv5g05907	TC007676
LDECv5g05915	TC031096
LDECv5g05923	TC007083
LDECv5g05991	TC007336
LDECv5g06038	TC007446
LDECv5g06052	TC007481
LDECv5g06055	TC008009
LDECv5g06081	TC032949
LDECv5g06121	TC004381
LDECv5g06236	TC032198
LDECv5g06267	TC001231
LDECv5g06277	TC011565
LDECv5g06284	TC000543
LDECv5g06287	TC032216
LDECv5g06291	TC000335
LDECv5g06298	TC000504
LDECv5g06326	TC032748
LDECv5g06335	TC011397
LDECv5g06342	TC032723
LDECv5g06404	TC032080
LDECv5g06423	TC001346
LDECv5g06457	TC008020
LDECv5g06463	TC007872
LDECv5g06537	TC030897
LDECv5g06547	TC004432
LDECv5g06582	TC000383
LDECv5g06592	TC032195
LDECv5g06596	TC000583
LDECv5g06606	TC011557
LDECv5g06638	TC014644
LDECv5g06716	TC032769
LDECv5g06740	TC007327
LDECv5g06749	TC007656
LDECv5g06750	TC007250
LDECv5g06776	TC007475
LDECv5g06779	TC032719
LDECv5g06781	TC030714
LDECv5g06816	TC008248
LDECv5g06818	TC007228
LDECv5g06820	TC031105
LDECv5g06847	TC007854
LDECv5g06867	TC008236
LDECv5g06880	TC007794
LDECv5g06939	TC007231
LDECv5g06942	TC008240
LDECv5g06957	TC034197
LDECv5g06974	TC030608
LDECv5g06992	TC033884
LDECv5g07012	TC005341
LDECv5g07017	TC031275
LDECv5g07030	TC005952
LDECv5g07077	TC006187
LDECv5g07139	TC034109
LDECv5g07148	TC006407
LDECv5g07190	TC031283
LDECv5g07276	TC033264
LDECv5g07294	TC033566
LDECv5g07303	TC009259
LDECv5g07324	TC014533
LDECv5g07358	TC031214
LDECv5g07484	TC033686
LDECv5g07566	TC033775
LDECv5g07603	TC010029
LDECv5g07609	TC008818
LDECv5g07629	TC009268
LDECv5g07656	TC008835
LDECv5g07669	TC006551
LDECv5g07682	TC006679
LDECv5g07721	TC006471
LDECv5g07731	TC006773
LDECv5g07771	TC002221
LDECv5g07782	TC005447
LDECv5g07886	TC000160
LDECv5g07898	TC004825
LDECv5g07899	TC004830
LDECv5g07917	TC032097
LDECv5g07927	TC011026
LDECv5g07929	TC030670
LDECv5g07938	TC004461
LDECv5g07962	TC000185
LDECv5g07980	TC031981
LDECv5g08151	TC011033
LDECv5g08161	TC000546
LDECv5g08168	TC031364
LDECv5g08184	TC031001
LDECv5g08195	TC032148
LDECv5g08345	TC002649
LDECv5g08406	TC034622
LDECv5g08410	TC032248
LDECv5g08431	TC003841
LDECv5g08445	TC002272
LDECv5g08502	TC000132
LDECv5g08509	TC003327
LDECv5g08544	TC005995
LDECv5g08610	TC001022
LDECv5g08626	TC005764
LDECv5g08636	TC009435
LDECv5g08644	TC030007
LDECv5g08651	TC033748
LDECv5g08733	TC009087
LDECv5g08741	TC008653
LDECv5g08749	TC033183
LDECv5g08751	TC033180
LDECv5g08769	TC009782
LDECv5g08817	TC033581
LDECv5g08821	TC016092
LDECv5g08835	TC033650
LDECv5g08848	TC031190
LDECv5g08854	TC009812
LDECv5g08867	TC009106
LDECv5g08868	TC009729
LDECv5g08912	TC009140
LDECv5g08916	TC033518
LDECv5g08975	TC009027
LDECv5g08979	TC033639
LDECv5g09033	TC010597
LDECv5g09133	TC009245
LDECv5g09196	TC009190
LDECv5g09212	TC004422
LDECv5g09224	TC033858
LDECv5g09229	TC008671
LDECv5g09240	TC001738
LDECv5g09274	TC031207
LDECv5g09290	TC008896
LDECv5g09319	TC033522
LDECv5g09324	TC031186
LDECv5g09366	TC016051
LDECv5g09405	TC008661
LDECv5g09418	TC010061
LDECv5g09423	TC009165
LDECv5g09438	TC009191
LDECv5g09443	TC009184
LDECv5g09467	TC009937
LDECv5g09484	TC032180
LDECv5g09502	TC034634
LDECv5g09506	TC032642
LDECv5g09514	TC002488
LDECv5g09518	TC032637
LDECv5g09541	TC002395
LDECv5g09560	TC003964
LDECv5g09589	TC005858
LDECv5g09603	TC031053
LDECv5g09613	TC002504
LDECv5g09617	TC002629
LDECv5g09640	TC005855
LDECv5g09692	TC034566
LDECv5g09736	TC032596
LDECv5g09767	TC003821
LDECv5g09820	TC002367
LDECv5g09842	TC031024
LDECv5g09845	TC034577
LDECv5g09848	TC003328
LDECv5g09861	TC032516
LDECv5g09874	TC032700
LDECv5g09876	TC004030
LDECv5g09891	TC006983
LDECv5g09914	TC003570
LDECv5g09919	TC003424
LDECv5g09930	TC003589
LDECv5g09960	TC003514
LDECv5g09962	TC006451
LDECv5g10007	TC002550
LDECv5g10041	TC002585
LDECv5g10138	TC004018
LDECv5g10143	TC032674
LDECv5g10145	TC032674
LDECv5g10179	TC003971
LDECv5g10186	TC003355
LDECv5g10258	TC032343
LDECv5g10308	TC003021
LDECv5g10344	TC010123
LDECv5g10346	TC033588
LDECv5g10351	TC010119
LDECv5g10396	TC009344
LDECv5g10457	TC009541
LDECv5g10496	TC015927
LDECv5g10519	TC033579
LDECv5g10581	TC008860
LDECv5g10666	TC034180
LDECv5g10685	TC006495
LDECv5g10688	TC005515
LDECv5g10781	TC015472
LDECv5g10790	TC015245
LDECv5g10806	TC031574
LDECv5g10818	TC005500
LDECv5g10823	TC034139
LDECv5g10833	TC005910
LDECv5g10861	TC005864
LDECv5g10935	TC015222
LDECv5g10947	TC006296
LDECv5g10972	TC033929
LDECv5g10990	TC006222
LDECv5g11018	TC006138
LDECv5g11024	TC006488
LDECv5g11028	TC034176
LDECv5g11119	TC006701
LDECv5g11123	TC006171
LDECv5g11134	TC031288
LDECv5g11164	TC012168
LDECv5g11177	TC012068
LDECv5g11200	TC012582
LDECv5g11217	TC034332
LDECv5g11247	TC034427
LDECv5g11267	TC031765
LDECv5g11274	TC011971
LDECv5g11300	TC016033
LDECv5g11302	TC016270
LDECv5g11339	TC034438
LDECv5g11346	TC011992
LDECv5g11348	TC011953
LDECv5g11351	TC012698
LDECv5g11359	TC011813
LDECv5g11362	TC011814
LDECv5g11423	TC012492
LDECv5g11425	TC012491
LDECv5g11426	TC031766
LDECv5g11525	TC032626
LDECv5g11538	TC011508
LDECv5g11544	TC012074
LDECv5g11573	TC003537
LDECv5g11588	TC012118
LDECv5g11619	TC003391
LDECv5g11637	TC003035
LDECv5g11685	TC031022
LDECv5g11692	TC003295
LDECv5g11697	TC002523
LDECv5g11704	TC032354
LDECv5g11729	TC033401
LDECv5g11782	TC009754
LDECv5g11784	TC009072
LDECv5g11794	TC015325
LDECv5g11806	TC009788
LDECv5g11813	TC015275
LDECv5g11840	TC015498
LDECv5g11853	TC000625
LDECv5g11864	TC031392
LDECv5g12234	TC013656
LDECv5g12237	TC001324
LDECv5g12284	TC011114
LDECv5g12293	TC031992
LDECv5g12456	TC011128
LDECv5g12503	TC000606
LDECv5g12504	TC000323
LDECv5g12505	TC000321
LDECv5g12514	TC014364
LDECv5g12528	TC031140
LDECv5g12563	TC033105
LDECv5g12602	TC034687
LDECv5g12605	TC013703
LDECv5g12610	TC013701
LDECv5g12618	TC000451
LDECv5g12636	TC032035
LDECv5g12645	TC034685
LDECv5g12717	TC030667
LDECv5g12721	TC003628
LDECv5g12725	TC003630
LDECv5g12732	TC031040
LDECv5g12737	TC003639
LDECv5g12758	TC003908
LDECv5g12791	TC033868
LDECv5g12792	TC033870
LDECv5g12839	TC009310
LDECv5g12852	TC033551
LDECv5g12870	TC033742
LDECv5g12897	TC000041
LDECv5g12898	TC032478
LDECv5g12924	TC003911
LDECv5g12940	TC033267
LDECv5g12969	TC003454
LDECv5g12971	TC004584
LDECv5g12975	TC003451
LDECv5g12994	TC032404
LDECv5g13001	TC010378
LDECv5g13027	TC013256
LDECv5g13043	TC033678
LDECv5g13073	TC030784
LDECv5g13191	TC002789
LDECv5g13211	TC013292
LDECv5g13228	TC002816
LDECv5g13236	TC032415
LDECv5g13243	TC003560
LDECv5g13261	TC002099
LDECv5g13320	TC014363
LDECv5g13341	TC013945
LDECv5g13356	TC013938
LDECv5g13374	TC000366
LDECv5g13391	TC033996
LDECv5g13398	TC009916
LDECv5g13410	TC011305
LDECv5g13424	TC033019
LDECv5g13428	TC013887
LDECv5g13453	TC012992
LDECv5g13462	TC010923
LDECv5g13484	TC012902
LDECv5g13498	TC014052
LDECv5g13517	TC030607
LDECv5g13529	TC030624
LDECv5g13536	TC031939
LDECv5g13542	TC013691
LDECv5g13566	TC014580
LDECv5g13621	TC033193
LDECv5g13640	TC033258
LDECv5g13651	TC014609
LDECv5g13686	TC032986
LDECv5g13724	TC013875
LDECv5g13730	TC014626
LDECv5g13747	TC012814
LDECv5g13776	TC011641
LDECv5g13860	TC031252
LDECv5g13962	TC012521
LDECv5g13985	TC003408
LDECv5g14042	TC012639
LDECv5g14043	TC011876
LDECv5g14048	TC031577
LDECv5g14058	TC034342
LDECv5g14226	TC012454
LDECv5g14228	TC012455
LDECv5g14247	TC003198
LDECv5g14269	TC032287
LDECv5g14272	TC003238
LDECv5g14303	TC010649
LDECv5g14306	TC034351
LDECv5g14660	TC012126
LDECv5g14684	TC001120
LDECv5g14785	TC011095
LDECv5g14798	TC011205
LDECv5g14915	TC000699
LDECv5g14933	TC012450
LDECv5g14975	TC032006
LDECv5g15003	TC004819
LDECv5g15015	TC000781
LDECv5g15022	TC031963
LDECv5g15035	TC004976
LDECv5g15045	TC011261
LDECv5g15048	TC000873
LDECv5g15063	TC001278
LDECv5g15145	TC000750
LDECv5g15169	TC001297
LDECv5g15178	TC001302
LDECv5g15192	TC000231
LDECv5g15195	TC032012
LDECv5g15206	TC031362
LDECv5g15207	TC031361
LDECv5g15214	TC032056
LDECv5g15218	TC000813
LDECv5g15252	TC007861
LDECv5g15259	TC032751
LDECv5g15280	TC034925
LDECv5g15301	TC007192
LDECv5g15315	TC007720
LDECv5g15329	TC001074
LDECv5g15356	TC000430
LDECv5g15442	TC032822
LDECv5g15471	TC007089
LDECv5g15489	TC009127
LDECv5g00005	TC000641
LDECv5g00007	TC000933
LDECv5g00008	TC001362
LDECv5g00010	TC000165
LDECv5g00011	TC001375
LDECv5g00015	TC000969
LDECv5g00016	TC008924
LDECv5g00017	TC032120
LDECv5g00018	TC001148
LDECv5g00019	TC000408
LDECv5g00030	TC032029
LDECv5g00031	TC000970
LDECv5g00032	TC000968
LDECv5g00033	TC031326
LDECv5g00034	TC032224
LDECv5g00047	TC011467
LDECv5g00050	TC004402
LDECv5g00051	TC008156
LDECv5g00055	TC011185
LDECv5g00056	TC011106
LDECv5g00057	TC031391
LDECv5g00058	TC011372
LDECv5g00059	TC011105
LDECv5g00061	TC011374
LDECv5g00062	TC011182
LDECv5g00063	TC005779
LDECv5g00064	TC031442
LDECv5g00065	TC030578
LDECv5g00066	TC011007
LDECv5g00067	TC011475
LDECv5g00068	TC004929
LDECv5g00069	TC031634
LDECv5g00072	TC011399
LDECv5g00075	TC001958
LDECv5g00086	TC004261
LDECv5g00087	TC000960
LDECv5g00088	TC032121
LDECv5g00089	TC000609
LDECv5g00090	TC000611
LDECv5g00092	TC000824
LDECv5g00093	TC032171
LDECv5g00094	TC032165
LDECv5g00096	TC030986
LDECv5g00097	TC004463
LDECv5g00099	TC000478
LDECv5g00101	TC000184
LDECv5g00102	TC011318
LDECv5g00106	TC031365
LDECv5g00108	TC000610
LDECv5g00109	TC000686
LDECv5g00114	TC000988
LDECv5g00117	TC000587
LDECv5g00120	TC000588
LDECv5g00123	TC004936
LDECv5g00124	TC032140
LDECv5g00125	TC000549
LDECv5g00126	TC000585
LDECv5g00127	TC000586
LDECv5g00128	TC031454
LDECv5g00130	TC004390
LDECv5g00131	TC000971
LDECv5g00133	TC010778
LDECv5g00134	TC000972
LDECv5g00135	TC000747
LDECv5g00136	TC000748
LDECv5g00137	TC000825
LDECv5g00139	TC000746
LDECv5g00145	TC004416
LDECv5g00147	TC004980
LDECv5g00148	TC000537
LDECv5g00151	TC014611
LDECv5g00155	TC001018
LDECv5g00156	TC000552
LDECv5g00157	TC000551
LDECv5g00159	TC001017
LDECv5g00161	TC032137
LDECv5g00164	TC014967
LDECv5g00165	TC001036
LDECv5g00166	TC000539
LDECv5g00167	TC001037
LDECv5g00168	TC000538
LDECv5g00169	TC011011
LDECv5g00170	TC011012
LDECv5g00173	TC011468
LDECv5g00174	TC011013
LDECv5g00175	TC034902
LDECv5g00177	TC000565
LDECv5g00189	TC000562
LDECv5g00195	TC001010
LDECv5g00199	TC001009
LDECv5g00207	TC000558
LDECv5g00208	TC001014
LDECv5g00210	TC001100
LDECv5g00211	TC011079
LDECv5g00212	TC011434
LDECv5g00213	TC000677
LDECv5g00214	TC000679
LDECv5g00215	TC000876
LDECv5g00217	TC031902
LDECv5g00221	TC000685
LDECv5g00222	TC002072
LDECv5g00238	TC004812
LDECv5g00241	TC000424
LDECv5g00242	TC032181
LDECv5g00243	TC001144
LDECv5g00244	TC000423
LDECv5g00245	TC001146
LDECv5g00246	TC001072
LDECv5g00247	TC034564
LDECv5g00248	TC032186
LDECv5g00249	TC004734
LDECv5g00250	TC032185
LDECv5g00251	TC000297
LDECv5g00252	TC030585
LDECv5g00253	TC000275
LDECv5g00259	TC001266
LDECv5g00260	TC032236
LDECv5g00261	TC001264
LDECv5g00262	TC000286
LDECv5g00263	TC000296
LDECv5g00264	TC000274
LDECv5g00265	TC010140
LDECv5g00266	TC000974
LDECv5g00268	TC001103
LDECv5g00269	TC001105
LDECv5g00271	TC011645
LDECv5g00272	TC001104
LDECv5g00273	TC000462
LDECv5g00274	TC032169
LDECv5g00276	TC000466
LDECv5g00277	TC001101
LDECv5g00278	TC000467
LDECv5g00279	TC034704
LDECv5g00280	TC000308
LDECv5g00281	TC034702
LDECv5g00283	TC000219
LDECv5g00284	TC031885
LDECv5g00285	TC001326
LDECv5g00288	TC001325
LDECv5g00289	TC000218
LDECv5g00290	TC032256
LDECv5g00291	TC001328
LDECv5g00292	TC000217
LDECv5g00294	TC015892
LDECv5g00295	TC001329
LDECv5g00296	TC001330
LDECv5g00298	TC000215
LDECv5g00300	TC000209
LDECv5g00301	TC001336
LDECv5g00302	TC000208
LDECv5g00304	TC001338
LDECv5g00305	TC000301
LDECv5g00309	TC032258
LDECv5g00310	TC001334
LDECv5g00311	TC005135
LDECv5g00313	TC031795
LDECv5g00318	TC000511
LDECv5g00321	TC000514
LDECv5g00322	TC032155
LDECv5g00324	TC000518
LDECv5g00326	TC001243
LDECv5g00327	TC032222
LDECv5g00334	TC004373
LDECv5g00336	TC011201
LDECv5g00337	TC000542
LDECv5g00340	TC032146
LDECv5g00341	TC001051
LDECv5g00342	TC001257
LDECv5g00348	TC030021
LDECv5g00349	TC000822
LDECv5g00352	TC000508
LDECv5g00354	TC001069
LDECv5g00355	TC034559
LDECv5g00356	TC032227
LDECv5g00357	TC014054
LDECv5g00360	TC004426
LDECv5g00362	TC004364
LDECv5g00368	TC004839
LDECv5g00369	TC008984
LDECv5g00370	TC000393
LDECv5g00371	TC001165
LDECv5g00372	TC001164
LDECv5g00373	TC004842
LDECv5g00375	TC031005
LDECv5g00377	TC000574
LDECv5g00378	TC001000
LDECv5g00379	TC030994
LDECv5g00382	TC001001
LDECv5g00387	TC000312
LDECv5g00391	TC011311
LDECv5g00392	TC004365
LDECv5g00394	TC031453
LDECv5g00395	TC011179
LDECv5g00400	TC004399
LDECv5g00401	TC004400
LDECv5g00405	TC001359
LDECv5g00406	TC004401
LDECv5g00407	TC014046
LDECv5g00408	TC001357
LDECv5g00409	TC034372
LDECv5g00423	TC000183
LDECv5g00422	TC001358
LDECv5g00424	TC001366
LDECv5g00425	TC004840
LDECv5g00426	TC004550
LDECv5g00427	TC000175
LDECv5g00432	TC001367
LDECv5g00433	TC011176
LDECv5g00434	TC011316
LDECv5g00435	TC004387
LDECv5g00437	TC000570
LDECv5g00440	TC001057
LDECv5g00445	TC032152
LDECv5g00447	TC000520
LDECv5g00450	TC000521
LDECv5g00459	TC004357
LDECv5g00461	TC009996
LDECv5g00462	TC000391
LDECv5g00464	TC011171
LDECv5g00467	TC011170
LDECv5g00470	TC011165
LDECv5g00471	TC031367
LDECv5g00472	TC011163
LDECv5g00483	TC000619
LDECv5g00484	TC000630
LDECv5g00485	TC011204
LDECv5g00487	TC001161
LDECv5g00495	TC016200
LDECv5g00496	TC011048
LDECv5g00498	TC001034
LDECv5g00499	TC002967
LDECv5g00501	TC004389
LDECv5g00502	TC011313
LDECv5g00503	TC011312
LDECv5g00506	TC004391
LDECv5g00507	TC004392
LDECv5g00511	TC004359
LDECv5g00512	TC030733
LDECv5g00513	TC001237
LDECv5g00515	TC032221
LDECv5g00520	TC030948
LDECv5g00521	TC031791
LDECv5g00524	TC005120
LDECv5g00525	TC005129
LDECv5g00528	TC009293
LDECv5g00529	TC016108
LDECv5g00531	TC016126
LDECv5g00532	TC016111
LDECv5g00533	TC016110
LDECv5g00537	TC015698
LDECv5g00538	TC014986
LDECv5g00539	TC033166
LDECv5g00541	TC011263
LDECv5g00543	TC015696
LDECv5g00544	TC014988
LDECv5g00550	TC014987
LDECv5g00551	TC016093
LDECv5g00552	TC016079
LDECv5g00556	TC031338
LDECv5g00561	TC031337
LDECv5g00562	TC016087
LDECv5g00564	TC016229
LDECv5g00565	TC016227
LDECv5g00567	TC016226
LDECv5g00573	TC016203
LDECv5g00574	TC016223
LDECv5g00580	TC016224
LDECv5g00582	TC016205
LDECv5g00585	TC001477
LDECv5g00587	TC001099
LDECv5g00588	TC004236
LDECv5g00589	TC004244
LDECv5g00591	TC004451
LDECv5g00594	TC004440
LDECv5g00595	TC006191
LDECv5g00618	TC004841
LDECv5g00636	TC031955
LDECv5g00637	TC000749
LDECv5g00638	TC000823
LDECv5g00639	TC000875
LDECv5g00640	TC001510
LDECv5g00641	TC001544
LDECv5g00642	TC000620
LDECv5g00643	TC030691
LDECv5g00645	TC004234
LDECv5g00646	TC035013
LDECv5g00647	TC004245
LDECv5g00648	TC004235
LDECv5g00650	TC010699
LDECv5g00653	TC012945
LDECv5g00654	TC004237
LDECv5g00656	TC034903
LDECv5g00657	TC001478
LDECv5g00658	TC016401
LDECv5g00660	TC011457
LDECv5g00661	TC030579
LDECv5g00662	TC011945
LDECv5g00664	TC004382
LDECv5g00665	TC007683
LDECv5g00666	TC011100
LDECv5g00668	TC011101
LDECv5g00670	TC011343
LDECv5g00671	TC001175
LDECv5g00673	TC000403
LDECv5g00674	TC011226
LDECv5g00676	TC000398
LDECv5g00680	TC011140
LDECv5g00681	TC001848
LDECv5g00683	TC011027
LDECv5g00684	TC002668
LDECv5g00685	TC001960
LDECv5g00687	TC004949
LDECv5g00689	TC002673
LDECv5g00692	TC002672
LDECv5g00694	TC003766
LDECv5g00695	TC003767
LDECv5g00696	TC003773
LDECv5g00697	TC000170
LDECv5g00699	TC000169
LDECv5g00700	TC000168
LDECv5g00713	TC004674
LDECv5g00716	TC001370
LDECv5g00718	TC006549
LDECv5g00719	TC005574
LDECv5g00723	TC005902
LDECv5g00725	TC005306
LDECv5g00728	TC005545
LDECv5g00729	TC005597
LDECv5g00731	TC005609
LDECv5g00738	TC005606
LDECv5g00739	TC002428
LDECv5g00740	TC032676
LDECv5g00743	TC006680
LDECv5g00744	TC005460
LDECv5g00745	TC006678
LDECv5g00746	TC006751
LDECv5g00747	TC034178
LDECv5g00748	TC005550
LDECv5g00750	TC005596
LDECv5g00751	TC005618
LDECv5g00752	TC006494
LDECv5g00753	TC005458
LDECv5g00754	TC005459
LDECv5g00756	TC005388
LDECv5g00779	TC006689
LDECv5g00780	TC005305
LDECv5g00781	TC004314
LDECv5g00782	TC005423
LDECv5g00783	TC006725
LDECv5g00787	TC006426
LDECv5g00790	TC006428
LDECv5g00791	TC005895
LDECv5g00793	TC006259
LDECv5g00794	TC006258
LDECv5g00795	TC005894
LDECv5g00796	TC006214
LDECv5g00799	TC005495
LDECv5g00800	TC006139
LDECv5g00802	TC006330
LDECv5g00804	TC030639
LDECv5g00805	TC034123
LDECv5g00806	TC006559
LDECv5g00807	TC002173
LDECv5g00808	TC031264
LDECv5g00810	TC006647
LDECv5g00811	TC002177
LDECv5g00818	TC034156
LDECv5g00820	TC034155
LDECv5g00821	TC006656
LDECv5g00822	TC005470
LDECv5g00825	TC005471
LDECv5g00826	TC006653
LDECv5g00827	TC006652
LDECv5g00829	TC005472
LDECv5g00832	TC005473
LDECv5g00835	TC005475
LDECv5g00836	TC005476
LDECv5g00838	TC006662
LDECv5g00839	TC006009
LDECv5g00841	TC015977
LDECv5g00842	TC005511
LDECv5g00843	TC005512
LDECv5g00844	TC034947
LDECv5g00845	TC006276
LDECv5g00846	TC034132
LDECv5g00847	TC015993
LDECv5g00848	TC005316
LDECv5g00849	TC015990
LDECv5g00850	TC015981
LDECv5g00851	TC033934
LDECv5g00853	TC034052
LDECv5g00854	TC006356
LDECv5g00858	TC006302
LDECv5g00859	TC005841
LDECv5g00860	TC006301
LDECv5g00862	TC000102
LDECv5g00864	TC002602
LDECv5g00865	TC003825
LDECv5g00866	TC003826
LDECv5g00873	TC032638
LDECv5g00876	TC000101
LDECv5g00877	TC012535
LDECv5g00879	TC006278
LDECv5g00880	TC031673
LDECv5g00881	TC003574
LDECv5g00882	TC003148
LDECv5g00888	TC032581
LDECv5g00890	TC003870
LDECv5g00893	TC002545
LDECv5g00894	TC002838
LDECv5g00899	TC002527
LDECv5g00901	TC002361
LDECv5g00902	TC032621
LDECv5g00906	TC003419
LDECv5g00907	TC003524
LDECv5g00909	TC015923
LDECv5g00912	TC002837
LDECv5g00913	TC032425
LDECv5g00918	TC002836
LDECv5g00921	TC002831
LDECv5g00922	TC002830
LDECv5g00926	TC032428
LDECv5g00938	TC031752
LDECv5g00939	TC031751
LDECv5g00941	TC002363
LDECv5g00944	TC002343
LDECv5g00945	TC031753
LDECv5g00947	TC006239
LDECv5g00948	TC006281
LDECv5g00949	TC005868
LDECv5g00950	TC006280
LDECv5g00951	TC005869
LDECv5g00953	TC034146
LDECv5g00954	TC034145
LDECv5g00956	TC005486
LDECv5g00957	TC005903
LDECv5g00958	TC006260
LDECv5g00959	TC006425
LDECv5g00961	TC000100
LDECv5g00962	TC002288
LDECv5g00965	TC004015
LDECv5g00966	TC002407
LDECv5g00968	TC005769
LDECv5g00969	TC005792
LDECv5g00970	TC034177
LDECv5g00971	TC005738
LDECv5g00973	TC006810
LDECv5g00974	TC006811
LDECv5g00975	TC005315
LDECv5g00977	TC006354
LDECv5g00979	TC005313
LDECv5g00982	TC007176
LDECv5g00983	TC005820
LDECv5g00984	TC005766
LDECv5g00985	TC006726
LDECv5g00987	TC006271
LDECv5g00989	TC006180
LDECv5g00990	TC006566
LDECv5g00991	TC005977
LDECv5g00992	TC006355
LDECv5g00993	TC005781
LDECv5g00994	TC006173
LDECv5g00995	TC005971
LDECv5g00996	TC007847
LDECv5g00997	TC006065
LDECv5g00998	TC006814
LDECv5g00999	TC005303
LDECv5g01000	TC006817
LDECv5g01001	TC005308
LDECv5g01002	TC014454
LDECv5g01004	TC005780
LDECv5g01006	TC002528
LDECv5g01009	TC006027
LDECv5g01011	TC002405
LDECv5g01012	TC002406
LDECv5g01014	TC005893
LDECv5g01029	TC010571
LDECv5g01030	TC003544
LDECv5g01031	TC034593
LDECv5g01033	TC009926
LDECv5g01037	TC002864
LDECv5g01040	TC003652
LDECv5g01041	TC006270
LDECv5g01042	TC000069
LDECv5g01044	TC000070
LDECv5g01045	TC000103
LDECv5g01047	TC005870
LDECv5g01048	TC034598
LDECv5g01049	TC006277
LDECv5g01050	TC032466
LDECv5g01052	TC034013
LDECv5g01053	TC005881
LDECv5g01054	TC006736
LDECv5g01056	TC030695
LDECv5g01057	TC005877
LDECv5g01058	TC030627
LDECv5g01060	TC030618
LDECv5g01061	TC005834
LDECv5g01062	TC002947
LDECv5g01063	TC031280
LDECv5g01065	TC002945
LDECv5g01066	TC003492
LDECv5g01067	TC003493
LDECv5g01068	TC002944
LDECv5g01069	TC005815
LDECv5g01070	TC006332
LDECv5g01075	TC003201
LDECv5g01080	TC016161
LDECv5g01081	TC003494
LDECv5g01082	TC032395
LDECv5g01083	TC002943
LDECv5g01084	TC032396
LDECv5g01085	TC003495
LDECv5g01086	TC002940
LDECv5g01087	TC006802
LDECv5g01088	TC005393
LDECv5g01089	TC000050
LDECv5g01090	TC000051
LDECv5g01091	TC000052
LDECv5g01092	TC000127
LDECv5g01093	TC000130
LDECv5g01094	TC000049
LDECv5g01097	TC009559
LDECv5g01098	TC002346
LDECv5g01099	TC000125
LDECv5g01101	TC002347
LDECv5g01103	TC002349
LDECv5g01105	TC032474
LDECv5g01106	TC000126
LDECv5g01108	TC000044
LDECv5g01109	TC000117
LDECv5g01110	TC000136
LDECv5g01113	TC000118
LDECv5g01114	TC000119
LDECv5g01115	TC000124
LDECv5g01116	TC000060
LDECv5g01117	TC032473
LDECv5g01121	TC000056
LDECv5g01122	TC003489
LDECv5g01123	TC000058
LDECv5g01124	TC000059
LDECv5g01125	TC002948
LDECv5g01126	TC010228
LDECv5g01127	TC002949
LDECv5g01134	TC013519
LDECv5g01135	TC014289
LDECv5g01136	TC014290
LDECv5g01137	TC014292
LDECv5g01138	TC014288
LDECv5g01139	TC013059
LDECv5g01141	TC013063
LDECv5g01143	TC013711
LDECv5g01144	TC010917
LDECv5g01145	TC013830
LDECv5g01146	TC014438
LDECv5g01147	TC013367
LDECv5g01149	TC013150
LDECv5g01150	TC014664
LDECv5g01151	TC033042
LDECv5g01152	TC013860
LDECv5g01153	TC034701
LDECv5g01154	TC013751
LDECv5g01158	TC013321
LDECv5g01159	TC013320
LDECv5g01160	TC013319
LDECv5g01162	TC013214
LDECv5g01165	TC013505
LDECv5g01166	TC014300
LDECv5g01167	TC014299
LDECv5g01169	TC014298
LDECv5g01170	TC014297
LDECv5g01171	TC010919
LDECv5g01172	TC013506
LDECv5g01173	TC033123
LDECv5g01174	TC001361
LDECv5g01175	TC013507
LDECv5g01176	TC013508
LDECv5g01178	TC033122
LDECv5g01179	TC014296
LDECv5g01181	TC031144
LDECv5g01182	TC013515
LDECv5g01183	TC014294
LDECv5g01186	TC013516
LDECv5g01187	TC014293
LDECv5g01188	TC013517
LDECv5g01189	TC013521
LDECv5g01193	TC013503
LDECv5g01194	TC014301
LDECv5g01196	TC013501
LDECv5g01198	TC013496
LDECv5g01203	TC010611
LDECv5g01204	TC013493
LDECv5g01206	TC013794
LDECv5g01207	TC013795
LDECv5g01208	TC005758
LDECv5g01210	TC033041
LDECv5g01212	TC013074
LDECv5g01214	TC014503
LDECv5g01215	TC013304
LDECv5g01216	TC014743
LDECv5g01217	TC013075
LDECv5g01218	TC014453
LDECv5g01219	TC033165
LDECv5g01289	TC014658
LDECv5g01290	TC014659
LDECv5g01291	TC013156
LDECv5g01292	TC033211
LDECv5g01293	TC014695
LDECv5g01294	TC014935
LDECv5g01295	TC015771
LDECv5g01297	TC013765
LDECv5g01298	TC014039
LDECv5g01299	TC033116
LDECv5g01301	TC013564
LDECv5g01302	TC014247
LDECv5g01303	TC013563
LDECv5g01304	TC033174
LDECv5g01307	TC014009
LDECv5g01308	TC010470
LDECv5g01310	TC012909
LDECv5g01311	TC014489
LDECv5g01314	TC004110
LDECv5g01315	TC004103
LDECv5g01319	TC004104
LDECv5g01321	TC031930
LDECv5g01322	TC010920
LDECv5g01324	TC010916
LDECv5g01326	TC013213
LDECv5g01328	TC014590
LDECv5g01329	TC030629
LDECv5g01330	TC014081
LDECv5g01331	TC013717
LDECv5g01332	TC031637
LDECv5g01333	TC013718
LDECv5g01336	TC013721
LDECv5g01337	TC014076
LDECv5g01338	TC013210
LDECv5g01339	TC013209
LDECv5g01348	TC013537
LDECv5g01351	TC014274
LDECv5g01352	TC013539
LDECv5g01353	TC014273
LDECv5g01354	TC013541
LDECv5g01355	TC014271
LDECv5g01356	TC013542
LDECv5g01357	TC013543
LDECv5g01359	TC013544
LDECv5g01360	TC013545
LDECv5g01361	TC014272
LDECv5g01364	TC014270
LDECv5g01365	TC014269
LDECv5g01366	TC033110
LDECv5g01368	TC014266
LDECv5g01370	TC014265
LDECv5g01371	TC013552
LDECv5g01372	TC014264
LDECv5g01377	TC013555
LDECv5g01378	TC012624
LDECv5g01379	TC008272
LDECv5g01380	TC014259
LDECv5g01381	TC014260
LDECv5g01383	TC014258
LDECv5g01393	TC013556
LDECv5g01394	TC014257
LDECv5g01395	TC014256
LDECv5g01397	TC014283
LDECv5g01399	TC013025
LDECv5g01400	TC013346
LDECv5g01401	TC014468
LDECv5g01402	TC013347
LDECv5g01403	TC014610
LDECv5g01404	TC014467
LDECv5g01406	TC014666
LDECv5g01407	TC013060
LDECv5g01410	TC010132
LDECv5g01411	TC033071
LDECv5g01413	TC034689
LDECv5g01414	TC013726
LDECv5g01415	TC010947
LDECv5g01418	TC033006
LDECv5g01419	TC010951
LDECv5g01422	TC010952
LDECv5g01424	TC003689
LDECv5g01429	TC034254
LDECv5g01430	TC012150
LDECv5g01431	TC012149
LDECv5g01432	TC012316
LDECv5g01439	TC012322
LDECv5g01444	TC032508
LDECv5g01445	TC034302
LDECv5g01446	TC032502
LDECv5g01449	TC032507
LDECv5g01451	TC032506
LDECv5g01452	TC012116
LDECv5g01453	TC006516
LDECv5g01454	TC012117
LDECv5g01456	TC012357
LDECv5g01457	TC012027
LDECv5g01464	TC004360
LDECv5g01465	TC011950
LDECv5g01472	TC010864
LDECv5g01473	TC031743
LDECv5g01475	TC002162
LDECv5g01476	TC031742
LDECv5g01477	TC016005
LDECv5g01480	TC014291
LDECv5g01481	TC005215
LDECv5g01482	TC034283
LDECv5g01484	TC006844
LDECv5g01485	TC012537
LDECv5g01486	TC012536
LDECv5g01487	TC034990
LDECv5g01488	TC012534
LDECv5g01489	TC011949
LDECv5g01490	TC012533
LDECv5g01491	TC012177
LDECv5g01498	TC013449
LDECv5g01499	TC012176
LDECv5g01500	TC011976
LDECv5g01503	TC008440
LDECv5g01505	TC012434
LDECv5g01509	TC007127
LDECv5g01514	TC011703
LDECv5g01516	TC012783
LDECv5g01521	TC006837
LDECv5g01531	TC001918
LDECv5g01532	TC034038
LDECv5g01533	TC031228
LDECv5g01534	TC012161
LDECv5g01535	TC012162
LDECv5g01536	TC001919
LDECv5g01538	TC031229
LDECv5g01541	TC034248
LDECv5g01542	TC012312
LDECv5g01545	TC002601
LDECv5g01547	TC034312
LDECv5g01548	TC012381
LDECv5g01549	TC011702
LDECv5g01551	TC012785
LDECv5g01554	TC011888
LDECv5g01555	TC034406
LDECv5g01557	TC034296
LDECv5g01560	TC012422
LDECv5g01561	TC012044
LDECv5g01562	TC012423
LDECv5g01565	TC012416
LDECv5g01566	TC012057
LDECv5g01567	TC012055
LDECv5g01568	TC012058
LDECv5g01570	TC013591
LDECv5g01571	TC012415
LDECv5g01572	TC012417
LDECv5g01573	TC012060
LDECv5g01574	TC012383
LDECv5g01575	TC012098
LDECv5g01577	TC012384
LDECv5g01578	TC012096
LDECv5g01583	TC011997
LDECv5g01584	TC011998
LDECv5g01596	TC034874
LDECv5g01598	TC012473
LDECv5g01599	TC012006
LDECv5g01600	TC008742
LDECv5g01602	TC012008
LDECv5g01603	TC012011
LDECv5g01608	TC034344
LDECv5g01613	TC012737
LDECv5g01614	TC031249
LDECv5g01615	TC011751
LDECv5g01616	TC011749
LDECv5g01617	TC011748
LDECv5g01618	TC012743
LDECv5g01624	TC011744
LDECv5g01626	TC012748
LDECv5g01628	TC034446
LDECv5g01630	TC012751
LDECv5g01632	TC001682
LDECv5g01636	TC012185
LDECv5g01637	TC012184
LDECv5g01638	TC034861
LDECv5g01639	TC012183
LDECv5g01640	TC012278
LDECv5g01641	TC002985
LDECv5g01642	TC003449
LDECv5g01644	TC012279
LDECv5g01645	TC014309
LDECv5g01646	TC033044
LDECv5g01647	TC012612
LDECv5g01648	TC011892
LDECv5g01649	TC011893
LDECv5g01651	TC003185
LDECv5g01653	TC011896
LDECv5g01654	TC012611
LDECv5g01655	TC034400
LDECv5g01660	TC012601
LDECv5g01661	TC011801
LDECv5g01672	TC031254
LDECv5g01674	TC011609
LDECv5g01675	TC012873
LDECv5g01676	TC004919
LDECv5g01677	TC011608
LDECv5g01679	TC011926
LDECv5g01681	TC012570
LDECv5g01686	TC012506
LDECv5g01689	TC031230
LDECv5g01694	TC012246
LDECv5g01697	TC011975
LDECv5g01699	TC011795
LDECv5g01700	TC011794
LDECv5g01701	TC012704
LDECv5g01705	TC012706
LDECv5g01706	TC011785
LDECv5g01713	TC011774
LDECv5g01722	TC012723
LDECv5g01729	TC012718
LDECv5g01740	TC012712
LDECv5g01741	TC011780
LDECv5g01742	TC034442
LDECv5g01743	TC011782
LDECv5g01744	TC012709
LDECv5g01745	TC011784
LDECv5g01746	TC011783
LDECv5g01747	TC012860
LDECv5g01750	TC011619
LDECv5g01754	TC011623
LDECv5g01755	TC001673
LDECv5g01760	TC031714
LDECv5g01762	TC012859
LDECv5g01763	TC001666
LDECv5g01765	TC001670
LDECv5g01766	TC001933
LDECv5g01767	TC034265
LDECv5g01773	TC001671
LDECv5g01776	TC001923
LDECv5g01777	TC001942
LDECv5g01778	TC006821
LDECv5g01779	TC012106
LDECv5g01787	TC034606
LDECv5g01788	TC012567
LDECv5g01789	TC030580
LDECv5g01792	TC031253
LDECv5g01795	TC012845
LDECv5g01796	TC012848
LDECv5g01798	TC011666
LDECv5g01799	TC012844
LDECv5g01800	TC012843
LDECv5g01805	TC012512
LDECv5g01806	TC016291
LDECv5g01838	TC012787
LDECv5g01840	TC011697
LDECv5g01841	TC011696
LDECv5g01842	TC011695
LDECv5g01845	TC012793
LDECv5g01846	TC011692
LDECv5g01848	TC034460
LDECv5g01853	TC012797
LDECv5g01854	TC011691
LDECv5g01855	TC011690
LDECv5g01856	TC011815
LDECv5g01857	TC011979
LDECv5g01858	TC034734
LDECv5g01860	TC012443
LDECv5g01861	TC012032
LDECv5g01866	TC012034
LDECv5g01867	TC012708
LDECv5g01868	TC012436
LDECv5g01869	TC012437
LDECv5g01871	TC015329
LDECv5g01874	TC012834
LDECv5g01875	TC006192
LDECv5g01877	TC010769
LDECv5g01882	TC010636
LDECv5g01883	TC012302
LDECv5g01884	TC012468
LDECv5g01885	TC012037
LDECv5g01886	TC012038
LDECv5g01887	TC012866
LDECv5g01888	TC012300
LDECv5g01889	TC003499
LDECv5g01890	TC010612
LDECv5g01891	TC012861
LDECv5g01892	TC011617
LDECv5g01893	TC001409
LDECv5g01894	TC001417
LDECv5g01896	TC012241
LDECv5g01897	TC012805
LDECv5g01898	TC034463
LDECv5g01901	TC011675
LDECv5g01904	TC011677
LDECv5g01905	TC012876
LDECv5g01907	TC012366
LDECv5g01908	TC012435
LDECv5g01909	TC004395
LDECv5g01912	TC010559
LDECv5g01913	TC010489
LDECv5g01914	TC000095
LDECv5g01915	TC008530
LDECv5g01916	TC012270
LDECv5g01917	TC012269
LDECv5g01918	TC012196
LDECv5g01919	TC032528
LDECv5g01921	TC015882
LDECv5g01922	TC015880
LDECv5g01923	TC015879
LDECv5g01924	TC001680
LDECv5g01925	TC034294
LDECv5g01926	TC030574
LDECv5g01928	TC012616
LDECv5g01929	TC034405
LDECv5g01932	TC006824
LDECv5g01942	TC005212
LDECv5g01943	TC005224
LDECv5g01955	TC012257
LDECv5g01962	TC012786
LDECv5g01965	TC034275
LDECv5g01966	TC016280
LDECv5g01975	TC012851
LDECv5g01976	TC012852
LDECv5g01980	TC010990
LDECv5g01982	TC010967
LDECv5g01983	TC010992
LDECv5g01984	TC011723
LDECv5g01986	TC011944
LDECv5g01988	TC012545
LDECv5g01989	TC011942
LDECv5g01990	TC012546
LDECv5g01991	TC012547
LDECv5g01992	TC012548
LDECv5g01993	TC011941
LDECv5g01994	TC012549
LDECv5g01996	TC012550
LDECv5g02000	TC012213
LDECv5g02001	TC012252
LDECv5g02002	TC011829
LDECv5g02011	TC012370
LDECv5g02012	TC011713
LDECv5g02013	TC012778
LDECv5g02022	TC012842
LDECv5g02023	TC012218
LDECv5g02025	TC011615
LDECv5g02026	TC012735
LDECv5g02027	TC012736
LDECv5g02028	TC011757
LDECv5g02029	TC012509
LDECv5g02030	TC011970
LDECv5g02033	TC012510
LDECv5g02034	TC011968
LDECv5g02035	TC011967
LDECv5g02036	TC012511
LDECv5g02038	TC012835
LDECv5g02040	TC011712
LDECv5g02041	TC011711
LDECv5g02042	TC011710
LDECv5g02048	TC034453
LDECv5g02049	TC011709
LDECv5g02050	TC011686
LDECv5g02051	TC011685
LDECv5g02052	TC011684
LDECv5g02056	TC012809
LDECv5g02057	TC012190
LDECv5g02058	TC012191
LDECv5g02059	TC012275
LDECv5g02060	TC012192
LDECv5g02061	TC012274
LDECv5g02063	TC014327
LDECv5g02064	TC013470
LDECv5g02067	TC013474
LDECv5g02068	TC013789
LDECv5g02070	TC014312
LDECv5g02071	TC013490
LDECv5g02072	TC012040
LDECv5g02073	TC012041
LDECv5g02074	TC012429
LDECv5g02075	TC012657
LDECv5g02076	TC001674
LDECv5g02077	TC012803
LDECv5g02078	TC012372
LDECv5g02079	TC012368
LDECv5g02080	TC012367
LDECv5g02081	TC012867
LDECv5g02082	TC012868
LDECv5g02086	TC034322
LDECv5g02087	TC012066
LDECv5g02094	TC016287
LDECv5g02095	TC016288
LDECv5g02096	TC016274
LDECv5g02098	TC012411
LDECv5g02099	TC012163
LDECv5g02103	TC002599
LDECv5g02106	TC012212
LDECv5g02107	TC031227
LDECv5g02110	TC007437
LDECv5g02150	TC012409
LDECv5g02185	TC014742
LDECv5g02186	TC014741
LDECv5g02189	TC010433
LDECv5g02191	TC015451
LDECv5g02194	TC014737
LDECv5g02195	TC013076
LDECv5g02214	TC014775
LDECv5g02216	TC013034
LDECv5g02224	TC013078
LDECv5g02225	TC014774
LDECv5g02229	TC031538
LDECv5g02233	TC014566
LDECv5g02246	TC002690
LDECv5g02248	TC012898
LDECv5g02256	TC012896
LDECv5g02257	TC015432
LDECv5g02258	TC015433
LDECv5g02259	TC015030
LDECv5g02260	TC015037
LDECv5g02263	TC014960
LDECv5g02275	TC006061
LDECv5g02277	TC015064
LDECv5g02278	TC015385
LDECv5g02282	TC030747
LDECv5g02283	TC015544
LDECv5g02288	TC033399
LDECv5g02289	TC015111
LDECv5g02291	TC015110
LDECv5g02293	TC015754
LDECv5g02294	TC004146
LDECv5g02298	TC006124
LDECv5g02300	TC033960
LDECv5g02303	TC006118
LDECv5g02304	TC015322
LDECv5g02306	TC008817
LDECv5g02307	TC004683
LDECv5g02308	TC033419
LDECv5g02309	TC030688
LDECv5g02313	TC031747
LDECv5g02316	TC015142
LDECv5g02317	TC015566
LDECv5g02320	TC006127
LDECv5g02321	TC015755
LDECv5g02322	TC006128
LDECv5g02325	TC014939
LDECv5g02328	TC033431
LDECv5g02329	TC015727
LDECv5g02330	TC014943
LDECv5g02333	TC033435
LDECv5g02336	TC014947
LDECv5g02338	TC033136
LDECv5g02339	TC014342
LDECv5g02340	TC013782
LDECv5g02341	TC033135
LDECv5g02342	TC014345
LDECv5g02343	TC013448
LDECv5g02344	TC014014
LDECv5g02345	TC006703
LDECv5g02346	TC013781
LDECv5g02350	TC014013
LDECv5g02354	TC013785
LDECv5g02355	TC015906
LDECv5g02356	TC033046
LDECv5g02360	TC013787
LDECv5g02370	TC013947
LDECv5g02371	TC014809
LDECv5g02372	TC014810
LDECv5g02374	TC013000
LDECv5g02376	TC011563
LDECv5g02377	TC009113
LDECv5g02378	TC009716
LDECv5g02380	TC009114
LDECv5g02381	TC009721
LDECv5g02382	TC033645
LDECv5g02383	TC009713
LDECv5g02384	TC033646
LDECv5g02385	TC030549
LDECv5g02386	TC009939
LDECv5g02387	TC009111
LDECv5g02388	TC009720
LDECv5g02389	TC009110
LDECv5g02390	TC009719
LDECv5g02391	TC008904
LDECv5g02392	TC009109
LDECv5g02393	TC009718
LDECv5g02394	TC009112
LDECv5g02396	TC009331
LDECv5g02397	TC009548
LDECv5g02402	TC009337
LDECv5g02404	TC015181
LDECv5g02409	TC015584
LDECv5g02410	TC015126
LDECv5g02411	TC012099
LDECv5g02412	TC015585
LDECv5g02414	TC015503
LDECv5g02417	TC015502
LDECv5g02420	TC009451
LDECv5g02423	TC009252
LDECv5g02424	TC033568
LDECv5g02425	TC008698
LDECv5g02426	TC009011
LDECv5g02427	TC009830
LDECv5g02431	TC009826
LDECv5g02438	TC014980
LDECv5g02470	TC010491
LDECv5g02473	TC014974
LDECv5g02474	TC014973
LDECv5g02475	TC015709
LDECv5g02476	TC003256
LDECv5g02477	TC014972
LDECv5g02479	TC015701
LDECv5g02481	TC015711
LDECv5g02482	TC014971
LDECv5g02483	TC015712
LDECv5g02484	TC033429
LDECv5g02489	TC015715
LDECv5g02490	TC015717
LDECv5g02491	TC015718
LDECv5g02494	TC015719
LDECv5g02500	TC008348
LDECv5g02501	TC015726
LDECv5g02504	TC015545
LDECv5g02505	TC033382
LDECv5g02506	TC006133
LDECv5g02512	TC015505
LDECv5g02513	TC015650
LDECv5g02514	TC015211
LDECv5g02516	TC015062
LDECv5g02517	TC033303
LDECv5g02518	TC015509
LDECv5g02519	TC015063
LDECv5g02527	TC015155
LDECv5g02529	TC033437
LDECv5g02530	TC015766
LDECv5g02531	TC033436
LDECv5g02532	TC015763
LDECv5g02535	TC015613
LDECv5g02554	TC013828
LDECv5g02558	TC030678
LDECv5g02561	TC003758
LDECv5g02565	TC003757
LDECv5g02566	TC032536
LDECv5g02567	TC010329
LDECv5g02568	TC002682
LDECv5g02570	TC032535
LDECv5g02571	TC003754
LDECv5g02572	TC002683
LDECv5g02574	TC000795
LDECv5g02576	TC002688
LDECv5g02577	TC034713
LDECv5g02586	TC013134
LDECv5g02587	TC013620
LDECv5g02589	TC013135
LDECv5g02594	TC015747
LDECv5g02595	TC015746
LDECv5g02596	TC014955
LDECv5g02598	TC033403
LDECv5g02599	TC030766
LDECv5g02600	TC015665
LDECv5g02601	TC015661
LDECv5g02602	TC014936
LDECv5g02603	TC015651
LDECv5g02604	TC015857
LDECv5g02605	TC014858
LDECv5g02606	TC014857
LDECv5g02607	TC015858
LDECv5g02608	TC015022
LDECv5g02609	TC015633
LDECv5g02610	TC015416
LDECv5g02611	TC015317
LDECv5g02612	TC015318
LDECv5g02613	TC015971
LDECv5g02623	TC014315
LDECv5g02629	TC016323
LDECv5g02630	TC032995
LDECv5g02631	TC016322
LDECv5g02632	TC016321
LDECv5g02634	TC016320
LDECv5g02635	TC016310
LDECv5g02638	TC016311
LDECv5g02640	TC016312
LDECv5g02641	TC032997
LDECv5g02642	TC016314
LDECv5g02643	TC016318
LDECv5g02644	TC032998
LDECv5g02645	TC016317
LDECv5g02646	TC011620
LDECv5g02649	TC013057
LDECv5g02650	TC013056
LDECv5g02651	TC013913
LDECv5g02660	TC013189
LDECv5g02663	TC011192
LDECv5g02664	TC014786
LDECv5g02665	TC013003
LDECv5g02666	TC013868
LDECv5g02673	TC031150
LDECv5g02675	TC014185
LDECv5g02676	TC008922
LDECv5g02679	TC013020
LDECv5g02680	TC014758
LDECv5g02681	TC013052
LDECv5g02682	TC008314
LDECv5g02695	TC033075
LDECv5g02702	TC013118
LDECv5g02703	TC013941
LDECv5g02704	TC014693
LDECv5g02706	TC014777
LDECv5g02707	TC013031
LDECv5g02708	TC016315
LDECv5g02709	TC013032
LDECv5g02746	TC033226
LDECv5g02747	TC014716
LDECv5g02748	TC014715
LDECv5g02749	TC014714
LDECv5g02750	TC014335
LDECv5g02753	TC013456
LDECv5g02754	TC014336
LDECv5g02755	TC030591
LDECv5g02761	TC014337
LDECv5g02762	TC014338
LDECv5g02767	TC014602
LDECv5g02773	TC014392
LDECv5g02774	TC013413
LDECv5g02775	TC013414
LDECv5g02776	TC014037
LDECv5g02784	TC013110
LDECv5g02785	TC013109
LDECv5g02787	TC013108
LDECv5g02796	TC014709
LDECv5g02797	TC013107
LDECv5g02798	TC014710
LDECv5g02801	TC014712
LDECv5g02804	TC033237
LDECv5g02806	TC013104
LDECv5g02807	TC013457
LDECv5g02808	TC030655
LDECv5g02809	TC030751
LDECv5g02815	TC014334
LDECv5g02817	TC013459
LDECv5g02821	TC014330
LDECv5g02824	TC014627
LDECv5g02825	TC014634
LDECv5g02829	TC009517
LDECv5g02833	TC013179
LDECv5g02834	TC007148
LDECv5g02836	TC007855
LDECv5g02842	TC013697
LDECv5g02844	TC033072
LDECv5g02845	TC014113
LDECv5g02846	TC014112
LDECv5g02847	TC013370
LDECv5g02849	TC014436
LDECv5g02850	TC014434
LDECv5g02851	TC013349
LDECv5g02852	TC014466
LDECv5g02854	TC015548
LDECv5g02855	TC034729
LDECv5g02856	TC010772
LDECv5g02857	TC014707
LDECv5g02860	TC012623
LDECv5g02861	TC016173
LDECv5g02863	TC004669
LDECv5g02864	TC013338
LDECv5g02865	TC015050
LDECv5g02866	TC015686
LDECv5g02867	TC014717
LDECv5g02868	TC015300
LDECv5g02869	TC015049
LDECv5g02870	TC006110
LDECv5g02872	TC011228
LDECv5g02874	TC010842
LDECv5g02876	TC010774
LDECv5g02877	TC013647
LDECv5g02879	TC014172
LDECv5g02880	TC000405
LDECv5g02882	TC015524
LDECv5g02884	TC015013
LDECv5g02888	TC002140
LDECv5g02889	TC002828
LDECv5g02893	TC015014
LDECv5g02895	TC015005
LDECv5g02899	TC015004
LDECv5g02904	TC007438
LDECv5g02905	TC015654
LDECv5g02906	TC015622
LDECv5g02909	TC015003
LDECv5g02910	TC003526
LDECv5g02911	TC033420
LDECv5g02914	TC010161
LDECv5g02915	TC032132
LDECv5g02916	TC009972
LDECv5g02917	TC008755
LDECv5g02920	TC013657
LDECv5g02928	TC001783
LDECv5g02931	TC015593
LDECv5g02932	TC015109
LDECv5g02933	TC002107
LDECv5g02936	TC015506
LDECv5g02946	TC015601
LDECv5g02947	TC015542
LDECv5g02948	TC012678
LDECv5g02949	TC015082
LDECv5g02952	TC013148
LDECv5g02953	TC030676
LDECv5g02954	TC010334
LDECv5g02958	TC012996
LDECv5g02960	TC012997
LDECv5g02961	TC030085
LDECv5g02965	TC033241
LDECv5g02981	TC032327
LDECv5g02984	TC003349
LDECv5g02985	TC002743
LDECv5g02986	TC002742
LDECv5g02988	TC003025
LDECv5g02989	TC001579
LDECv5g02990	TC001580
LDECv5g02991	TC032346
LDECv5g02993	TC003373
LDECv5g02996	TC003372
LDECv5g02997	TC001577
LDECv5g02998	TC002991
LDECv5g02999	TC014785
LDECv5g03000	TC031146
LDECv5g03001	TC001555
LDECv5g03003	TC003445
LDECv5g03004	TC003444
LDECv5g03005	TC002990
LDECv5g03007	TC012551
LDECv5g03008	TC011939
LDECv5g03009	TC012552
LDECv5g03011	TC011912
LDECv5g03013	TC011911
LDECv5g03015	TC007603
LDECv5g03016	TC012362
LDECv5g03019	TC012363
LDECv5g03020	TC016258
LDECv5g03021	TC012676
LDECv5g03022	TC009381
LDECv5g03023	TC012675
LDECv5g03024	TC003912
LDECv5g03025	TC012271
LDECv5g03026	TC012273
LDECv5g03027	TC011919
LDECv5g03029	TC030602
LDECv5g03030	TC034280
LDECv5g03031	TC012587
LDECv5g03032	TC012408
LDECv5g03033	TC005991
LDECv5g03034	TC005405
LDECv5g03035	TC011920
LDECv5g03036	TC012593
LDECv5g03039	TC003991
LDECv5g03045	TC031470
LDECv5g03046	TC011529
LDECv5g03047	TC011537
LDECv5g03051	TC011539
LDECv5g03053	TC011528
LDECv5g03055	TC011527
LDECv5g03056	TC011524
LDECv5g03058	TC034090
LDECv5g03059	TC005675
LDECv5g03060	TC005676
LDECv5g03061	TC006447
LDECv5g03062	TC005682
LDECv5g03064	TC034087
LDECv5g03135	TC003645
LDECv5g03137	TC005912
LDECv5g03140	TC002783
LDECv5g03144	TC003648
LDECv5g03145	TC003649
LDECv5g03146	TC034595
LDECv5g03148	TC003116
LDECv5g03153	TC003205
LDECv5g03154	TC003206
LDECv5g03155	TC003243
LDECv5g03156	TC003242
LDECv5g03158	TC003204
LDECv5g03159	TC007763
LDECv5g03173	TC003468
LDECv5g03174	TC003467
LDECv5g03175	TC002971
LDECv5g03176	TC005457
LDECv5g03177	TC002337
LDECv5g03178	TC013429
LDECv5g03181	TC034367
LDECv5g03183	TC001434
LDECv5g03185	TC011708
LDECv5g03186	TC003433
LDECv5g03187	TC003434
LDECv5g03201	TC012597
LDECv5g03204	TC034572
LDECv5g03206	TC003181
LDECv5g03208	TC003272
LDECv5g03213	TC032298
LDECv5g03214	TC030877
LDECv5g03222	TC003173
LDECv5g03223	TC003562
LDECv5g03225	TC000093
LDECv5g03226	TC000075
LDECv5g03227	TC000078
LDECv5g03229	TC001558
LDECv5g03230	TC000098
LDECv5g03233	TC002643
LDECv5g03234	TC002498
LDECv5g03236	TC011519
LDECv5g03237	TC011546
LDECv5g03238	TC003900
LDECv5g03240	TC011520
LDECv5g03241	TC011521
LDECv5g03242	TC011522
LDECv5g03244	TC031675
LDECv5g03246	TC002283
LDECv5g03247	TC003712
LDECv5g03248	TC002713
LDECv5g03249	TC007395
LDECv5g03250	TC030675
LDECv5g03251	TC003713
LDECv5g03252	TC001564
LDECv5g03253	TC011532
LDECv5g03254	TC011533
LDECv5g03255	TC006240
LDECv5g03256	TC004755
LDECv5g03257	TC011530
LDECv5g03258	TC011535
LDECv5g03259	TC012980
LDECv5g03260	TC031922
LDECv5g03261	TC031054
LDECv5g03262	TC034611
LDECv5g03263	TC011523
LDECv5g03264	TC011541
LDECv5g03265	TC002501
LDECv5g03266	TC003152
LDECv5g03267	TC012175
LDECv5g03268	TC012174
LDECv5g03270	TC031235
LDECv5g03274	TC001814
LDECv5g03276	TC012853
LDECv5g03277	TC002698
LDECv5g03278	TC032498
LDECv5g03279	TC012571
LDECv5g03286	TC032331
LDECv5g03287	TC003094
LDECv5g03288	TC030757
LDECv5g03289	TC030785
LDECv5g03291	TC013123
LDECv5g03292	TC001563
LDECv5g03293	TC003690
LDECv5g03294	TC001635
LDECv5g03295	TC001574
LDECv5g03296	TC001561
LDECv5g03297	TC001571
LDECv5g03298	TC001560
LDECv5g03300	TC001569
LDECv5g03301	TC001570
LDECv5g03302	TC005882
LDECv5g03303	TC006924
LDECv5g03304	TC003836
LDECv5g03305	TC002588
LDECv5g03306	TC002589
LDECv5g03307	TC002590
LDECv5g03308	TC002432
LDECv5g03309	TC004689
LDECv5g03310	TC001559
LDECv5g03312	TC004449
LDECv5g03313	TC001572
LDECv5g03314	TC001566
LDECv5g03319	TC000144
LDECv5g03329	TC032570
LDECv5g03330	TC032568
LDECv5g03333	TC003829
LDECv5g03334	TC014516
LDECv5g03335	TC004404
LDECv5g03336	TC032601
LDECv5g03337	TC034616
LDECv5g03339	TC004410
LDECv5g03342	TC003283
LDECv5g03345	TC004407
LDECv5g03351	TC003286
LDECv5g03353	TC003287
LDECv5g03357	TC003289
LDECv5g03358	TC003172
LDECv5g03359	TC003290
LDECv5g03360	TC032303
LDECv5g03362	TC004604
LDECv5g03370	TC001693
LDECv5g03371	TC001752
LDECv5g03372	TC001630
LDECv5g03376	TC001625
LDECv5g03377	TC001612
LDECv5g03378	TC031568
LDECv5g03379	TC001982
LDECv5g03380	TC004717
LDECv5g03383	TC004141
LDECv5g03384	TC007987
LDECv5g03385	TC004670
LDECv5g03388	TC013633
LDECv5g03391	TC001865
LDECv5g03393	TC010804
LDECv5g03395	TC001607
LDECv5g03396	TC002335
LDECv5g03397	TC010840
LDECv5g03398	TC010798
LDECv5g03399	TC004634
LDECv5g03401	TC013646
LDECv5g03402	TC004761
LDECv5g03408	TC004631
LDECv5g03409	TC001874
LDECv5g03412	TC001750
LDECv5g03413	TC004744
LDECv5g03415	TC014180
LDECv5g03416	TC006514
LDECv5g03417	TC001970
LDECv5g03418	TC014204
LDECv5g03419	TC013608
LDECv5g03421	TC004775
LDECv5g03422	TC010827
LDECv5g03424	TC004743
LDECv5g03426	TC013609
LDECv5g03427	TC001867
LDECv5g03428	TC001699
LDECv5g03430	TC001773
LDECv5g03432	TC001775
LDECv5g03433	TC031491
LDECv5g03435	TC031492
LDECv5g03437	TC034514
LDECv5g03438	TC001979
LDECv5g03439	TC031834
LDECv5g03446	TC031822
LDECv5g03451	TC004803
LDECv5g03452	TC031561
LDECv5g03454	TC004721
LDECv5g03456	TC004676
LDECv5g03457	TC001439
LDECv5g03458	TC016055
LDECv5g03464	TC001433
LDECv5g03466	TC010832
LDECv5g03467	TC010824
LDECv5g03468	TC005186
LDECv5g03471	TC005167
LDECv5g03472	TC005166
LDECv5g03473	TC005163
LDECv5g03474	TC009210
LDECv5g03476	TC004600
LDECv5g03477	TC031558
LDECv5g03480	TC001631
LDECv5g03481	TC008157
LDECv5g03483	TC004677
LDECv5g03487	TC014165
LDECv5g03489	TC006245
LDECv5g03490	TC004639
LDECv5g03491	TC015659
LDECv5g03492	TC004730
LDECv5g03493	TC001722
LDECv5g03495	TC005187
LDECv5g03503	TC004792
LDECv5g03504	TC010881
LDECv5g03505	TC004151
LDECv5g03506	TC005164
LDECv5g03507	TC001604
LDECv5g03508	TC010833
LDECv5g03510	TC004647
LDECv5g03514	TC003817
LDECv5g03515	TC001708
LDECv5g03516	TC001707
LDECv5g03517	TC001706
LDECv5g03518	TC001758
LDECv5g03519	TC001759
LDECv5g03520	TC001760
LDECv5g03521	TC010871
LDECv5g03522	TC001754
LDECv5g03523	TC031480
LDECv5g03525	TC001761
LDECv5g03527	TC001620
LDECv5g03530	TC031556
LDECv5g03531	TC004628
LDECv5g03533	TC010851
LDECv5g03534	TC001470
LDECv5g03538	TC014166
LDECv5g03542	TC013604
LDECv5g03546	TC004723
LDECv5g03550	TC010850
LDECv5g03551	TC010852
LDECv5g03554	TC001701
LDECv5g03558	TC001965
LDECv5g03560	TC004772
LDECv5g03565	TC004716
LDECv5g03568	TC004153
LDECv5g03570	TC013536
LDECv5g03571	TC004714
LDECv5g03572	TC013623
LDECv5g03573	TC004742
LDECv5g03575	TC014205
LDECv5g03578	TC004720
LDECv5g03579	TC001432
LDECv5g03586	TC004130
LDECv5g03587	TC013622
LDECv5g03588	TC001772
LDECv5g03592	TC001622
LDECv5g03595	TC001864
LDECv5g03596	TC004152
LDECv5g03597	TC014173
LDECv5g03598	TC031506
LDECv5g03599	TC004594
LDECv5g03600	TC014179
LDECv5g03603	TC010820
LDECv5g03607	TC001606
LDECv5g03610	TC013635
LDECv5g03611	TC004143
LDECv5g03613	TC004299
LDECv5g03614	TC004745
LDECv5g03615	TC004675
LDECv5g03624	TC034518
LDECv5g03629	TC004596
LDECv5g03630	TC014238
LDECv5g03631	TC001640
LDECv5g03644	TC004296
LDECv5g03654	TC001877
LDECv5g03656	TC004597
LDECv5g03658	TC004673
LDECv5g03662	TC031468
LDECv5g03680	TC004598
LDECv5g03686	TC030555
LDECv5g03687	TC004697
LDECv5g03690	TC004695
LDECv5g03692	TC013624
LDECv5g03708	TC014237
LDECv5g03714	TC001878
LDECv5g03715	TC004590
LDECv5g03723	TC004691
LDECv5g03736	TC010401
LDECv5g03746	TC005181
LDECv5g03748	TC005179
LDECv5g03751	TC014214
LDECv5g03760	TC014163
LDECv5g03765	TC033094
LDECv5g03766	TC014203
LDECv5g03767	TC013613
LDECv5g03769	TC005168
LDECv5g03772	TC031525
LDECv5g03777	TC031524
LDECv5g03781	TC031511
LDECv5g03782	TC014239
LDECv5g03791	TC004724
LDECv5g03800	TC001465
LDECv5g03801	TC013625
LDECv5g03803	TC004290
LDECv5g03804	TC001753
LDECv5g03806	TC034512
LDECv5g03807	TC010866
LDECv5g03808	TC001762
LDECv5g03809	TC004701
LDECv5g03811	TC004142
LDECv5g03812	TC004140
LDECv5g03813	TC013571
LDECv5g03814	TC004633
LDECv5g03815	TC010812
LDECv5g03817	TC014197
LDECv5g03818	TC006955
LDECv5g03822	TC001714
LDECv5g03823	TC001744
LDECv5g03825	TC001715
LDECv5g03826	TC001742
LDECv5g03828	TC001741
LDECv5g03830	TC001740
LDECv5g03831	TC001719
LDECv5g03832	TC001720
LDECv5g03833	TC010779
LDECv5g03834	TC010780
LDECv5g03836	TC004111
LDECv5g03837	TC004114
LDECv5g03838	TC015353
LDECv5g03839	TC013565
LDECv5g03840	TC001458
LDECv5g03848	TC013704
LDECv5g03851	TC000121
LDECv5g03853	TC033093
LDECv5g03854	TC013652
LDECv5g03858	TC001713
LDECv5g03859	TC001745
LDECv5g03862	TC004709
LDECv5g03866	TC004658
LDECv5g03867	TC013592
LDECv5g03870	TC004659
LDECv5g03872	TC004704
LDECv5g03873	TC031574
LDECv5g03874	TC010796
LDECv5g03875	TC002539
LDECv5g03876	TC031425
LDECv5g03880	TC001623
LDECv5g03881	TC001615
LDECv5g03885	TC010875
LDECv5g03887	TC004579
LDECv5g03890	TC004800
LDECv5g03892	TC004578
LDECv5g03893	TC004801
LDECv5g03894	TC013570
LDECv5g03895	TC004298
LDECv5g03896	TC004289
LDECv5g03897	TC010857
LDECv5g03900	TC031541
LDECv5g03901	TC010783
LDECv5g03903	TC004664
LDECv5g03906	TC001712
LDECv5g03910	TC004121
LDECv5g03911	TC004119
LDECv5g03915	TC001529
LDECv5g03916	TC014160
LDECv5g03918	TC013569
LDECv5g03919	TC030659
LDECv5g03920	TC013626
LDECv5g03921	TC004605
LDECv5g03922	TC016058
LDECv5g03928	TC032288
LDECv5g03929	TC001624
LDECv5g03936	TC014245
LDECv5g03937	TC004144
LDECv5g03939	TC004115
LDECv5g03940	TC004116
LDECv5g03941	TC004802
LDECv5g03942	TC004712
LDECv5g03944	TC004713
LDECv5g03946	TC001975
LDECv5g03947	TC001976
LDECv5g03948	TC014218
LDECv5g03949	TC004123
LDECv5g03952	TC004150
LDECv5g03953	TC004636
LDECv5g03956	TC004635
LDECv5g03959	TC004580
LDECv5g03961	TC006198
LDECv5g03963	TC010837
LDECv5g03964	TC010818
LDECv5g03966	TC010817
LDECv5g03967	TC031530
LDECv5g03969	TC030217
LDECv5g03971	TC010815
LDECv5g03973	TC010814
LDECv5g03975	TC010813
LDECv5g03976	TC001442
LDECv5g03977	TC001440
LDECv5g03978	TC031519
LDECv5g03979	TC030644
LDECv5g03983	TC010807
LDECv5g03986	TC001616
LDECv5g03987	TC014817
LDECv5g03988	TC004767
LDECv5g03989	TC004610
LDECv5g03990	TC012356
LDECv5g03991	TC014222
LDECv5g03992	TC030884
LDECv5g03994	TC013582
LDECv5g03998	TC013580
LDECv5g03999	TC013579
LDECv5g04000	TC014227
LDECv5g04002	TC013578
LDECv5g04003	TC031508
LDECv5g04004	TC031509
LDECv5g04006	TC013574
LDECv5g04011	TC010884
LDECv5g04012	TC013573
LDECv5g04013	TC004652
LDECv5g04014	TC004653
LDECv5g04016	TC004711
LDECv5g04017	TC031479
LDECv5g04018	TC013586
LDECv5g04019	TC013585
LDECv5g04020	TC014219
LDECv5g04021	TC014220
LDECv5g04022	TC014221
LDECv5g04023	TC001601
LDECv5g04024	TC004758
LDECv5g04026	TC010770
LDECv5g04027	TC010771
LDECv5g04029	TC010773
LDECv5g04031	TC004768
LDECv5g04034	TC004622
LDECv5g04035	TC001765
LDECv5g04037	TC004789
LDECv5g04038	TC004791
LDECv5g04039	TC001464
LDECv5g04041	TC013340
LDECv5g04044	TC031517
LDECv5g04048	TC004765
LDECv5g04049	TC004764
LDECv5g04050	TC034530
LDECv5g04052	TC014242
LDECv5g04053	TC031545
LDECv5g04054	TC004679
LDECv5g04055	TC004609
LDECv5g04057	TC010766
LDECv5g04059	TC010887
LDECv5g04060	TC010767
LDECv5g04061	TC010886
LDECv5g04062	TC031546
LDECv5g04064	TC010764
LDECv5g04066	TC031548
LDECv5g04088	TC010761
LDECv5g04089	TC010759
LDECv5g04090	TC001594
LDECv5g04091	TC001593
LDECv5g04092	TC031459
LDECv5g04093	TC001774
LDECv5g04094	TC001438
LDECv5g04095	TC034513
LDECv5g04098	TC013598
LDECv5g04099	TC001709
LDECv5g04100	TC001756
LDECv5g04101	TC005174
LDECv5g04102	TC031549
LDECv5g04103	TC010758
LDECv5g04104	TC001755
LDECv5g04106	TC001710
LDECv5g04107	TC010885
LDECv5g04111	TC001460
LDECv5g04112	TC001443
LDECv5g04113	TC013593
LDECv5g04114	TC014215
LDECv5g04116	TC004782
LDECv5g04117	TC014207
LDECv5g04118	TC004746
LDECv5g04119	TC001697
LDECv5g04120	TC013594
LDECv5g04122	TC013595
LDECv5g04124	TC030882
LDECv5g04125	TC006745
LDECv5g04126	TC004606
LDECv5g04128	TC016056
LDECv5g04134	TC014813
LDECv5g04135	TC002080
LDECv5g04141	TC013096
LDECv5g04143	TC014672
LDECv5g04144	TC031157
LDECv5g04147	TC014561
LDECv5g04148	TC002096
LDECv5g04149	TC002100
LDECv5g04157	TC014278
LDECv5g04160	TC001618
LDECv5g04161	TC013805
LDECv5g04162	TC009837
LDECv5g04163	TC013998
LDECv5g04164	TC006809
LDECv5g04165	TC013804
LDECv5g04166	TC013803
LDECv5g04167	TC006775
LDECv5g04168	TC014465
LDECv5g04172	TC033113
LDECv5g04175	TC013534
LDECv5g04176	TC010234
LDECv5g04177	TC033263
LDECv5g04179	TC002098
LDECv5g04207	TC034735
LDECv5g04210	TC015061
LDECv5g04213	TC009618
LDECv5g04214	TC033301
LDECv5g04215	TC034715
LDECv5g04216	TC015381
LDECv5g04228	TC008867
LDECv5g04229	TC016368
LDECv5g04230	TC008920
LDECv5g04235	TC015756
LDECv5g04236	TC014954
LDECv5g04237	TC015144
LDECv5g04238	TC014951
LDECv5g04242	TC015209
LDECv5g04243	TC015208
LDECv5g04245	TC009189
LDECv5g04246	TC009186
LDECv5g04247	TC030712
LDECv5g04248	TC010100
LDECv5g04249	TC033313
LDECv5g04250	TC015411
LDECv5g04251	TC015510
LDECv5g04252	TC015511
LDECv5g04254	TC033316
LDECv5g04255	TC033411
LDECv5g04256	TC006040
LDECv5g04258	TC006039
LDECv5g04260	TC000530
LDECv5g04261	TC015081
LDECv5g04262	TC011177
LDECv5g04263	TC013339
LDECv5g04265	TC033958
LDECv5g04266	TC015328
LDECv5g04267	TC015504
LDECv5g04268	TC015201
LDECv5g04269	TC015200
LDECv5g04270	TC015051
LDECv5g04271	TC014950
LDECv5g04272	TC014910
LDECv5g04276	TC015801
LDECv5g04277	TC014911
LDECv5g04278	TC015802
LDECv5g04281	TC033376
LDECv5g04282	TC015139
LDECv5g04283	TC034016
LDECv5g04284	TC015315
LDECv5g04286	TC015674
LDECv5g04288	TC013450
LDECv5g04289	TC030750
LDECv5g04290	TC004979
LDECv5g04291	TC014340
LDECv5g04292	TC013451
LDECv5g04293	TC014339
LDECv5g04294	TC031162
LDECv5g04295	TC034711
LDECv5g04299	TC014120
LDECv5g04300	TC013116
LDECv5g04304	TC033074
LDECv5g04305	TC014119
LDECv5g04307	TC013692
LDECv5g04308	TC014635
LDECv5g04313	TC013190
LDECv5g04314	TC033203
LDECv5g04315	TC014625
LDECv5g04317	TC012910
LDECv5g04318	TC014640
LDECv5g04320	TC014639
LDECv5g04321	TC030661
LDECv5g04323	TC014638
LDECv5g04324	TC013178
LDECv5g04325	TC013758
LDECv5g04326	TC013759
LDECv5g04327	TC014042
LDECv5g04329	TC013861
LDECv5g04330	TC013862
LDECv5g04331	TC013373
LDECv5g04339	TC033160
LDECv5g04341	TC013376
LDECv5g04345	TC014792
LDECv5g04346	TC013779
LDECv5g04349	TC000079
LDECv5g04350	TC015488
LDECv5g04351	TC033320
LDECv5g04352	TC015133
LDECv5g04353	TC033413
LDECv5g04354	TC015068
LDECv5g04357	TC031269
LDECv5g04358	TC015663
LDECv5g04359	TC015577
LDECv5g04360	TC034683
LDECv5g04366	TC030907
LDECv5g04370	TC013535
LDECv5g04371	TC016023
LDECv5g04373	TC015628
LDECv5g04376	TC013806
LDECv5g04377	TC015638
LDECv5g04381	TC034718
LDECv5g04383	TC015330
LDECv5g04387	TC015092
LDECv5g04388	TC008442
LDECv5g04391	TC004703
LDECv5g04392	TC014883
LDECv5g04397	TC015165
LDECv5g04400	TC033398
LDECv5g04401	TC015668
LDECv5g04405	TC033392
LDECv5g04412	TC015590
LDECv5g04418	TC030744
LDECv5g04419	TC015824
LDECv5g04420	TC014897
LDECv5g04421	TC015823
LDECv5g04423	TC015819
LDECv5g04424	TC015821
LDECv5g04427	TC014898
LDECv5g04428	TC015816
LDECv5g04429	TC033453
LDECv5g04431	TC014904
LDECv5g04433	TC014903
LDECv5g04434	TC015812
LDECv5g04441	TC014957
LDECv5g04442	TC015394
LDECv5g04444	TC015393
LDECv5g04446	TC015342
LDECv5g04448	TC015391
LDECv5g04449	TC015389
LDECv5g04450	TC033458
LDECv5g04451	TC015348
LDECv5g04452	TC015347
LDECv5g04454	TC015384
LDECv5g04455	TC015364
LDECv5g04457	TC034726
LDECv5g04458	TC015534
LDECv5g04459	TC015176
LDECv5g04462	TC015537
LDECv5g04464	TC001862
LDECv5g04466	TC002393
LDECv5g04467	TC034727
LDECv5g04483	TC006051
LDECv5g04485	TC014956
LDECv5g04487	TC015563
LDECv5g04488	TC034732
LDECv5g04489	TC015811
LDECv5g04490	TC015693
LDECv5g04491	TC014994
LDECv5g04505	TC006047
LDECv5g04509	TC006044
LDECv5g04511	TC015549
LDECv5g04515	TC015156
LDECv5g04517	TC015137
LDECv5g04520	TC013033
LDECv5g04521	TC015547
LDECv5g04522	TC015163
LDECv5g04523	TC015164
LDECv5g04526	TC034733
LDECv5g04528	TC015564
LDECv5g04529	TC015150
LDECv5g04530	TC030548
LDECv5g04531	TC004933
LDECv5g04533	TC033954
LDECv5g04534	TC006113
LDECv5g04535	TC006112
LDECv5g04537	TC006037
LDECv5g04538	TC034818
LDECv5g04539	TC006114
LDECv5g04544	TC033956
LDECv5g04545	TC006034
LDECv5g04546	TC033955
LDECv5g04549	TC015852
LDECv5g04551	TC014917
LDECv5g04556	TC006116
LDECv5g04557	TC006117
LDECv5g04565	TC006038
LDECv5g04567	TC015298
LDECv5g04568	TC015321
LDECv5g04569	TC015410
LDECv5g04570	TC030628
LDECv5g04571	TC034719
LDECv5g04572	TC015304
LDECv5g04573	TC033325
LDECv5g04574	TC015424
LDECv5g04577	TC015048
LDECv5g04578	TC015301
LDECv5g04579	TC015397
LDECv5g04581	TC015333
LDECv5g04582	TC015374
LDECv5g04583	TC015129
LDECv5g04585	TC015127
LDECv5g04592	TC033300
LDECv5g04593	TC015373
LDECv5g04594	TC015372
LDECv5g04595	TC014108
LDECv5g04596	TC015356
LDECv5g04598	TC014927
LDECv5g04599	TC033445
LDECv5g04600	TC015327
LDECv5g04601	TC013699
LDECv5g04602	TC030760
LDECv5g04603	TC030613
LDECv5g04604	TC015334
LDECv5g04606	TC015354
LDECv5g04607	TC010300
LDECv5g04608	TC015377
LDECv5g04609	TC015376
LDECv5g04613	TC015355
LDECv5g04616	TC015806
LDECv5g04618	TC015805
LDECv5g04620	TC015179
LDECv5g04621	TC011200
LDECv5g04622	TC034808
LDECv5g04623	TC000738
LDECv5g04624	TC015786
LDECv5g04625	TC014918
LDECv5g04626	TC014892
LDECv5g04628	TC015829
LDECv5g04629	TC034199
LDECv5g04633	TC015015
LDECv5g04634	TC008001
LDECv5g04635	TC015680
LDECv5g04636	TC015679
LDECv5g04637	TC005617
LDECv5g04638	TC006041
LDECv5g04641	TC014963
LDECv5g04642	TC015168
LDECv5g04644	TC033957
LDECv5g04645	TC015594
LDECv5g04646	TC015521
LDECv5g04647	TC015522
LDECv5g04649	TC004953
LDECv5g04652	TC014859
LDECv5g04653	TC015135
LDECv5g04654	TC015016
LDECv5g04659	TC015839
LDECv5g04660	TC015415
LDECv5g04661	TC015071
LDECv5g04663	TC015634
LDECv5g04668	TC033425
LDECv5g04669	TC015859
LDECv5g04671	TC014856
LDECv5g04675	TC015490
LDECv5g04676	TC015420
LDECv5g04677	TC015670
LDECv5g04678	TC015024
LDECv5g04679	TC015669
LDECv5g04682	TC015652
LDECv5g04683	TC014886
LDECv5g04684	TC015406
LDECv5g04686	TC015324
LDECv5g04687	TC014860
LDECv5g04688	TC015856
LDECv5g04690	TC014861
LDECv5g04691	TC014893
LDECv5g04692	TC014964
LDECv5g04693	TC015733
LDECv5g04694	TC015855
LDECv5g04695	TC014863
LDECv5g04698	TC015359
LDECv5g04699	TC015540
LDECv5g04700	TC015169
LDECv5g04701	TC015369
LDECv5g04703	TC015033
LDECv5g04704	TC015538
LDECv5g04705	TC011607
LDECv5g04706	TC015539
LDECv5g04710	TC015648
LDECv5g04711	TC015057
LDECv5g04712	TC015096
LDECv5g04713	TC015095
LDECv5g04715	TC033801
LDECv5g04717	TC014966
LDECv5g04718	TC015687
LDECv5g04720	TC015732
LDECv5g04722	TC030575
LDECv5g04723	TC015749
LDECv5g04724	TC015141
LDECv5g04725	TC030775
LDECv5g04729	TC015453
LDECv5g04731	TC000164
LDECv5g04732	TC033321
LDECv5g04733	TC013201
LDECv5g04734	TC015134
LDECv5g04735	TC015728
LDECv5g04736	TC015066
LDECv5g04737	TC015640
LDECv5g04738	TC006108
LDECv5g04739	TC006109
LDECv5g04740	TC034737
LDECv5g04741	TC015621
LDECv5g04742	TC010137
LDECv5g04743	TC015810
LDECv5g04744	TC014905
LDECv5g04748	TC033117
LDECv5g04749	TC013016
LDECv5g04756	TC033149
LDECv5g04758	TC014606
LDECv5g04759	TC014607
LDECv5g04760	TC033199
LDECv5g04761	TC013206
LDECv5g04763	TC013073
LDECv5g04764	TC033250
LDECv5g04766	TC033253
LDECv5g04767	TC014749
LDECv5g04768	TC033254
LDECv5g04770	TC012891
LDECv5g04772	TC012892
LDECv5g04773	TC012894
LDECv5g04774	TC013041
LDECv5g04775	TC013042
LDECv5g04776	TC014762
LDECv5g04777	TC031160
LDECv5g04778	TC014761
LDECv5g04779	TC013143
LDECv5g04780	TC012054
LDECv5g04781	TC014753
LDECv5g04782	TC033221
LDECv5g04783	TC014673
LDECv5g04784	TC014474
LDECv5g04786	TC013341
LDECv5g04788	TC014479
LDECv5g04789	TC010945
LDECv5g04790	TC014015
LDECv5g04791	TC013202
LDECv5g04792	TC013907
LDECv5g04793	TC014471
LDECv5g04794	TC032990
LDECv5g04795	TC014347
LDECv5g04797	TC014251
LDECv5g04799	TC013532
LDECv5g04800	TC014250
LDECv5g04804	TC014470
LDECv5g04805	TC013668
LDECv5g04806	TC014328
LDECv5g04829	TC014131
LDECv5g04830	TC014133
LDECv5g04834	TC014134
LDECv5g04836	TC013670
LDECv5g04838	TC013669
LDECv5g04839	TC014137
LDECv5g04840	TC014564
LDECv5g04842	TC001418
LDECv5g04844	TC014370
LDECv5g04845	TC013423
LDECv5g04846	TC013425
LDECv5g04847	TC014367
LDECv5g04849	TC033076
LDECv5g04851	TC014731
LDECv5g04854	TC033037
LDECv5g04855	TC013982
LDECv5g04857	TC013979
LDECv5g04861	TC014601
LDECv5g04866	TC014598
LDECv5g04867	TC014596
LDECv5g04870	TC014396
LDECv5g04871	TC013405
LDECv5g04872	TC013995
LDECv5g04873	TC003522
LDECv5g04874	TC013996
LDECv5g04875	TC033247
LDECv5g04876	TC013079
LDECv5g04877	TC013080
LDECv5g04879	TC030049
LDECv5g04880	TC013082
LDECv5g04881	TC014733
LDECv5g04882	TC010420
LDECv5g04883	TC013083
LDECv5g04885	TC013677
LDECv5g04886	TC030756
LDECv5g04887	TC014481
LDECv5g04889	TC013336
LDECv5g04890	TC014106
LDECv5g04891	TC013408
LDECv5g04892	TC015077
LDECv5g04903	TC033102
LDECv5g04904	TC010407
LDECv5g04906	TC010405
LDECv5g04909	TC013311
LDECv5g04911	TC000768
LDECv5g04912	TC013310
LDECv5g04913	TC013309
LDECv5g04914	TC013838
LDECv5g04915	TC013971
LDECv5g04921	TC013839
LDECv5g04922	TC008948
LDECv5g04923	TC013840
LDECv5g04926	TC013958
LDECv5g04928	TC033027
LDECv5g04933	TC013857
LDECv5g04934	TC013858
LDECv5g04935	TC030468
LDECv5g04938	TC013835
LDECv5g04939	TC013975
LDECv5g04940	TC013837
LDECv5g04941	TC013974
LDECv5g04944	TC014560
LDECv5g04945	TC014562
LDECv5g04946	TC014563
LDECv5g04947	TC014680
LDECv5g04949	TC013308
LDECv5g04952	TC014757
LDECv5g04953	TC013053
LDECv5g04954	TC013055
LDECv5g04955	TC013891
LDECv5g04956	TC013890
LDECv5g04957	TC013912
LDECv5g04958	TC013911
LDECv5g04960	TC013807
LDECv5g04962	TC013993
LDECv5g04963	TC013808
LDECv5g04964	TC013810
LDECv5g04965	TC015951
LDECv5g04968	TC013812
LDECv5g04969	TC013813
LDECv5g04970	TC005941
LDECv5g04971	TC013814
LDECv5g04973	TC013815
LDECv5g04974	TC015827
LDECv5g04975	TC015826
LDECv5g04976	TC014894
LDECv5g04978	TC033459
LDECv5g04979	TC014167
LDECv5g04980	TC014895
LDECv5g04981	TC004528
LDECv5g04982	TC015094
LDECv5g04983	TC015605
LDECv5g04984	TC006129
LDECv5g04985	TC003565
LDECv5g04986	TC015575
LDECv5g04987	TC030904
LDECv5g04988	TC009858
LDECv5g04989	TC032457
LDECv5g05004	TC015854
LDECv5g05005	TC033432
LDECv5g05007	TC015316
LDECv5g05010	TC015614
LDECv5g05011	TC015091
LDECv5g05012	TC004239
LDECv5g05013	TC015132
LDECv5g05014	TC006025
LDECv5g05015	TC015120
LDECv5g05019	TC015310
LDECv5g05022	TC004619
LDECv5g05025	TC015508
LDECv5g05027	TC004316
LDECv5g05029	TC015217
LDECv5g05031	TC015491
LDECv5g05032	TC015213
LDECv5g05033	TC015492
LDECv5g05034	TC015494
LDECv5g05036	TC033312
LDECv5g05037	TC015079
LDECv5g05039	TC015054
LDECv5g05040	TC015626
LDECv5g05041	TC015052
LDECv5g05042	TC006107
LDECv5g05043	TC033415
LDECv5g05045	TC034741
LDECv5g05046	TC015691
LDECv5g05048	TC015689
LDECv5g05050	TC014996
LDECv5g05051	TC015688
LDECv5g05053	TC032578
LDECv5g05054	TC014998
LDECv5g05055	TC015215
LDECv5g05056	TC015441
LDECv5g05057	TC015216
LDECv5g05058	TC015421
LDECv5g05059	TC033299
LDECv5g05060	TC006056
LDECv5g05063	TC005783
LDECv5g05064	TC015667
LDECv5g05065	TC015026
LDECv5g05067	TC014882
LDECv5g05072	TC006097
LDECv5g05081	TC006105
LDECv5g05082	TC006019
LDECv5g05084	TC006104
LDECv5g05087	TC030749
LDECv5g05088	TC034740
LDECv5g05089	TC015452
LDECv5g05090	TC006106
LDECv5g05093	TC006024
LDECv5g05094	TC006023
LDECv5g05095	TC016011
LDECv5g05097	TC005288
LDECv5g05099	TC015268
LDECv5g05100	TC014961
LDECv5g05101	TC005276
LDECv5g05106	TC033063
LDECv5g05107	TC015530
LDECv5g05109	TC015192
LDECv5g05110	TC030896
LDECv5g05111	TC031270
LDECv5g05112	TC006132
LDECv5g05113	TC006020
LDECv5g05114	TC015731
LDECv5g05115	TC013489
LDECv5g05117	TC013231
LDECv5g05119	TC013005
LDECv5g05120	TC030104
LDECv5g05121	TC014398
LDECv5g05122	TC013466
LDECv5g05123	TC011798
LDECv5g05124	TC013464
LDECv5g05126	TC013465
LDECv5g05127	TC014329
LDECv5g05128	TC014093
LDECv5g05134	TC000976
LDECv5g05135	TC013424
LDECv5g05136	TC014759
LDECv5g05137	TC013984
LDECv5g05138	TC013831
LDECv5g05139	TC033038
LDECv5g05140	TC013832
LDECv5g05143	TC014760
LDECv5g05144	TC014676
LDECv5g05147	TC013377
LDECv5g05148	TC010418
LDECv5g05149	TC010447
LDECv5g05150	TC010419
LDECv5g05151	TC010446
LDECv5g05152	TC010424
LDECv5g05153	TC014056
LDECv5g05154	TC013742
LDECv5g05157	TC007982
LDECv5g05158	TC007521
LDECv5g05160	TC007156
LDECv5g05161	TC007671
LDECv5g05162	TC007981
LDECv5g05163	TC032882
LDECv5g05164	TC007808
LDECv5g05165	TC007684
LDECv5g05166	TC007707
LDECv5g05167	TC007708
LDECv5g05168	TC007709
LDECv5g05169	TC032789
LDECv5g05170	TC007530
LDECv5g05171	TC007973
LDECv5g05174	TC007443
LDECv5g05176	TC008030
LDECv5g05177	TC007465
LDECv5g05178	TC008029
LDECv5g05180	TC014243
LDECv5g05181	TC004992
LDECv5g05183	TC010388
LDECv5g05184	TC008015
LDECv5g05186	TC007704
LDECv5g05188	TC007825
LDECv5g05189	TC007213
LDECv5g05191	TC007112
LDECv5g05194	TC007128
LDECv5g05195	TC007074
LDECv5g05196	TC008016
LDECv5g05198	TC007733
LDECv5g05199	TC007767
LDECv5g05201	TC001636
LDECv5g05202	TC007053
LDECv5g05205	TC008448
LDECv5g05206	TC007920
LDECv5g05207	TC007893
LDECv5g05211	TC007167
LDECv5g05212	TC008302
LDECv5g05213	TC007515
LDECv5g05214	TC007894
LDECv5g05216	TC008033
LDECv5g05217	TC007674
LDECv5g05218	TC007528
LDECv5g05220	TC004592
LDECv5g05222	TC007979
LDECv5g05224	TC008441
LDECv5g05225	TC007523
LDECv5g05226	TC032831
LDECv5g05229	TC032771
LDECv5g05231	TC030541
LDECv5g05232	TC008173
LDECv5g05233	TC007937
LDECv5g05234	TC007124
LDECv5g05235	TC008354
LDECv5g05236	TC008353
LDECv5g05237	TC007283
LDECv5g05290	TC007200
LDECv5g05291	TC008443
LDECv5g05292	TC007202
LDECv5g05294	TC008270
LDECv5g05295	TC008268
LDECv5g05297	TC007203
LDECv5g05298	TC007170
LDECv5g05299	TC007047
LDECv5g05302	TC008024
LDECv5g05303	TC007406
LDECv5g05307	TC007233
LDECv5g05308	TC007747
LDECv5g05309	TC007882
LDECv5g05315	TC007620
LDECv5g05318	TC007700
LDECv5g05319	TC030640
LDECv5g05320	TC032726
LDECv5g05322	TC008189
LDECv5g05325	TC007735
LDECv5g05329	TC008429
LDECv5g05331	TC032938
LDECv5g05332	TC007212
LDECv5g05333	TC008262
LDECv5g05334	TC007190
LDECv5g05335	TC008369
LDECv5g05336	TC004599
LDECv5g05340	TC007984
LDECv5g05341	TC007985
LDECv5g05342	TC007517
LDECv5g05346	TC030552
LDECv5g05348	TC007516
LDECv5g05350	TC003718
LDECv5g05351	TC008147
LDECv5g05352	TC008473
LDECv5g05354	TC008472
LDECv5g05356	TC004722
LDECv5g05357	TC008223
LDECv5g05360	TC032855
LDECv5g05363	TC007766
LDECv5g05364	TC007006
LDECv5g05365	TC008519
LDECv5g05369	TC007010
LDECv5g05370	TC007009
LDECv5g05376	TC007971
LDECv5g05377	TC008220
LDECv5g05379	TC007247
LDECv5g05380	TC008294
LDECv5g05381	TC007702
LDECv5g05382	TC007791
LDECv5g05383	TC007589
LDECv5g05384	TC007919
LDECv5g05386	TC030745
LDECv5g05390	TC007467
LDECv5g05391	TC008028
LDECv5g05393	TC032932
LDECv5g05394	TC007061
LDECv5g05396	TC011868
LDECv5g05398	TC004625
LDECv5g05400	TC008128
LDECv5g05402	TC008129
LDECv5g05403	TC007375
LDECv5g05404	TC007376
LDECv5g05407	TC008232
LDECv5g05408	TC008231
LDECv5g05418	TC005391
LDECv5g05419	TC005392
LDECv5g05420	TC007439
LDECv5g05421	TC008507
LDECv5g05423	TC007015
LDECv5g05424	TC033737
LDECv5g05425	TC007014
LDECv5g05426	TC008511
LDECv5g05427	TC007929
LDECv5g05429	TC008349
LDECv5g05437	TC034655
LDECv5g05438	TC007350
LDECv5g05439	TC006901
LDECv5g05440	TC007194
LDECv5g05449	TC032873
LDECv5g05458	TC007744
LDECv5g05459	TC007177
LDECv5g05461	TC007178
LDECv5g05462	TC032879
LDECv5g05464	TC007710
LDECv5g05466	TC007761
LDECv5g05473	TC007211
LDECv5g05474	TC005557
LDECv5g05475	TC007210
LDECv5g05476	TC006554
LDECv5g05477	TC032811
LDECv5g05480	TC008127
LDECv5g05481	TC008126
LDECv5g05487	TC032881
LDECv5g05488	TC032818
LDECv5g05489	TC032817
LDECv5g05492	TC007381
LDECv5g05493	TC007382
LDECv5g05494	TC008103
LDECv5g05495	TC007447
LDECv5g05501	TC032933
LDECv5g05513	TC008406
LDECv5g05514	TC034645
LDECv5g05515	TC007682
LDECv5g05516	TC007126
LDECv5g05517	TC007204
LDECv5g05523	TC032851
LDECv5g05524	TC032848
LDECv5g05528	TC032847
LDECv5g05529	TC032846
LDECv5g05530	TC032845
LDECv5g05531	TC032843
LDECv5g05532	TC008209
LDECv5g05533	TC007261
LDECv5g05535	TC008208
LDECv5g05536	TC007262
LDECv5g05539	TC007263
LDECv5g05543	TC007266
LDECv5g05545	TC008206
LDECv5g05546	TC007272
LDECv5g05547	TC007270
LDECv5g05550	TC008514
LDECv5g05551	TC008509
LDECv5g05552	TC010960
LDECv5g05555	TC007106
LDECv5g05556	TC007562
LDECv5g05557	TC008296
LDECv5g05558	TC007174
LDECv5g05559	TC007434
LDECv5g05560	TC007578
LDECv5g05561	TC007583
LDECv5g05565	TC007145
LDECv5g05570	TC007304
LDECv5g05572	TC032794
LDECv5g05573	TC007793
LDECv5g05574	TC007999
LDECv5g05575	TC013895
LDECv5g05576	TC004582
LDECv5g05577	TC008329
LDECv5g05583	TC008062
LDECv5g05589	TC007441
LDECv5g05603	TC032865
LDECv5g05605	TC008405
LDECv5g05620	TC007251
LDECv5g05623	TC007282
LDECv5g05624	TC008201
LDECv5g05629	TC008014
LDECv5g05630	TC007125
LDECv5g05631	TC008489
LDECv5g05632	TC008091
LDECv5g05633	TC007407
LDECv5g05634	TC008090
LDECv5g05636	TC008086
LDECv5g05638	TC000074
LDECv5g05645	TC007419
LDECv5g05646	TC007420
LDECv5g05647	TC008078
LDECv5g05648	TC007421
LDECv5g05649	TC008338
LDECv5g05650	TC008454
LDECv5g05651	TC007470
LDECv5g05652	TC015400
LDECv5g05653	TC007130
LDECv5g05654	TC007529
LDECv5g05655	TC007348
LDECv5g05656	TC034658
LDECv5g05657	TC008430
LDECv5g05658	TC007276
LDECv5g05666	TC007377
LDECv5g05667	TC007034
LDECv5g05689	TC007716
LDECv5g05690	TC008043
LDECv5g05691	TC007042
LDECv5g05692	TC007383
LDECv5g05693	TC008121
LDECv5g05694	TC032816
LDECv5g05696	TC008120
LDECv5g05697	TC007635
LDECv5g05698	TC003154
LDECv5g05701	TC007636
LDECv5g05702	TC007870
LDECv5g05704	TC007970
LDECv5g05705	TC007972
LDECv5g05707	TC008371
LDECv5g05708	TC007111
LDECv5g05709	TC013372
LDECv5g05710	TC008274
LDECv5g05711	TC007198
LDECv5g05712	TC032066
LDECv5g05715	TC008276
LDECv5g05716	TC008275
LDECv5g05720	TC030103
LDECv5g05728	TC007055
LDECv5g05736	TC008070
LDECv5g05747	TC007431
LDECv5g05749	TC007430
LDECv5g05755	TC007427
LDECv5g05759	TC007424
LDECv5g05760	TC008077
LDECv5g05761	TC007423
LDECv5g05762	TC008059
LDECv5g05763	TC007442
LDECv5g05765	TC008060
LDECv5g05766	TC007091
LDECv5g05768	TC007092
LDECv5g05769	TC032946
LDECv5g05770	TC008390
LDECv5g05773	TC032948
LDECv5g05776	TC032947
LDECv5g05777	TC011331
LDECv5g05778	TC007093
LDECv5g05779	TC008389
LDECv5g05780	TC008388
LDECv5g05781	TC007094
LDECv5g05782	TC007913
LDECv5g05791	TC007824
LDECv5g05792	TC008343
LDECv5g05793	TC007705
LDECv5g05796	TC012410
LDECv5g05797	TC007706
LDECv5g05799	TC007785
LDECv5g05800	TC008069
LDECv5g05806	TC007141
LDECv5g05815	TC007340
LDECv5g05824	TC008184
LDECv5g05825	TC008182
LDECv5g05827	TC007325
LDECv5g05829	TC007659
LDECv5g05830	TC008304
LDECv5g05831	TC008186
LDECv5g05832	TC007307
LDECv5g05833	TC008187
LDECv5g05834	TC007306
LDECv5g05836	TC007403
LDECv5g05838	TC007492
LDECv5g05839	TC007491
LDECv5g05841	TC008003
LDECv5g05852	TC008293
LDECv5g05854	TC007691
LDECv5g05855	TC002918
LDECv5g05856	TC008488
LDECv5g05857	TC007692
LDECv5g05859	TC032734
LDECv5g05860	TC032716
LDECv5g05861	TC007394
LDECv5g05862	TC007393
LDECv5g05864	TC000607
LDECv5g05870	TC007514
LDECv5g05871	TC007512
LDECv5g05872	TC007513
LDECv5g05874	TC007385
LDECv5g05875	TC008118
LDECv5g05876	TC008117
LDECv5g05877	TC008022
LDECv5g05878	TC007889
LDECv5g05879	TC007616
LDECv5g05880	TC007891
LDECv5g05881	TC007615
LDECv5g05882	TC007613
LDECv5g05883	TC007614
LDECv5g05884	TC007892
LDECv5g05885	TC007968
LDECv5g05886	TC030569
LDECv5g05887	TC007511
LDECv5g05888	TC007768
LDECv5g05889	TC007560
LDECv5g05893	TC032732
LDECv5g05894	TC007943
LDECv5g05895	TC007036
LDECv5g05896	TC008478
LDECv5g05898	TC008477
LDECv5g05899	TC007037
LDECv5g05900	TC007976
LDECv5g05909	TC007822
LDECv5g05911	TC008177
LDECv5g05912	TC004829
LDECv5g05913	TC007679
LDECv5g05916	TC008221
LDECv5g05917	TC007678
LDECv5g05919	TC007081
LDECv5g05921	TC007082
LDECv5g05926	TC008410
LDECv5g05927	TC008409
LDECv5g05928	TC008408
LDECv5g05929	TC008407
LDECv5g05930	TC008331
LDECv5g05931	TC007149
LDECv5g05935	TC007135
LDECv5g05936	TC007132
LDECv5g05938	TC007931
LDECv5g05939	TC007574
LDECv5g05940	TC007572
LDECv5g05941	TC007099
LDECv5g05942	TC008382
LDECv5g05943	TC007101
LDECv5g05944	TC008381
LDECv5g05945	TC001907
LDECv5g05946	TC007628
LDECv5g05947	TC032758
LDECv5g05948	TC032757
LDECv5g05949	TC007629
LDECv5g05950	TC001437
LDECv5g05951	TC007925
LDECv5g05952	TC007926
LDECv5g05953	TC007214
LDECv5g05954	TC007076
LDECv5g05955	TC032940
LDECv5g05956	TC008260
LDECv5g05961	TC006363
LDECv5g05965	TC007344
LDECv5g05966	TC007193
LDECv5g05967	TC008282
LDECv5g05971	TC008417
LDECv5g05976	TC008422
LDECv5g05977	TC007079
LDECv5g05983	TC008423
LDECv5g05984	TC007331
LDECv5g05985	TC008172
LDECv5g05986	TC007332
LDECv5g05987	TC030546
LDECv5g05988	TC032828
LDECv5g05989	TC007337
LDECv5g05990	TC008164
LDECv5g05992	TC008165
LDECv5g05993	TC008166
LDECv5g05994	TC007335
LDECv5g05998	TC008169
LDECv5g05999	TC008170
LDECv5g06001	TC007333
LDECv5g06003	TC032829
LDECv5g06004	TC007308
LDECv5g06005	TC001393
LDECv5g06010	TC008298
LDECv5g06011	TC007172
LDECv5g06012	TC007569
LDECv5g06013	TC007171
LDECv5g06016	TC007935
LDECv5g06017	TC004243
LDECv5g06018	TC007964
LDECv5g06021	TC007753
LDECv5g06022	TC007532
LDECv5g06024	TC034642
LDECv5g06025	TC008217
LDECv5g06026	TC008415
LDECv5g06028	TC008057
LDECv5g06030	TC008058
LDECv5g06037	TC007444
LDECv5g06039	TC008100
LDECv5g06040	TC007435
LDECv5g06041	TC008045
LDECv5g06042	TC007534
LDECv5g06043	TC007743
LDECv5g06046	TC007143
LDECv5g06047	TC007454
LDECv5g06049	TC007790
LDECv5g06051	TC007486
LDECv5g06053	TC008012
LDECv5g06054	TC032797
LDECv5g06056	TC007480
LDECv5g06059	TC007590
LDECv5g06074	TC015182
LDECv5g06075	TC007154
LDECv5g06078	TC007155
LDECv5g06087	TC007873
LDECv5g06088	TC009410
LDECv5g06089	TC007565
LDECv5g06090	TC008153
LDECv5g06092	TC007564
LDECv5g06093	TC007938
LDECv5g06094	TC031335
LDECv5g06097	TC015257
LDECv5g06098	TC011419
LDECv5g06099	TC015464
LDECv5g06100	TC015461
LDECv5g06101	TC015260
LDECv5g06102	TC015462
LDECv5g06104	TC015460
LDECv5g06106	TC010896
LDECv5g06107	TC004978
LDECv5g06109	TC011255
LDECv5g06110	TC011254
LDECv5g06111	TC004469
LDECv5g06112	TC004920
LDECv5g06113	TC009422
LDECv5g06117	TC011144
LDECv5g06118	TC011346
LDECv5g06119	TC008565
LDECv5g06125	TC010995
LDECv5g06126	TC034251
LDECv5g06131	TC010997
LDECv5g06132	TC032014
LDECv5g06134	TC004898
LDECv5g06138	TC032013
LDECv5g06144	TC004895
LDECv5g06146	TC004901
LDECv5g06149	TC000997
LDECv5g06151	TC002331
LDECv5g06152	TC011003
LDECv5g06153	TC011327
LDECv5g06154	TC000533
LDECv5g06155	TC011161
LDECv5g06156	TC000534
LDECv5g06157	TC014181
LDECv5g06158	TC001041
LDECv5g06159	TC000468
LDECv5g06160	TC001098
LDECv5g06161	TC000469
LDECv5g06162	TC001097
LDECv5g06163	TC011010
LDECv5g06164	TC001094
LDECv5g06166	TC000475
LDECv5g06167	TC000474
LDECv5g06171	TC000470
LDECv5g06174	TC014198
LDECv5g06176	TC004394
LDECv5g06177	TC004358
LDECv5g06178	TC004396
LDECv5g06179	TC030776
LDECv5g06195	TC004474
LDECv5g06199	TC004472
LDECv5g06200	TC004909
LDECv5g06201	TC004918
LDECv5g06202	TC004470
LDECv5g06203	TC004915
LDECv5g06209	TC004914
LDECv5g06208	TC004911
LDECv5g06210	TC004910
LDECv5g06211	TC004468
LDECv5g06212	TC000617
LDECv5g06213	TC004388
LDECv5g06214	TC011230
LDECv5g06215	TC011231
LDECv5g06216	TC011256
LDECv5g06218	TC001031
LDECv5g06219	TC001251
LDECv5g06220	TC001250
LDECv5g06223	TC004938
LDECv5g06224	TC032067
LDECv5g06227	TC000739
LDECv5g06230	TC007661
LDECv5g06231	TC007905
LDECv5g06234	TC001171
LDECv5g06235	TC000380
LDECv5g06237	TC001170
LDECv5g06238	TC000382
LDECv5g06240	TC011309
LDECv5g06241	TC006900
LDECv5g06242	TC011344
LDECv5g06243	TC000953
LDECv5g06244	TC009558
LDECv5g06252	TC032225
LDECv5g06253	TC011184
LDECv5g06258	TC011379
LDECv5g06259	TC004378
LDECv5g06260	TC004376
LDECv5g06263	TC001384
LDECv5g06266	TC000326
LDECv5g06269	TC000328
LDECv5g06270	TC001230
LDECv5g06272	TC004375
LDECv5g06274	TC011020
LDECv5g06275	TC011021
LDECv5g06276	TC006560
LDECv5g06278	TC011125
LDECv5g06279	TC000832
LDECv5g06280	TC032143
LDECv5g06282	TC032144
LDECv5g06285	TC032131
LDECv5g06289	TC000577
LDECv5g06292	TC001226
LDECv5g06293	TC001228
LDECv5g06294	TC000334
LDECv5g06295	TC000333
LDECv5g06296	TC001227
LDECv5g06297	TC001073
LDECv5g06299	TC032159
LDECv5g06300	TC032160
LDECv5g06301	TC008587
LDECv5g06302	TC004556
LDECv5g06303	TC011047
LDECv5g06304	TC011437
LDECv5g06308	TC004120
LDECv5g06310	TC011241
LDECv5g06311	TC000379
LDECv5g06312	TC008151
LDECv5g06313	TC007114
LDECv5g06314	TC008320
LDECv5g06315	TC007992
LDECv5g06318	TC004833
LDECv5g06321	TC007831
LDECv5g06322	TC007206
LDECv5g06323	TC007602
LDECv5g06325	TC007497
LDECv5g06327	TC008067
LDECv5g06331	TC000954
LDECv5g06332	TC001032
LDECv5g06333	TC012083
LDECv5g06334	TC011315
LDECv5g06340	TC011080
LDECv5g06341	TC004467
LDECv5g06343	TC000855
LDECv5g06356	TC000849
LDECv5g06371	TC003653
LDECv5g06379	TC000315
LDECv5g06384	TC000961
LDECv5g06391	TC000835
LDECv5g06393	TC000177
LDECv5g06394	TC000844
LDECv5g06395	TC031044
LDECv5g06396	TC007151
LDECv5g06397	TC013754
LDECv5g06403	TC007209
LDECv5g06406	TC030991
LDECv5g06408	TC000711
LDECv5g06409	TC000856
LDECv5g06410	TC032082
LDECv5g06413	TC000708
LDECv5g06415	TC000847
LDECv5g06416	TC005003
LDECv5g06417	TC008958
LDECv5g06420	TC032194
LDECv5g06422	TC016122
LDECv5g06424	TC000195
LDECv5g06429	TC032021
LDECv5g06430	TC004371
LDECv5g06431	TC000256
LDECv5g06432	TC004370
LDECv5g06440	TC011460
LDECv5g06441	TC011023
LDECv5g06442	TC011022
LDECv5g06443	TC011472
LDECv5g06445	TC007685
LDECv5g06446	TC032737
LDECv5g06449	TC007687
LDECv5g06450	TC032736
LDECv5g06452	TC007806
LDECv5g06453	TC004921
LDECv5g06456	TC007473
LDECv5g06458	TC008532
LDECv5g06459	TC008355
LDECv5g06460	TC007346
LDECv5g06461	TC032759
LDECv5g06462	TC007875
LDECv5g06465	TC008154
LDECv5g06466	TC031099
LDECv5g06467	TC007345
LDECv5g06468	TC007813
LDECv5g06469	TC007680
LDECv5g06483	TC008466
LDECv5g06484	TC007585
LDECv5g06486	TC008465
LDECv5g06488	TC032916
LDECv5g06495	TC008460
LDECv5g06498	TC014551
LDECv5g06499	TC007876
LDECv5g06500	TC011050
LDECv5g06501	TC011233
LDECv5g06502	TC011294
LDECv5g06504	TC000182
LDECv5g06505	TC032268
LDECv5g06506	TC016112
LDECv5g06507	TC006274
LDECv5g06508	TC011451
LDECv5g06509	TC000548
LDECv5g06510	TC016125
LDECv5g06511	TC011377
LDECv5g06516	TC004379
LDECv5g06517	TC004374
LDECv5g06518	TC031314
LDECv5g06519	TC011304
LDECv5g06520	TC011190
LDECv5g06521	TC011302
LDECv5g06522	TC011042
LDECv5g06524	TC014699
LDECv5g06527	TC011191
LDECv5g06529	TC030553
LDECv5g06530	TC010999
LDECv5g06531	TC002333
LDECv5g06532	TC015264
LDECv5g06536	TC005191
LDECv5g06538	TC015261
LDECv5g06542	TC000331
LDECv5g06544	TC007940
LDECv5g06545	TC004132
LDECv5g06546	TC001263
LDECv5g06555	TC000174
LDECv5g06560	TC031960
LDECv5g06563	TC000707
LDECv5g06565	TC000706
LDECv5g06570	TC015170
LDECv5g06574	TC032117
LDECv5g06575	TC004420
LDECv5g06577	TC000634
LDECv5g06578	TC011290
LDECv5g06579	TC032118
LDECv5g06580	TC011004
LDECv5g06583	TC031632
LDECv5g06584	TC000385
LDECv5g06590	TC000575
LDECv5g06598	TC000986
LDECv5g06600	TC001026
LDECv5g06601	TC001027
LDECv5g06603	TC000831
LDECv5g06605	TC011353
LDECv5g06609	TC000377
LDECv5g06610	TC001173
LDECv5g06612	TC008365
LDECv5g06613	TC008222
LDECv5g06614	TC001256
LDECv5g06615	TC016197
LDECv5g06616	TC016231
LDECv5g06618	TC007954
LDECv5g06621	TC016196
LDECv5g06624	TC033910
LDECv5g06628	TC031415
LDECv5g06631	TC016192
LDECv5g06634	TC011045
LDECv5g06640	TC004397
LDECv5g06641	TC000963
LDECv5g06642	TC034901
LDECv5g06643	TC011031
LDECv5g06644	TC000388
LDECv5g06645	TC001253
LDECv5g06647	TC000178
LDECv5g06649	TC030006
LDECv5g06650	TC007934
LDECv5g06651	TC008319
LDECv5g06654	TC008372
LDECv5g06655	TC015834
LDECv5g06658	TC007717
LDECv5g06659	TC007458
LDECv5g06663	TC007466
LDECv5g06664	TC008380
LDECv5g06667	TC008266
LDECv5g06668	TC003717
LDECv5g06669	TC007966
LDECv5g06670	TC007510
LDECv5g06671	TC007718
LDECv5g06672	TC007681
LDECv5g06673	TC007147
LDECv5g06677	TC008451
LDECv5g06679	TC008265
LDECv5g06681	TC009374
LDECv5g06687	TC011237
LDECv5g06688	TC011160
LDECv5g06691	TC031333
LDECv5g06692	TC008188
LDECv5g06697	TC032129
LDECv5g06706	TC000582
LDECv5g06711	TC032801
LDECv5g06712	TC007086
LDECv5g06713	TC007723
LDECv5g06714	TC032955
LDECv5g06715	TC007927
LDECv5g06717	TC007558
LDECv5g06718	TC007422
LDECv5g06719	TC008061
LDECv5g06720	TC034624
LDECv5g06721	TC034641
LDECv5g06723	TC016210
LDECv5g06724	TC007815
LDECv5g06725	TC032957
LDECv5g06726	TC007208
LDECv5g06727	TC007507
LDECv5g06728	TC007814
LDECv5g06729	TC007711
LDECv5g06730	TC004122
LDECv5g06731	TC008513
LDECv5g06732	TC008402
LDECv5g06733	TC031116
LDECv5g06734	TC007498
LDECv5g06737	TC007625
LDECv5g06739	TC008246
LDECv5g06741	TC007880
LDECv5g06742	TC007651
LDECv5g06743	TC007652
LDECv5g06745	TC007851
LDECv5g06748	TC007655
LDECv5g06755	TC008337
LDECv5g06756	TC032912
LDECv5g06757	TC007173
LDECv5g06758	TC007944
LDECv5g06761	TC034643
LDECv5g06762	TC008216
LDECv5g06763	TC012802
LDECv5g06772	TC007478
LDECv5g06773	TC007477
LDECv5g06774	TC007476
LDECv5g06777	TC008018
LDECv5g06778	TC008019
LDECv5g06780	TC006411
LDECv5g06782	TC007749
LDECv5g06786	TC007809
LDECv5g06789	TC007740
LDECv5g06790	TC007227
LDECv5g06799	TC007226
LDECv5g06801	TC031036
LDECv5g06806	TC001249
LDECv5g06807	TC010012
LDECv5g06808	TC007223
LDECv5g06810	TC008255
LDECv5g06811	TC008107
LDECv5g06812	TC008111
LDECv5g06813	TC007396
LDECv5g06817	TC032859
LDECv5g06822	TC007453
LDECv5g06826	TC003651
LDECv5g06829	TC008049
LDECv5g06831	TC034654
LDECv5g06833	TC008051
LDECv5g06834	TC032760
LDECv5g06835	TC007575
LDECv5g06836	TC033682
LDECv5g06839	TC007650
LDECv5g06840	TC007853
LDECv5g06841	TC007879
LDECv5g06843	TC007626
LDECv5g06846	TC008585
LDECv5g06848	TC007649
LDECv5g06849	TC007035
LDECv5g06852	TC007953
LDECv5g06853	TC007556
LDECv5g06856	TC007573
LDECv5g06859	TC008066
LDECv5g06860	TC007588
LDECv5g06861	TC034826
LDECv5g06862	TC007850
LDECv5g06866	TC008235
LDECv5g06868	TC008023
LDECv5g06869	TC032728
LDECv5g06870	TC007113
LDECv5g06871	TC007695
LDECv5g06872	TC007799
LDECv5g06876	TC032727
LDECv5g06879	TC007765
LDECv5g06881	TC032858
LDECv5g06882	TC031091
LDECv5g06883	TC007699
LDECv5g06884	TC007795
LDECv5g06885	TC007698
LDECv5g06891	TC008297
LDECv5g06906	TC009673
LDECv5g06907	TC009444
LDECv5g06911	TC001365
LDECv5g06914	TC009930
LDECv5g06916	TC007567
LDECv5g06917	TC000758
LDECv5g06918	TC007398
LDECv5g06919	TC034324
LDECv5g06920	TC032813
LDECv5g06921	TC007399
LDECv5g06922	TC007531
LDECv5g06923	TC007769
LDECv5g06924	TC007731
LDECv5g06925	TC007936
LDECv5g06926	TC032943
LDECv5g06930	TC000985
LDECv5g06932	TC008110
LDECv5g06937	TC032835
LDECv5g06945	TC008241
LDECv5g06944	TC008242
LDECv5g06946	TC007817
LDECv5g06947	TC008243
LDECv5g06949	TC007397
LDECv5g06953	TC034661
LDECv5g06954	TC007804
LDECv5g06962	TC005409
LDECv5g06966	TC002215
LDECv5g06967	TC032314
LDECv5g06968	TC002174
LDECv5g06970	TC005426
LDECv5g06971	TC006370
LDECv5g06972	TC034159
LDECv5g06975	TC033997
LDECv5g06977	TC005633
LDECv5g06979	TC034141
LDECv5g06981	TC034825
LDECv5g06983	TC005802
LDECv5g06984	TC005801
LDECv5g06985	TC006517
LDECv5g06986	TC034110
LDECv5g06988	TC006374
LDECv5g06991	TC008615
LDECv5g06996	TC033796
LDECv5g06997	TC013181
LDECv5g07000	TC006801
LDECv5g07001	TC005330
LDECv5g07002	TC006414
LDECv5g07003	TC005718
LDECv5g07004	TC005717
LDECv5g07005	TC006415
LDECv5g07006	TC006190
LDECv5g07007	TC006189
LDECv5g07008	TC005961
LDECv5g07009	TC006188
LDECv5g07010	TC006199
LDECv5g07011	TC007921
LDECv5g07013	TC006792
LDECv5g07014	TC005339
LDECv5g07015	TC034195
LDECv5g07018	TC005904
LDECv5g07020	TC006470
LDECv5g07021	TC005959
LDECv5g07022	TC015996
LDECv5g07025	TC015995
LDECv5g07026	TC015994
LDECv5g07027	TC007942
LDECv5g07028	TC015972
LDECv5g07031	TC005649
LDECv5g07036	TC006574
LDECv5g07038	TC004624
LDECv5g07047	TC006424
LDECv5g07048	TC034081
LDECv5g07051	TC034079
LDECv5g07060	TC005715
LDECv5g07064	TC034076
LDECv5g07065	TC008211
LDECv5g07068	TC006419
LDECv5g07070	TC005702
LDECv5g07071	TC005701
LDECv5g07073	TC005697
LDECv5g07074	TC005714
LDECv5g07078	TC034821
LDECv5g07081	TC033632
LDECv5g07082	TC005757
LDECv5g07083	TC005506
LDECv5g07084	TC006614
LDECv5g07085	TC005505
LDECv5g07086	TC009808
LDECv5g07087	TC005504
LDECv5g07091	TC005584
LDECv5g07093	TC006253
LDECv5g07094	TC006252
LDECv5g07095	TC005900
LDECv5g07096	TC006251
LDECv5g07098	TC006225
LDECv5g07099	TC005927
LDECv5g07101	TC006226
LDECv5g07112	TC006230
LDECv5g07114	TC015974
LDECv5g07116	TC005967
LDECv5g07117	TC005966
LDECv5g07118	TC030051
LDECv5g07119	TC006384
LDECv5g07120	TC006383
LDECv5g07121	TC030652
LDECv5g07122	TC005583
LDECv5g07124	TC006314
LDECv5g07125	TC006524
LDECv5g07126	TC034845
LDECv5g07127	TC005588
LDECv5g07128	TC005589
LDECv5g07130	TC005836
LDECv5g07131	TC005770
LDECv5g07132	TC005817
LDECv5g07133	TC006506
LDECv5g07134	TC005603
LDECv5g07135	TC006507
LDECv5g07136	TC005600
LDECv5g07140	TC034109
LDECv5g07141	TC005544
LDECv5g07142	TC004626
LDECv5g07143	TC006469
LDECv5g07144	TC005723
LDECv5g07146	TC005724
LDECv5g07147	TC004763
LDECv5g07149	TC034529
LDECv5g07153	TC006409
LDECv5g07154	TC006410
LDECv5g07155	TC005722
LDECv5g07156	TC006720
LDECv5g07181	TC006578
LDECv5g07184	TC006577
LDECv5g07186	TC005541
LDECv5g07192	TC006490
LDECv5g07194	TC005399
LDECv5g07195	TC034150
LDECv5g07196	TC034193
LDECv5g07197	TC005621
LDECv5g07198	TC034107
LDECv5g07201	TC006493
LDECv5g07202	TC007832
LDECv5g07207	TC002220
LDECv5g07211	TC006952
LDECv5g07212	TC006953
LDECv5g07213	TC008966
LDECv5g07215	TC008964
LDECv5g07216	TC008962
LDECv5g07217	TC002875
LDECv5g07218	TC033772
LDECv5g07219	TC033615
LDECv5g07220	TC015914
LDECv5g07221	TC033773
LDECv5g07223	TC009965
LDECv5g07227	TC033693
LDECv5g07228	TC033692
LDECv5g07229	TC005585
LDECv5g07230	TC009795
LDECv5g07231	TC009040
LDECv5g07232	TC008646
LDECv5g07233	TC010174
LDECv5g07234	TC008645
LDECv5g07241	TC008640
LDECv5g07243	TC009742
LDECv5g07244	TC016369
LDECv5g07246	TC009544
LDECv5g07247	TC009261
LDECv5g07248	TC009545
LDECv5g07252	TC009300
LDECv5g07265	TC009509
LDECv5g07285	TC009413
LDECv5g07286	TC008821
LDECv5g07289	TC014505
LDECv5g07290	TC009394
LDECv5g07291	TC030636
LDECv5g07292	TC009203
LDECv5g07293	TC009202
LDECv5g07296	TC009552
LDECv5g07297	TC009255
LDECv5g07302	TC009258
LDECv5g07304	TC009745
LDECv5g07305	TC034773
LDECv5g07306	TC009671
LDECv5g07309	TC009674
LDECv5g07310	TC009608
LDECv5g07339	TC014531
LDECv5g07347	TC010150
LDECv5g07348	TC030761
LDECv5g07349	TC008686
LDECv5g07350	TC010144
LDECv5g07359	TC008683
LDECv5g07360	TC008692
LDECv5g07361	TC008691
LDECv5g07362	TC014545
LDECv5g07363	TC033184
LDECv5g07367	TC008690
LDECv5g07368	TC010139
LDECv5g07372	TC010138
LDECv5g07374	TC008741
LDECv5g07404	TC006345
LDECv5g07406	TC033511
LDECv5g07418	TC009525
LDECv5g07420	TC009283
LDECv5g07421	TC033561
LDECv5g07422	TC009284
LDECv5g07425	TC009285
LDECv5g07426	TC010027
LDECv5g07427	TC008802
LDECv5g07429	TC033567
LDECv5g07432	TC005180
LDECv5g07436	TC007665
LDECv5g07452	TC009556
LDECv5g07453	TC033668
LDECv5g07460	TC005865
LDECv5g07469	TC009732
LDECv5g07470	TC033665
LDECv5g07471	TC009731
LDECv5g07475	TC034784
LDECv5g07476	TC010099
LDECv5g07477	TC008734
LDECv5g07479	TC009757
LDECv5g07480	TC009066
LDECv5g07482	TC000962
LDECv5g07485	TC009879
LDECv5g07486	TC009786
LDECv5g07487	TC009803
LDECv5g07488	TC009035
LDECv5g07489	TC008848
LDECv5g07490	TC009802
LDECv5g07494	TC009798
LDECv5g07495	TC009472
LDECv5g07496	TC031200
LDECv5g07497	TC009042
LDECv5g07498	TC009789
LDECv5g07500	TC009880
LDECv5g07501	TC009882
LDECv5g07502	TC033847
LDECv5g07503	TC008649
LDECv5g07504	TC008648
LDECv5g07505	TC010173
LDECv5g07506	TC009794
LDECv5g07509	TC033792
LDECv5g07510	TC008827
LDECv5g07513	TC009230
LDECv5g07514	TC009607
LDECv5g07515	TC009201
LDECv5g07516	TC033637
LDECv5g07517	TC009707
LDECv5g07518	TC009000
LDECv5g07519	TC009839
LDECv5g07520	TC009001
LDECv5g07521	TC009054
LDECv5g07522	TC009770
LDECv5g07523	TC034768
LDECv5g07524	TC034790
LDECv5g07525	TC033717
LDECv5g07527	TC008991
LDECv5g07530	TC008876
LDECv5g07531	TC013740
LDECv5g07532	TC009851
LDECv5g07535	TC009889
LDECv5g07537	TC009890
LDECv5g07538	TC009892
LDECv5g07539	TC004794
LDECv5g07540	TC008955
LDECv5g07544	TC009998
LDECv5g07546	TC009207
LDECv5g07547	TC009206
LDECv5g07548	TC009600
LDECv5g07550	TC033790
LDECv5g07552	TC004478
LDECv5g07553	TC009599
LDECv5g07554	TC009208
LDECv5g07555	TC031216
LDECv5g07558	TC033720
LDECv5g07564	TC001751
LDECv5g07573	TC014689
LDECv5g07574	TC015933
LDECv5g07575	TC033614
LDECv5g07581	TC015935
LDECv5g07584	TC009885
LDECv5g07585	TC010877
LDECv5g07587	TC010177
LDECv5g07590	TC009888
LDECv5g07591	TC008956
LDECv5g07593	TC008638
LDECv5g07594	TC010175
LDECv5g07595	TC030566
LDECv5g07597	TC030677
LDECv5g07598	TC010059
LDECv5g07599	TC030738
LDECv5g07600	TC008799
LDECv5g07601	TC010030
LDECv5g07602	TC008801
LDECv5g07604	TC009536
LDECv5g07606	TC008819
LDECv5g07607	TC010010
LDECv5g07608	TC010011
LDECv5g07610	TC033711
LDECv5g07617	TC030558
LDECv5g07618	TC030755
LDECv5g07619	TC009532
LDECv5g07626	TC009535
LDECv5g07627	TC009270
LDECv5g07630	TC009423
LDECv5g07631	TC009390
LDECv5g07632	TC015948
LDECv5g07634	TC014538
LDECv5g07640	TC014536
LDECv5g07641	TC014535
LDECv5g07643	TC034762
LDECv5g07645	TC033718
LDECv5g07651	TC011449
LDECv5g07652	TC009582
LDECv5g07655	TC009290
LDECv5g07658	TC008834
LDECv5g07659	TC033630
LDECv5g07661	TC033631
LDECv5g07664	TC033635
LDECv5g07665	TC009705
LDECv5g07671	TC034119
LDECv5g07673	TC006533
LDECv5g07674	TC005103
LDECv5g07676	TC006547
LDECv5g07677	TC006548
LDECv5g07678	TC006550
LDECv5g07679	TC034135
LDECv5g07680	TC034009
LDECv5g07681	TC030748
LDECv5g07684	TC006688
LDECv5g07685	TC005450
LDECv5g07686	TC005949
LDECv5g07688	TC006209
LDECv5g07689	TC006476
LDECv5g07690	TC005987
LDECv5g07691	TC030596
LDECv5g07692	TC006674
LDECv5g07693	TC005463
LDECv5g07696	TC006673
LDECv5g07699	TC002359
LDECv5g07700	TC005551
LDECv5g07701	TC005552
LDECv5g07702	TC005494
LDECv5g07703	TC006210
LDECv5g07704	TC005946
LDECv5g07705	TC006663
LDECv5g07706	TC005467
LDECv5g07707	TC006664
LDECv5g07710	TC006665
LDECv5g07712	TC005461
LDECv5g07713	TC006629
LDECv5g07714	TC006357
LDECv5g07715	TC034053
LDECv5g07717	TC006474
LDECv5g07719	TC006472
LDECv5g07720	TC005648
LDECv5g07722	TC010485
LDECv5g07723	TC006776
LDECv5g07724	TC005367
LDECv5g07725	TC011139
LDECv5g07726	TC005879
LDECv5g07727	TC015235
LDECv5g07728	TC005366
LDECv5g07730	TC006774
LDECv5g07732	TC005369
LDECv5g07733	TC006771
LDECv5g07734	TC005372
LDECv5g07735	TC005370
LDECv5g07736	TC014791
LDECv5g07737	TC006753
LDECv5g07739	TC006754
LDECv5g07742	TC005737
LDECv5g07743	TC034184
LDECv5g07744	TC015234
LDECv5g07746	TC033349
LDECv5g07747	TC005819
LDECv5g07748	TC006309
LDECv5g07749	TC005832
LDECv5g07750	TC006308
LDECv5g07751	TC005595
LDECv5g07752	TC005833
LDECv5g07753	TC006307
LDECv5g07759	TC005408
LDECv5g07760	TC006739
LDECv5g07761	TC004975
LDECv5g07764	TC005765
LDECv5g07769	TC033928
LDECv5g07770	TC006163
LDECv5g07772	TC005104
LDECv5g07774	TC006063
LDECv5g07776	TC033943
LDECv5g07777	TC030689
LDECv5g07780	TC034166
LDECv5g07781	TC006690
LDECv5g07784	TC006523
LDECv5g07785	TC031284
LDECv5g07790	TC006499
LDECv5g07791	TC005612
LDECv5g07792	TC005610
LDECv5g07793	TC006758
LDECv5g07794	TC006755
LDECv5g07795	TC006489
LDECv5g07796	TC006756
LDECv5g07797	TC015243
LDECv5g07799	TC034846
LDECv5g07800	TC006600
LDECv5g07802	TC005522
LDECv5g07806	TC006599
LDECv5g07807	TC005524
LDECv5g07809	TC005525
LDECv5g07816	TC015481
LDECv5g07817	TC006563
LDECv5g07818	TC005548
LDECv5g07819	TC006564
LDECv5g07820	TC006643
LDECv5g07821	TC006642
LDECv5g07822	TC006640
LDECv5g07823	TC005482
LDECv5g07824	TC005736
LDECv5g07825	TC009895
LDECv5g07826	TC005582
LDECv5g07827	TC006526
LDECv5g07829	TC005594
LDECv5g07830	TC015956
LDECv5g07831	TC006527
LDECv5g07840	TC034112
LDECv5g07842	TC034131
LDECv5g07843	TC006147
LDECv5g07844	TC033971
LDECv5g07845	TC006152
LDECv5g07846	TC005996
LDECv5g07848	TC006169
LDECv5g07850	TC033979
LDECv5g07851	TC006164
LDECv5g07852	TC005983
LDECv5g07853	TC006168
LDECv5g07854	TC005981
LDECv5g07855	TC005982
LDECv5g07856	TC006167
LDECv5g07857	TC006166
LDECv5g07858	TC005984
LDECv5g07859	TC006165
LDECv5g07862	TC012955
LDECv5g07864	TC005576
LDECv5g07865	TC006532
LDECv5g07866	TC001459
LDECv5g07867	TC005579
LDECv5g07868	TC006492
LDECv5g07872	TC031408
LDECv5g07874	TC000232
LDECv5g07875	TC034017
LDECv5g07876	TC034553
LDECv5g07877	TC000964
LDECv5g07878	TC005873
LDECv5g07879	TC034018
LDECv5g07880	TC000792
LDECv5g07882	TC011138
LDECv5g07885	TC031384
LDECv5g07889	TC001382
LDECv5g07891	TC000159
LDECv5g07894	TC001071
LDECv5g07895	TC000158
LDECv5g07896	TC004823
LDECv5g07897	TC004824
LDECv5g07901	TC008370
LDECv5g07903	TC004828
LDECv5g07904	TC004558
LDECv5g07909	TC004827
LDECv5g07910	TC004559
LDECv5g07912	TC004831
LDECv5g07913	TC004557
LDECv5g07918	TC000880
LDECv5g07924	TC000675
LDECv5g07931	TC012999
LDECv5g07932	TC002059
LDECv5g07933	TC002088
LDECv5g07935	TC011435
LDECv5g07936	TC011438
LDECv5g07941	TC004931
LDECv5g07944	TC004459
LDECv5g07945	TC004934
LDECv5g07946	TC007221
LDECv5g07947	TC004458
LDECv5g07948	TC004935
LDECv5g07950	TC001348
LDECv5g07951	TC000193
LDECv5g07952	TC004457
LDECv5g07953	TC000094
LDECv5g07954	TC000192
LDECv5g07955	TC001350
LDECv5g07959	TC001352
LDECv5g07960	TC000188
LDECv5g07961	TC000191
LDECv5g07963	TC001355
LDECv5g07966	TC000196
LDECv5g07967	TC004859
LDECv5g07968	TC004858
LDECv5g07969	TC004857
LDECv5g07970	TC001085
LDECv5g07971	TC034560
LDECv5g07972	TC001086
LDECv5g07973	TC000487
LDECv5g07974	TC001084
LDECv5g07977	TC001083
LDECv5g07979	TC031982
LDECv5g07981	TC004855
LDECv5g07982	TC004527
LDECv5g07983	TC004850
LDECv5g07984	TC004530
LDECv5g07988	TC004854
LDECv5g07989	TC004532
LDECv5g07990	TC004849
LDECv5g07991	TC000967
LDECv5g07993	TC000407
LDECv5g07994	TC012619
LDECv5g07995	TC032184
LDECv5g07998	TC000415
LDECv5g07999	TC030989
LDECv5g08000	TC030081
LDECv5g08006	TC014819
LDECv5g08009	TC002382
LDECv5g08010	TC002384
LDECv5g08013	TC032202
LDECv5g08014	TC000840
LDECv5g08015	TC034551
LDECv5g08019	TC000766
LDECv5g08020	TC011193
LDECv5g08021	TC000349
LDECv5g08022	TC011151
LDECv5g08023	TC011332
LDECv5g08025	TC002082
LDECv5g08026	TC004991
LDECv5g08027	TC000406
LDECv5g08030	TC000640
LDECv5g08032	TC031969
LDECv5g08033	TC004574
LDECv5g08034	TC011150
LDECv5g08035	TC032220
LDECv5g08036	TC006818
LDECv5g08037	TC000616
LDECv5g08038	TC011433
LDECv5g08039	TC032269
LDECv5g08045	TC000179
LDECv5g08046	TC011250
LDECv5g08047	TC034549
LDECv5g08048	TC003169
LDECv5g08049	TC011189
LDECv5g08050	TC001176
LDECv5g08051	TC000374
LDECv5g08052	TC004386
LDECv5g08053	TC000807
LDECv5g08055	TC000324
LDECv5g08056	TC011181
LDECv5g08057	TC001128
LDECv5g08058	TC001129
LDECv5g08059	TC000929
LDECv5g08061	TC000642
LDECv5g08062	TC032112
LDECv5g08063	TC032111
LDECv5g08066	TC004817
LDECv5g08067	TC034543
LDECv5g08068	TC011430
LDECv5g08069	TC011052
LDECv5g08074	TC031642
LDECv5g08075	TC031643
LDECv5g08076	TC031645
LDECv5g08077	TC011427
LDECv5g08078	TC011428
LDECv5g08079	TC005997
LDECv5g08080	TC031640
LDECv5g08083	TC000614
LDECv5g08084	TC000338
LDECv5g08088	TC004893
LDECv5g08089	TC000837
LDECv5g08098	TC000355
LDECv5g08099	TC001202
LDECv5g08101	TC032209
LDECv5g08102	TC001207
LDECv5g08110	TC001209
LDECv5g08111	TC000412
LDECv5g08112	TC000935
LDECv5g08113	TC030993
LDECv5g08114	TC000945
LDECv5g08116	TC000948
LDECv5g08117	TC000635
LDECv5g08119	TC014579
LDECv5g08120	TC000317
LDECv5g08121	TC000949
LDECv5g08122	TC001255
LDECv5g08125	TC001254
LDECv5g08126	TC000229
LDECv5g08127	TC014174
LDECv5g08128	TC000304
LDECv5g08129	TC011043
LDECv5g08130	TC004383
LDECv5g08131	TC011038
LDECv5g08132	TC002084
LDECv5g08133	TC011037
LDECv5g08134	TC031432
LDECv5g08135	TC011452
LDECv5g08136	TC001321
LDECv5g08137	TC000225
LDECv5g08138	TC001322
LDECv5g08139	TC001378
LDECv5g08142	TC000163
LDECv5g08143	TC001377
LDECv5g08144	TC000223
LDECv5g08146	TC000224
LDECv5g08147	TC000162
LDECv5g08148	TC001379
LDECv5g08149	TC000161
LDECv5g08150	TC030562
LDECv5g08158	TC031660
LDECv5g08159	TC016399
LDECv5g08160	TC000547
LDECv5g08162	TC004369
LDECv5g08163	TC031995
LDECv5g08164	TC000228
LDECv5g08165	TC001317
LDECv5g08166	TC001320
LDECv5g08169	TC004368
LDECv5g08171	TC002083
LDECv5g08172	TC002070
LDECv5g08173	TC001767
LDECv5g08174	TC031410
LDECv5g08175	TC003466
LDECv5g08176	TC033835
LDECv5g08177	TC011159
LDECv5g08179	TC000418
LDECv5g08180	TC031001
LDECv5g08185	TC000506
LDECv5g08186	TC001033
LDECv5g08187	TC000525
LDECv5g08188	TC012831
LDECv5g08189	TC030572
LDECv5g08190	TC001052
LDECv5g08191	TC000531
LDECv5g08192	TC000529
LDECv5g08193	TC016289
LDECv5g08194	TC000540
LDECv5g08196	TC001049
LDECv5g08197	TC001048
LDECv5g08198	TC001047
LDECv5g08199	TC000526
LDECv5g08200	TC004437
LDECv5g08203	TC031375
LDECv5g08204	TC000527
LDECv5g08205	TC011462
LDECv5g08206	TC003763
LDECv5g08221	TC014175
LDECv5g08225	TC004424
LDECv5g08229	TC000313
LDECv5g08230	TC001004
LDECv5g08231	TC004970
LDECv5g08232	TC001003
LDECv5g08234	TC001002
LDECv5g08235	TC031381
LDECv5g08236	TC011348
LDECv5g08237	TC031376
LDECv5g08238	TC011142
LDECv5g08239	TC011141
LDECv5g08240	TC032214
LDECv5g08243	TC001214
LDECv5g08257	TC000836
LDECv5g08262	TC004455
LDECv5g08285	TC004464
LDECv5g08323	TC003783
LDECv5g08325	TC000030
LDECv5g08326	TC000029
LDECv5g08328	TC003008
LDECv5g08329	TC003007
LDECv5g08330	TC003006
LDECv5g08331	TC003415
LDECv5g08332	TC003416
LDECv5g08334	TC003540
LDECv5g08335	TC002293
LDECv5g08336	TC015915
LDECv5g08340	TC002287
LDECv5g08341	TC003573
LDECv5g08342	TC003529
LDECv5g08350	TC032549
LDECv5g08352	TC002652
LDECv5g08354	TC003790
LDECv5g08355	TC032546
LDECv5g08356	TC003789
LDECv5g08358	TC003323
LDECv5g08359	TC003322
LDECv5g08360	TC000350
LDECv5g08362	TC002529
LDECv5g08364	TC032664
LDECv5g08368	TC010565
LDECv5g08369	TC003876
LDECv5g08370	TC010439
LDECv5g08371	TC003986
LDECv5g08373	TC003984
LDECv5g08378	TC003982
LDECv5g08379	TC002441
LDECv5g08380	TC003978
LDECv5g08381	TC032667
LDECv5g08383	TC002445
LDECv5g08384	TC010525
LDECv5g08386	TC006724
LDECv5g08387	TC005886
LDECv5g08388	TC006723
LDECv5g08390	TC006352
LDECv5g08391	TC005784
LDECv5g08395	TC005785
LDECv5g08396	TC005788
LDECv5g08400	TC005921
LDECv5g08401	TC010963
LDECv5g08403	TC005485
LDECv5g08405	TC002557
LDECv5g08407	TC005311
LDECv5g08408	TC005312
LDECv5g08413	TC032241
LDECv5g08415	TC001282
LDECv5g08416	TC005667
LDECv5g08417	TC006460
LDECv5g08418	TC003719
LDECv5g08420	TC034094
LDECv5g08421	TC005668
LDECv5g08424	TC006457
LDECv5g08428	TC005670
LDECv5g08432	TC003838
LDECv5g08433	TC002584
LDECv5g08446	TC010325
LDECv5g08452	TC001562
LDECv5g08454	TC002431
LDECv5g08455	TC003996
LDECv5g08456	TC002464
LDECv5g08458	TC034635
LDECv5g08460	TC010260
LDECv5g08461	TC010266
LDECv5g08463	TC007236
LDECv5g08466	TC011183
LDECv5g08468	TC003998
LDECv5g08469	TC002709
LDECv5g08470	TC015976
LDECv5g08471	TC033936
LDECv5g08474	TC006706
LDECv5g08476	TC005444
LDECv5g08477	TC006318
LDECv5g08478	TC005826
LDECv5g08480	TC005825
LDECv5g08482	TC006319
LDECv5g08483	TC005824
LDECv5g08485	TC032939
LDECv5g08489	TC034063
LDECv5g08495	TC005397
LDECv5g08496	TC005396
LDECv5g08497	TC005395
LDECv5g08498	TC006760
LDECv5g08499	TC005394
LDECv5g08500	TC006759
LDECv5g08501	TC006746
LDECv5g08503	TC000048
LDECv5g08505	TC000046
LDECv5g08506	TC010635
LDECv5g08511	TC003132
LDECv5g08512	TC003133
LDECv5g08520	TC003135
LDECv5g08523	TC003326
LDECv5g08524	TC034666
LDECv5g08528	TC000105
LDECv5g08529	TC000068
LDECv5g08531	TC000047
LDECv5g08532	TC033978
LDECv5g08533	TC003498
LDECv5g08535	TC003488
LDECv5g08536	TC006160
LDECv5g08537	TC006159
LDECv5g08538	TC033977
LDECv5g08539	TC005994
LDECv5g08545	TC006155
LDECv5g08548	TC005517
LDECv5g08550	TC005521
LDECv5g08555	TC002710
LDECv5g08556	TC034604
LDECv5g08558	TC005573
LDECv5g08559	TC005562
LDECv5g08561	TC005561
LDECv5g08562	TC001152
LDECv5g08563	TC004946
LDECv5g08564	TC004434
LDECv5g08565	TC004435
LDECv5g08566	TC003770
LDECv5g08567	TC002669
LDECv5g08568	TC004421
LDECv5g08569	TC004430
LDECv5g08572	TC004956
LDECv5g08573	TC032019
LDECv5g08576	TC004959
LDECv5g08577	TC004960
LDECv5g08578	TC008446
LDECv5g08579	TC004961
LDECv5g08581	TC004962
LDECv5g08582	TC004963
LDECv5g08587	TC000528
LDECv5g08588	TC001043
LDECv5g08589	TC004291
LDECv5g08591	TC000759
LDECv5g08593	TC000802
LDECv5g08596	TC032043
LDECv5g08597	TC004425
LDECv5g08598	TC010825
LDECv5g08599	TC009997
LDECv5g08600	TC005923
LDECv5g08601	TC004969
LDECv5g08602	TC001210
LDECv5g08604	TC000395
LDECv5g08611	TC015946
LDECv5g08612	TC015944
LDECv5g08613	TC015945
LDECv5g08614	TC015905
LDECv5g08615	TC000541
LDECv5g08617	TC033788
LDECv5g08618	TC009994
LDECv5g08619	TC009560
LDECv5g08620	TC009250
LDECv5g08622	TC001452
LDECv5g08623	TC009375
LDECv5g08624	TC009443
LDECv5g08625	TC009074
LDECv5g08628	TC009376
LDECv5g08629	TC009442
LDECv5g08630	TC009377
LDECv5g08631	TC009441
LDECv5g08632	TC009378
LDECv5g08633	TC009439
LDECv5g08634	TC009438
LDECv5g08635	TC009380
LDECv5g08637	TC009383
LDECv5g08639	TC009430
LDECv5g08641	TC009437
LDECv5g08642	TC009382
LDECv5g08643	TC009432
LDECv5g08645	TC010595
LDECv5g08646	TC010587
LDECv5g08648	TC010592
LDECv5g08652	TC008927
LDECv5g08656	TC009911
LDECv5g08661	TC030783
LDECv5g08662	TC009914
LDECv5g08663	TC008933
LDECv5g08664	TC009907
LDECv5g08665	TC033746
LDECv5g08671	TC033599
LDECv5g08674	TC030054
LDECv5g08675	TC033598
LDECv5g08677	TC032628
LDECv5g08678	TC030560
LDECv5g08679	TC033715
LDECv5g08681	TC033610
LDECv5g08682	TC009894
LDECv5g08683	TC006372
LDECv5g08685	TC008952
LDECv5g08687	TC009896
LDECv5g08688	TC006621
LDECv5g08689	TC009487
LDECv5g08690	TC009322
LDECv5g08691	TC033546
LDECv5g08692	TC009488
LDECv5g08693	TC009485
LDECv5g08695	TC009484
LDECv5g08696	TC009326
LDECv5g08697	TC009325
LDECv5g08705	TC033547
LDECv5g08707	TC008603
LDECv5g08709	TC009710
LDECv5g08710	TC009122
LDECv5g08714	TC033624
LDECv5g08732	TC009698
LDECv5g08734	TC011361
LDECv5g08736	TC033580
LDECv5g08739	TC009594
LDECv5g08740	TC010166
LDECv5g08742	TC008657
LDECv5g08743	TC030609
LDECv5g08746	TC033855
LDECv5g08747	TC033856
LDECv5g08752	TC015943
LDECv5g08753	TC033575
LDECv5g08756	TC034766
LDECv5g08758	TC032800
LDECv5g08759	TC009220
LDECv5g08762	TC009593
LDECv5g08771	TC009976
LDECv5g08772	TC015952
LDECv5g08773	TC033578
LDECv5g08775	TC001770
LDECv5g08777	TC008776
LDECv5g08780	TC009841
LDECv5g08783	TC010209
LDECv5g08784	TC009486
LDECv5g08786	TC030625
LDECv5g08787	TC030583
LDECv5g08788	TC008602
LDECv5g08789	TC030449
LDECv5g08790	TC010170
LDECv5g08791	TC008650
LDECv5g08796	TC010168
LDECv5g08798	TC010167
LDECv5g08799	TC016343
LDECv5g08804	TC016351
LDECv5g08807	TC016355
LDECv5g08809	TC016358
LDECv5g08812	TC016363
LDECv5g08816	TC016342
LDECv5g08820	TC009783
LDECv5g08823	TC015781
LDECv5g08824	TC009038
LDECv5g08829	TC030648
LDECv5g08830	TC009793
LDECv5g08834	TC033649
LDECv5g08838	TC034779
LDECv5g08839	TC030654
LDECv5g08841	TC033640
LDECv5g08842	TC009118
LDECv5g08843	TC009557
LDECv5g08844	TC015910
LDECv5g08845	TC033619
LDECv5g08846	TC015947
LDECv5g08847	TC015903
LDECv5g08851	TC009817
LDECv5g08853	TC009024
LDECv5g08861	TC009949
LDECv5g08864	TC009105
LDECv5g08865	TC009729
LDECv5g08869	TC016340
LDECv5g08870	TC033673
LDECv5g08871	TC016383
LDECv5g08888	TC033769
LDECv5g08892	TC009546
LDECv5g08896	TC009597
LDECv5g08897	TC033648
LDECv5g08900	TC009021
LDECv5g08901	TC009818
LDECv5g08905	TC009023
LDECv5g08908	TC009819
LDECv5g08910	TC009139
LDECv5g08911	TC009680
LDECv5g08914	TC034414
LDECv5g08915	TC031181
LDECv5g08921	TC033766
LDECv5g08931	TC009772
LDECv5g08937	TC009730
LDECv5g08938	TC008731
LDECv5g08939	TC008732
LDECv5g08940	TC034814
LDECv5g08942	TC033872
LDECv5g08946	TC033570
LDECv5g08947	TC009238
LDECv5g08948	TC009237
LDECv5g08949	TC009578
LDECv5g08961	TC009236
LDECv5g08966	TC009235
LDECv5g08967	TC009981
LDECv5g08968	TC008846
LDECv5g08969	TC009982
LDECv5g08970	TC004939
LDECv5g08972	TC004591
LDECv5g08973	TC001316
LDECv5g08974	TC009809
LDECv5g08976	TC009884
LDECv5g08977	TC033699
LDECv5g08980	TC008664
LDECv5g08981	TC006313
LDECv5g08983	TC009712
LDECv5g08984	TC033642
LDECv5g08985	TC033641
LDECv5g08989	TC009067
LDECv5g08990	TC009555
LDECv5g08992	TC015941
LDECv5g08994	TC009199
LDECv5g08996	TC009616
LDECv5g08997	TC009200
LDECv5g08998	TC008830
LDECv5g08999	TC009251
LDECv5g09006	TC009917
LDECv5g09009	TC008923
LDECv5g09011	TC033620
LDECv5g09013	TC008729
LDECv5g09019	TC008727
LDECv5g09020	TC008728
LDECv5g09024	TC033703
LDECv5g09029	TC010103
LDECv5g09031	TC009670
LDECv5g09036	TC010596
LDECv5g09037	TC011873
LDECv5g09038	TC009385
LDECv5g09039	TC009386
LDECv5g09040	TC009571
LDECv5g09042	TC015949
LDECv5g09043	TC009049
LDECv5g09044	TC009780
LDECv5g09048	TC009779
LDECv5g09049	TC034792
LDECv5g09051	TC033691
LDECv5g09052	TC009660
LDECv5g09053	TC034458
LDECv5g09055	TC009661
LDECv5g09056	TC009157
LDECv5g09064	TC009151
LDECv5g09065	TC009664
LDECv5g09066	TC009150
LDECv5g09072	TC030102
LDECv5g09073	TC013628
LDECv5g09074	TC009836
LDECv5g09075	TC009835
LDECv5g09076	TC009370
LDECv5g09086	TC033521
LDECv5g09087	TC000402
LDECv5g09088	TC033656
LDECv5g09090	TC009447
LDECv5g09099	TC033657
LDECv5g09106	TC030983
LDECv5g09120	TC034782
LDECv5g09123	TC031196
LDECv5g09124	TC013284
LDECv5g09125	TC009963
LDECv5g09126	TC000110
LDECv5g09127	TC009975
LDECv5g09130	TC008845
LDECv5g09131	TC006819
LDECv5g09132	TC031285
LDECv5g09134	TC009561
LDECv5g09135	TC034003
LDECv5g09136	TC008838
LDECv5g09137	TC033787
LDECv5g09138	TC031209
LDECv5g09139	TC033786
LDECv5g09144	TC016304
LDECv5g09147	TC010108
LDECv5g09149	TC010114
LDECv5g09158	TC010113
LDECv5g09161	TC031026
LDECv5g09168	TC014554
LDECv5g09170	TC013249
LDECv5g09171	TC033189
LDECv5g09173	TC013245
LDECv5g09174	TC031153
LDECv5g09175	TC013241
LDECv5g09179	TC008667
LDECv5g09180	TC008666
LDECv5g09181	TC013240
LDECv5g09182	TC007436
LDECv5g09183	TC009425
LDECv5g09184	TC009389
LDECv5g09185	TC009387
LDECv5g09188	TC009983
LDECv5g09190	TC009977
LDECv5g09193	TC013264
LDECv5g09195	TC009918
LDECv5g09197	TC034805
LDECv5g09198	TC009947
LDECv5g09199	TC008899
LDECv5g09200	TC009943
LDECv5g09201	TC008900
LDECv5g09203	TC008903
LDECv5g09217	TC033802
LDECv5g09226	TC010155
LDECv5g09228	TC033859
LDECv5g09233	TC010154
LDECv5g09234	TC034812
LDECv5g09236	TC008673
LDECv5g09237	TC010153
LDECv5g09238	TC034663
LDECv5g09239	TC014542
LDECv5g09241	TC003747
LDECv5g09243	TC013235
LDECv5g09244	TC010104
LDECv5g09251	TC034776
LDECv5g09261	TC015916
LDECv5g09263	TC008992
LDECv5g09264	TC030595
LDECv5g09265	TC009450
LDECv5g09267	TC008808
LDECv5g09268	TC009279
LDECv5g09269	TC033800
LDECv5g09270	TC031183
LDECv5g09272	TC034816
LDECv5g09273	TC008849
LDECv5g09276	TC009979
LDECv5g09277	TC030683
LDECv5g09278	TC008668
LDECv5g09279	TC033895
LDECv5g09281	TC033876
LDECv5g09282	TC009420
LDECv5g09283	TC030545
LDECv5g09286	TC003395
LDECv5g09289	TC008898
LDECv5g09291	TC008897
LDECv5g09292	TC030740
LDECv5g09293	TC008669
LDECv5g09294	TC008670
LDECv5g09295	TC010160
LDECv5g09296	TC033525
LDECv5g09298	TC010058
LDECv5g09305	TC008772
LDECv5g09307	TC009086
LDECv5g09308	TC009740
LDECv5g09309	TC016366
LDECv5g09310	TC016367
LDECv5g09311	TC009631
LDECv5g09312	TC033591
LDECv5g09313	TC009174
LDECv5g09314	TC009746
LDECv5g09316	TC009744
LDECv5g09320	TC009369
LDECv5g09321	TC009297
LDECv5g09322	TC030465
LDECv5g09323	TC009170
LDECv5g09325	TC009639
LDECv5g09326	TC009173
LDECv5g09327	TC009632
LDECv5g09328	TC008925
LDECv5g09329	TC009171
LDECv5g09335	TC011359
LDECv5g09336	TC032141
LDECv5g09337	TC033638
LDECv5g09345	TC009329
LDECv5g09346	TC008880
LDECv5g09347	TC009771
LDECv5g09351	TC001174
LDECv5g09353	TC005086
LDECv5g09354	TC009182
LDECv5g09355	TC009623
LDECv5g09356	TC033584
LDECv5g09357	TC033585
LDECv5g09358	TC009183
LDECv5g09361	TC010102
LDECv5g09362	TC008733
LDECv5g09363	TC010101
LDECv5g09364	TC009621
LDECv5g09369	TC014048
LDECv5g09371	TC014368
LDECv5g09372	TC030547
LDECv5g09373	TC001997
LDECv5g09374	TC013294
LDECv5g09376	TC009328
LDECv5g09377	TC008957
LDECv5g09378	TC030048
LDECv5g09379	TC015954
LDECv5g09381	TC009028
LDECv5g09386	TC033797
LDECv5g09393	TC008905
LDECv5g09397	TC009938
LDECv5g09399	TC008663
LDECv5g09400	TC010162
LDECv5g09402	TC008662
LDECv5g09406	TC004983
LDECv5g09407	TC033696
LDECv5g09408	TC009034
LDECv5g09409	TC010098
LDECv5g09410	TC009796
LDECv5g09412	TC033857
LDECv5g09414	TC033883
LDECv5g09415	TC008606
LDECv5g09416	TC010207
LDECv5g09417	TC008605
LDECv5g09419	TC033827
LDECv5g09421	TC009978
LDECv5g09422	TC032418
LDECv5g09424	TC009636
LDECv5g09426	TC011384
LDECv5g09427	TC009647
LDECv5g09428	TC009163
LDECv5g09429	TC031187
LDECv5g09430	TC009164
LDECv5g09431	TC009645
LDECv5g09432	TC009637
LDECv5g09436	TC009913
LDECv5g09437	TC030759
LDECv5g09439	TC003307
LDECv5g09440	TC009240
LDECv5g09442	TC009572
LDECv5g09448	TC009185
LDECv5g09449	TC009620
LDECv5g09451	TC009619
LDECv5g09452	TC008919
LDECv5g09458	TC014514
LDECv5g09460	TC013253
LDECv5g09461	TC009931
LDECv5g09463	TC033757
LDECv5g09464	TC008909
LDECv5g09465	TC009935
LDECv5g09471	TC015425
LDECv5g09472	TC005390
LDECv5g09473	TC009195
LDECv5g09474	TC009610
LDECv5g09475	TC009196
LDECv5g09476	TC009929
LDECv5g09477	TC033830
LDECv5g09478	TC008758
LDECv5g09479	TC009964
LDECv5g09481	TC009234
LDECv5g09482	TC031185
LDECv5g09483	TC009612
LDECv5g09487	TC009613
LDECv5g09488	TC009192
LDECv5g09489	TC009614
LDECv5g09490	TC008913
LDECv5g09491	TC031208
LDECv5g09492	TC008912
LDECv5g09493	TC008878
LDECv5g09495	TC003940
LDECv5g09496	TC002472
LDECv5g09497	TC003939
LDECv5g09498	TC003938
LDECv5g09499	TC032646
LDECv5g09500	TC002476
LDECv5g09501	TC003935
LDECv5g09505	TC032643
LDECv5g09509	TC034633
LDECv5g09510	TC003922
LDECv5g09512	TC032639
LDECv5g09513	TC031068
LDECv5g09515	TC002350
LDECv5g09517	TC003920
LDECv5g09519	TC002490
LDECv5g09520	TC003555
LDECv5g09521	TC002887
LDECv5g09525	TC032636
LDECv5g09526	TC004033
LDECv5g09528	TC002390
LDECv5g09529	TC002392
LDECv5g09535	TC006975
LDECv5g09538	TC006977
LDECv5g09539	TC006993
LDECv5g09540	TC002394
LDECv5g09542	TC031065
LDECv5g09544	TC003258
LDECv5g09546	TC000081
LDECv5g09547	TC004309
LDECv5g09548	TC000087
LDECv5g09550	TC000088
LDECv5g09552	TC000086
LDECv5g09554	TC000082
LDECv5g09555	TC034503
LDECv5g09556	TC000085
LDECv5g09557	TC013478
LDECv5g09558	TC009971
LDECv5g09559	TC006857
LDECv5g09561	TC002461
LDECv5g09562	TC006853
LDECv5g09563	TC002462
LDECv5g09564	TC005854
LDECv5g09565	TC003871
LDECv5g09566	TC002391
LDECv5g09567	TC005853
LDECv5g09569	TC006854
LDECv5g09571	TC003899
LDECv5g09572	TC002506
LDECv5g09573	TC002627
LDECv5g09574	TC003812
LDECv5g09576	TC002625
LDECv5g09578	TC002624
LDECv5g09579	TC002622
LDECv5g09586	TC003944
LDECv5g09590	TC005857
LDECv5g09591	TC034025
LDECv5g09592	TC003351
LDECv5g09593	TC003093
LDECv5g09596	TC003350
LDECv5g09597	TC003856
LDECv5g09598	TC002563
LDECv5g09601	TC003714
LDECv5g09602	TC003716
LDECv5g09611	TC002502
LDECv5g09612	TC002503
LDECv5g09614	TC002505
LDECv5g09615	TC003811
LDECv5g09616	TC002628
LDECv5g09618	TC003810
LDECv5g09619	TC002634
LDECv5g09621	TC034619
LDECv5g09622	TC002635
LDECv5g09623	TC005404
LDECv5g09624	TC003806
LDECv5g09625	TC009107
LDECv5g09633	TC032559
LDECv5g09634	TC000021
LDECv5g09644	TC032586
LDECv5g09651	TC002618
LDECv5g09652	TC002617
LDECv5g09661	TC032584
LDECv5g09662	TC002915
LDECv5g09663	TC003531
LDECv5g09664	TC002422
LDECv5g09665	TC015172
LDECv5g09666	TC002423
LDECv5g09667	TC003532
LDECv5g09676	TC000273
LDECv5g09677	TC013357
LDECv5g09678	TC003092
LDECv5g09679	TC003091
LDECv5g09681	TC001293
LDECv5g09682	TC001292
LDECv5g09683	TC000255
LDECv5g09684	TC001291
LDECv5g09694	TC000258
LDECv5g09695	TC001287
LDECv5g09701	TC032245
LDECv5g09702	TC000267
LDECv5g09712	TC000269
LDECv5g09713	TC003158
LDECv5g09715	TC003138
LDECv5g09718	TC032312
LDECv5g09720	TC003142
LDECv5g09722	TC003319
LDECv5g09723	TC003320
LDECv5g09724	TC003140
LDECv5g09725	TC003139
LDECv5g09727	TC003602
LDECv5g09728	TC003143
LDECv5g09729	TC032308
LDECv5g09732	TC003125
LDECv5g09734	TC003144
LDECv5g09737	TC031060
LDECv5g09739	TC003601
LDECv5g09740	TC003600
LDECv5g09741	TC032606
LDECv5g09747	TC032612
LDECv5g09748	TC032291
LDECv5g09750	TC002114
LDECv5g09751	TC002148
LDECv5g09752	TC002113
LDECv5g09753	TC002149
LDECv5g09758	TC010317
LDECv5g09759	TC002610
LDECv5g09760	TC002609
LDECv5g09761	TC002608
LDECv5g09763	TC034617
LDECv5g09766	TC003819
LDECv5g09768	TC010319
LDECv5g09769	TC010318
LDECv5g09770	TC034620
LDECv5g09773	TC002607
LDECv5g09776	TC003823
LDECv5g09777	TC032577
LDECv5g09778	TC003852
LDECv5g09779	TC003851
LDECv5g09783	TC002569
LDECv5g09784	TC002570
LDECv5g09785	TC003849
LDECv5g09786	TC006234
LDECv5g09787	TC032602
LDECv5g09791	TC002132
LDECv5g09792	TC002133
LDECv5g09804	TC003956
LDECv5g09810	TC002468
LDECv5g09812	TC000111
LDECv5g09813	TC000043
LDECv5g09814	TC000042
LDECv5g09816	TC000138
LDECv5g09817	TC000112
LDECv5g09819	TC002366
LDECv5g09821	TC002556
LDECv5g09822	TC010320
LDECv5g09824	TC032583
LDECv5g09825	TC010321
LDECv5g09826	TC002351
LDECv5g09827	TC000113
LDECv5g09829	TC002142
LDECv5g09832	TC010343
LDECv5g09833	TC003332
LDECv5g09834	TC010518
LDECv5g09835	TC010530
LDECv5g09836	TC010519
LDECv5g09837	TC010520
LDECv5g09838	TC010521
LDECv5g09839	TC010522
LDECv5g09841	TC002644
LDECv5g09843	TC003331
LDECv5g09844	TC003130
LDECv5g09847	TC003528
LDECv5g09850	TC010508
LDECv5g09851	TC010516
LDECv5g09853	TC010534
LDECv5g09862	TC032517
LDECv5g09873	TC002398
LDECv5g09875	TC002396
LDECv5g09877	TC004029
LDECv5g09878	TC006991
LDECv5g09879	TC006980
LDECv5g09885	TC006985
LDECv5g09890	TC006986
LDECv5g09893	TC006950
LDECv5g09897	TC006987
LDECv5g09898	TC034974
LDECv5g09912	TC003571
LDECv5g09913	TC002866
LDECv5g09915	TC003567
LDECv5g09916	TC001450
LDECv5g09917	TC032370
LDECv5g09920	TC003425
LDECv5g09921	TC001241
LDECv5g09922	TC003426
LDECv5g09923	TC003004
LDECv5g09924	TC003427
LDECv5g09925	TC003429
LDECv5g09926	TC003001
LDECv5g09928	TC004001
LDECv5g09942	TC002933
LDECv5g09943	TC002934
LDECv5g09944	TC003501
LDECv5g09945	TC002935
LDECv5g09946	TC002936
LDECv5g09949	TC003500
LDECv5g09950	TC003503
LDECv5g09951	TC002931
LDECv5g09955	TC032400
LDECv5g09956	TC032399
LDECv5g09961	TC005672
LDECv5g09963	TC006450
LDECv5g09964	TC005673
LDECv5g09965	TC005671
LDECv5g09966	TC006452
LDECv5g09967	TC003000
LDECv5g09976	TC002955
LDECv5g09977	TC031179
LDECv5g09979	TC002294
LDECv5g09980	TC002285
LDECv5g09984	TC002732
LDECv5g09988	TC003572
LDECv5g09990	TC003799
LDECv5g09992	TC032551
LDECv5g09993	TC003798
LDECv5g09997	TC002647
LDECv5g09998	TC002648
LDECv5g10006	TC002551
LDECv5g10008	TC002547
LDECv5g10009	TC000090
LDECv5g10012	TC000091
LDECv5g10013	TC010563
LDECv5g10014	TC010568
LDECv5g10015	TC010564
LDECv5g10017	TC003874
LDECv5g10020	TC031025
LDECv5g10021	TC003875
LDECv5g10022	TC002531
LDECv5g10025	TC003873
LDECv5g10029	TC003189
LDECv5g10030	TC003262
LDECv5g10031	TC030568
LDECv5g10034	TC003184
LDECv5g10035	TC003187
LDECv5g10036	TC003269
LDECv5g10038	TC032293
LDECv5g10039	TC002587
LDECv5g10040	TC003997
LDECv5g10042	TC002130
LDECv5g10046	TC003848
LDECv5g10048	TC002574
LDECv5g10051	TC002581
LDECv5g10054	TC006992
LDECv5g10055	TC006979
LDECv5g10063	TC002855
LDECv5g10064	TC002852
LDECv5g10065	TC003587
LDECv5g10066	TC002851
LDECv5g10067	TC003588
LDECv5g10068	TC002420
LDECv5g10069	TC002426
LDECv5g10070	TC002404
LDECv5g10074	TC004004
LDECv5g10078	TC000524
LDECv5g10079	TC002416
LDECv5g10080	TC002415
LDECv5g10081	TC002414
LDECv5g10082	TC004005
LDECv5g10086	TC031071
LDECv5g10096	TC016391
LDECv5g10097	TC002463
LDECv5g10098	TC005852
LDECv5g10099	TC034026
LDECv5g10100	TC034027
LDECv5g10102	TC006290
LDECv5g10103	TC006849
LDECv5g10105	TC006850
LDECv5g10106	TC006858
LDECv5g10107	TC006851
LDECv5g10108	TC032398
LDECv5g10109	TC002932
LDECv5g10110	TC003502
LDECv5g10111	TC000137
LDECv5g10112	TC002937
LDECv5g10115	TC011029
LDECv5g10116	TC003325
LDECv5g10117	TC032683
LDECv5g10118	TC032684
LDECv5g10119	TC033608
LDECv5g10120	TC002447
LDECv5g10121	TC003977
LDECv5g10122	TC002446
LDECv5g10123	TC003310
LDECv5g10124	TC032305
LDECv5g10125	TC002738
LDECv5g10126	TC003696
LDECv5g10127	TC010342
LDECv5g10131	TC010513
LDECv5g10132	TC012084
LDECv5g10133	TC003697
LDECv5g10134	TC002736
LDECv5g10135	TC002734
LDECv5g10136	TC003698
LDECv5g10137	TC003699
LDECv5g10141	TC002437
LDECv5g10142	TC002436
LDECv5g10146	TC002434
LDECv5g10147	TC002425
LDECv5g10148	TC002421
LDECv5g10149	TC032487
LDECv5g10150	TC031035
LDECv5g10151	TC002842
LDECv5g10154	TC010500
LDECv5g10156	TC010552
LDECv5g10157	TC031679
LDECv5g10158	TC031680
LDECv5g10160	TC002269
LDECv5g10165	TC002268
LDECv5g10166	TC006740
LDECv5g10167	TC009249
LDECv5g10168	TC000171
LDECv5g10169	TC003797
LDECv5g10173	TC002857
LDECv5g10174	TC003517
LDECv5g10182	TC031027
LDECv5g10184	TC002358
LDECv5g10188	TC032332
LDECv5g10191	TC003404
LDECv5g10198	TC003147
LDECv5g10199	TC003316
LDECv5g10200	TC006446
LDECv5g10201	TC004218
LDECv5g10203	TC004219
LDECv5g10204	TC001817
LDECv5g10205	TC003967
LDECv5g10206	TC003966
LDECv5g10207	TC002458
LDECv5g10208	TC014515
LDECv5g10209	TC013295
LDECv5g10210	TC013254
LDECv5g10211	TC004000
LDECv5g10212	TC003999
LDECv5g10213	TC031655
LDECv5g10214	TC004013
LDECv5g10215	TC032334
LDECv5g10227	TC032336
LDECv5g10228	TC003081
LDECv5g10232	TC003079
LDECv5g10252	TC003366
LDECv5g10253	TC003078
LDECv5g10254	TC003068
LDECv5g10255	TC003370
LDECv5g10256	TC032344
LDECv5g10259	TC002917
LDECv5g10262	TC008350
LDECv5g10263	TC015591
LDECv5g10266	TC003401
LDECv5g10267	TC003402
LDECv5g10268	TC034629
LDECv5g10273	TC003367
LDECv5g10274	TC032340
LDECv5g10276	TC002621
LDECv5g10278	TC003022
LDECv5g10279	TC003400
LDECv5g10281	TC003399
LDECv5g10282	TC003398
LDECv5g10283	TC013117
LDECv5g10284	TC003023
LDECv5g10285	TC031473
LDECv5g10288	TC011551
LDECv5g10290	TC002950
LDECv5g10291	TC003487
LDECv5g10292	TC002951
LDECv5g10293	TC031474
LDECv5g10294	TC031476
LDECv5g10295	TC011509
LDECv5g10297	TC003397
LDECv5g10298	TC014082
LDECv5g10299	TC030592
LDECv5g10300	TC003483
LDECv5g10306	TC003403
LDECv5g10307	TC003020
LDECv5g10310	TC011549
LDECv5g10312	TC011515
LDECv5g10315	TC011514
LDECv5g10319	TC010001
LDECv5g10320	TC008825
LDECv5g10321	TC008975
LDECv5g10322	TC033794
LDECv5g10323	TC033793
LDECv5g10324	TC010003
LDECv5g10325	TC010002
LDECv5g10331	TC003650
LDECv5g10332	TC033726
LDECv5g10333	TC009861
LDECv5g10334	TC003160
LDECv5g10335	TC010201
LDECv5g10336	TC010202
LDECv5g10337	TC030047
LDECv5g10339	TC010120
LDECv5g10340	TC008705
LDECv5g10341	TC010121
LDECv5g10342	TC008704
LDECv5g10343	TC010122
LDECv5g10348	TC008616
LDECv5g10350	TC008708
LDECv5g10352	TC008623
LDECv5g10353	TC010194
LDECv5g10355	TC008629
LDECv5g10356	TC010182
LDECv5g10357	TC009927
LDECv5g10358	TC008707
LDECv5g10359	TC008970
LDECv5g10360	TC009875
LDECv5g10361	TC008971
LDECv5g10364	TC009874
LDECv5g10365	TC009876
LDECv5g10366	TC009877
LDECv5g10367	TC009878
LDECv5g10368	TC008968
LDECv5g10369	TC008974
LDECv5g10370	TC009870
LDECv5g10371	TC009514
LDECv5g10372	TC008986
LDECv5g10373	TC030550
LDECv5g10375	TC009550
LDECv5g10376	TC009871
LDECv5g10377	TC009872
LDECv5g10378	TC008972
LDECv5g10379	TC009722
LDECv5g10380	TC009108
LDECv5g10381	TC009262
LDECv5g10382	TC009543
LDECv5g10383	TC015093
LDECv5g10384	TC010526
LDECv5g10386	TC009538
LDECv5g10389	TC009265
LDECv5g10392	TC015921
LDECv5g10393	TC015929
LDECv5g10394	TC015920
LDECv5g10395	TC009481
LDECv5g10397	TC009471
LDECv5g10398	TC009470
LDECv5g10399	TC009469
LDECv5g10400	TC009345
LDECv5g10402	TC030715
LDECv5g10404	TC009468
LDECv5g10405	TC030679
LDECv5g10406	TC009348
LDECv5g10407	TC009349
LDECv5g10408	TC009467
LDECv5g10410	TC011249
LDECv5g10411	TC009347
LDECv5g10412	TC009466
LDECv5g10413	TC009351
LDECv5g10416	TC009354
LDECv5g10417	TC033532
LDECv5g10419	TC009461
LDECv5g10422	TC033616
LDECv5g10423	TC034281
LDECv5g10425	TC015912
LDECv5g10429	TC001724
LDECv5g10430	TC008879
LDECv5g10431	TC009083
LDECv5g10432	TC009084
LDECv5g10433	TC009967
LDECv5g10434	TC009857
LDECv5g10437	TC009025
LDECv5g10438	TC009816
LDECv5g10439	TC030643
LDECv5g10440	TC009260
LDECv5g10441	TC009549
LDECv5g10442	TC009340
LDECv5g10443	TC009474
LDECv5g10445	TC031002
LDECv5g10446	TC009205
LDECv5g10447	TC008833
LDECv5g10449	TC009539
LDECv5g10450	TC008917
LDECv5g10451	TC009540
LDECv5g10452	TC009723
LDECv5g10454	TC008987
LDECv5g10455	TC009341
LDECv5g10456	TC009542
LDECv5g10459	TC009342
LDECv5g10460	TC009343
LDECv5g10464	TC009513
LDECv5g10465	TC034777
LDECv5g10466	TC009512
LDECv5g10467	TC009299
LDECv5g10468	TC034753
LDECv5g10469	TC015928
LDECv5g10470	TC009073
LDECv5g10471	TC034807
LDECv5g10472	TC009922
LDECv5g10473	TC033755
LDECv5g10475	TC033545
LDECv5g10476	TC030543
LDECv5g10477	TC009547
LDECv5g10478	TC009848
LDECv5g10481	TC006622
LDECv5g10483	TC008996
LDECv5g10484	TC009846
LDECv5g10486	TC009845
LDECv5g10487	TC033576
LDECv5g10488	TC005498
LDECv5g10489	TC033714
LDECv5g10490	TC033713
LDECv5g10492	TC011870
LDECv5g10493	TC034416
LDECv5g10494	TC011872
LDECv5g10497	TC008997
LDECv5g10502	TC011867
LDECv5g10503	TC015925
LDECv5g10504	TC009842
LDECv5g10505	TC008998
LDECv5g10506	TC009844
LDECv5g10507	TC010549
LDECv5g10508	TC009595
LDECv5g10509	TC009596
LDECv5g10510	TC009214
LDECv5g10511	TC030692
LDECv5g10513	TC009223
LDECv5g10515	TC009585
LDECv5g10516	TC009211
LDECv5g10517	TC002332
LDECv5g10520	TC009209
LDECv5g10522	TC004731
LDECv5g10523	TC009010
LDECv5g10525	TC010040
LDECv5g10526	TC033815
LDECv5g10527	TC008789
LDECv5g10528	TC008790
LDECv5g10530	TC013667
LDECv5g10533	TC033813
LDECv5g10534	TC008754
LDECv5g10537	TC010038
LDECv5g10538	TC033811
LDECv5g10540	TC033809
LDECv5g10542	TC008794
LDECv5g10543	TC011566
LDECv5g10544	TC009586
LDECv5g10547	TC033574
LDECv5g10548	TC009226
LDECv5g10549	TC034764
LDECv5g10550	TC009832
LDECv5g10551	TC010181
LDECv5g10553	TC033706
LDECv5g10554	TC033529
LDECv5g10555	TC009455
LDECv5g10556	TC009456
LDECv5g10558	TC030729
LDECv5g10559	TC008873
LDECv5g10560	TC009906
LDECv5g10561	TC008934
LDECv5g10562	TC008868
LDECv5g10563	TC030050
LDECv5g10564	TC009968
LDECv5g10565	TC008872
LDECv5g10566	TC030542
LDECv5g10567	TC008865
LDECv5g10568	TC009966
LDECv5g10569	TC008874
LDECv5g10572	TC034214
LDECv5g10573	TC006102
LDECv5g10574	TC010045
LDECv5g10575	TC008786
LDECv5g10576	TC008787
LDECv5g10578	TC033770
LDECv5g10579	TC010041
LDECv5g10580	TC008869
LDECv5g10582	TC008693
LDECv5g10584	TC006272
LDECv5g10586	TC008695
LDECv5g10587	TC013255
LDECv5g10589	TC010133
LDECv5g10590	TC008696
LDECv5g10591	TC009482
LDECv5g10592	TC013296
LDECv5g10593	TC014513
LDECv5g10595	TC014506
LDECv5g10596	TC033777
LDECv5g10597	TC008858
LDECv5g10599	TC008856
LDECv5g10600	TC009974
LDECv5g10602	TC033778
LDECv5g10604	TC008635
LDECv5g10605	TC030769
LDECv5g10606	TC030662
LDECv5g10607	TC033841
LDECv5g10608	TC010178
LDECv5g10610	TC009047
LDECv5g10611	TC010127
LDECv5g10612	TC010130
LDECv5g10614	TC033698
LDECv5g10619	TC009518
LDECv5g10622	TC009519
LDECv5g10623	TC030736
LDECv5g10624	TC034798
LDECv5g10625	TC008800
LDECv5g10627	TC008796
LDECv5g10628	TC030656
LDECv5g10629	TC030782
LDECv5g10630	TC011820
LDECv5g10631	TC008959
LDECv5g10633	TC010199
LDECv5g10634	TC033836
LDECv5g10635	TC010196
LDECv5g10639	TC033837
LDECv5g10640	TC008617
LDECv5g10641	TC008618
LDECv5g10642	TC012687
LDECv5g10643	TC033838
LDECv5g10649	TC002185
LDECv5g10650	TC005373
LDECv5g10656	TC009516
LDECv5g10657	TC005379
LDECv5g10663	TC006767
LDECv5g10664	TC006766
LDECv5g10669	TC005359
LDECv5g10670	TC005357
LDECv5g10671	TC011049
LDECv5g10672	TC010613
LDECv5g10673	TC005794
LDECv5g10674	TC006344
LDECv5g10675	TC005814
LDECv5g10677	TC013631
LDECv5g10678	TC005782
LDECv5g10679	TC006353
LDECv5g10680	TC005793
LDECv5g10682	TC005733
LDECv5g10683	TC006496
LDECv5g10686	TC001524
LDECv5g10687	TC005516
LDECv5g10689	TC006604
LDECv5g10690	TC006605
LDECv5g10692	TC006390
LDECv5g10735	TC034186
LDECv5g10737	TC006779
LDECv5g10739	TC005356
LDECv5g10740	TC005358
LDECv5g10741	TC030614
LDECv5g10742	TC005546
LDECv5g10748	TC005720
LDECv5g10749	TC005719
LDECv5g10751	TC005087
LDECv5g10754	TC015975
LDECv5g10756	TC033993
LDECv5g10757	TC006205
LDECv5g10763	TC005652
LDECv5g10764	TC005653
LDECv5g10766	TC006466
LDECv5g10769	TC005658
LDECv5g10770	TC006465
LDECv5g10775	TC005661
LDECv5g10777	TC005664
LDECv5g10782	TC015471
LDECv5g10783	TC004581
LDECv5g10784	TC015473
LDECv5g10785	TC015474
LDECv5g10786	TC015248
LDECv5g10787	TC015247
LDECv5g10788	TC015475
LDECv5g10789	TC015246
LDECv5g10793	TC000092
LDECv5g10794	TC015477
LDECv5g10796	TC034049
LDECv5g10797	TC034050
LDECv5g10799	TC030611
LDECv5g10802	TC030778
LDECv5g10803	TC007846
LDECv5g10807	TC034834
LDECv5g10808	TC005773
LDECv5g10809	TC006360
LDECv5g10810	TC030687
LDECv5g10811	TC006373
LDECv5g10815	TC006557
LDECv5g10816	TC006628
LDECv5g10817	TC006627
LDECv5g10820	TC006626
LDECv5g10822	TC006625
LDECv5g10824	TC006624
LDECv5g10825	TC006623
LDECv5g10826	TC006359
LDECv5g10827	TC030587
LDECv5g10828	TC005502
LDECv5g10832	TC005909
LDECv5g10847	TC005867
LDECv5g10849	TC005922
LDECv5g10850	TC034022
LDECv5g10851	TC006282
LDECv5g10852	TC006283
LDECv5g10860	TC006285
LDECv5g10864	TC006611
LDECv5g10865	TC006610
LDECv5g10867	TC006719
LDECv5g10871	TC034835
LDECv5g10872	TC006365
LDECv5g10873	TC008518
LDECv5g10874	TC006412
LDECv5g10876	TC005937
LDECv5g10877	TC006218
LDECv5g10878	TC006217
LDECv5g10879	TC034042
LDECv5g10880	TC005530
LDECv5g10881	TC006591
LDECv5g10882	TC012773
LDECv5g10884	TC006587
LDECv5g10885	TC005532
LDECv5g10892	TC005536
LDECv5g10893	TC006312
LDECv5g10895	TC004293
LDECv5g10896	TC005767
LDECv5g10897	TC002360
LDECv5g10898	TC006361
LDECv5g10899	TC010523
LDECv5g10901	TC005768
LDECv5g10903	TC005319
LDECv5g10906	TC005331
LDECv5g10907	TC006808
LDECv5g10909	TC005734
LDECv5g10910	TC005735
LDECv5g10912	TC006386
LDECv5g10917	TC006709
LDECv5g10918	TC006711
LDECv5g10919	TC005435
LDECv5g10920	TC005433
LDECv5g10921	TC006713
LDECv5g10922	TC006714
LDECv5g10923	TC005430
LDECv5g10925	TC034172
LDECv5g10926	TC005428
LDECv5g10931	TC005427
LDECv5g10934	TC015223
LDECv5g10936	TC015485
LDECv5g10937	TC015221
LDECv5g10941	TC034032
LDECv5g10948	TC005845
LDECv5g10949	TC006298
LDECv5g10952	TC005844
LDECv5g10954	TC033514
LDECv5g10957	TC030045
LDECv5g10967	TC011194
LDECv5g10974	TC006729
LDECv5g10975	TC006728
LDECv5g10976	TC005421
LDECv5g10978	TC001943
LDECv5g10979	TC006727
LDECv5g10980	TC005928
LDECv5g10981	TC006223
LDECv5g10982	TC005934
LDECv5g10983	TC012172
LDECv5g10984	TC005425
LDECv5g10993	TC006500
LDECv5g10994	TC006378
LDECv5g10996	TC006379
LDECv5g11001	TC006375
LDECv5g11002	TC006362
LDECv5g11003	TC010872
LDECv5g11004	TC005698
LDECv5g11005	TC006402
LDECv5g11008	TC006287
LDECv5g11010	TC006293
LDECv5g11015	TC006687
LDECv5g11016	TC006018
LDECv5g11019	TC005451
LDECv5g11020	TC031278
LDECv5g11021	TC006518
LDECv5g11022	TC006686
LDECv5g11025	TC034105
LDECv5g11026	TC006364
LDECv5g11027	TC006498
LDECv5g11030	TC002222
LDECv5g11031	TC006211
LDECv5g11040	TC005638
LDECv5g11043	TC006481
LDECv5g11047	TC006286
LDECv5g11048	TC006794
LDECv5g11049	TC002896
LDECv5g11050	TC011310
LDECv5g11051	TC030739
LDECv5g11052	TC005453
LDECv5g11054	TC006738
LDECv5g11055	TC006735
LDECv5g11056	TC006734
LDECv5g11057	TC005411
LDECv5g11064	TC034173
LDECv5g11066	TC005309
LDECv5g11067	TC031293
LDECv5g11068	TC005310
LDECv5g11069	TC005307
LDECv5g11070	TC006685
LDECv5g11071	TC006684
LDECv5g11074	TC006681
LDECv5g11076	TC005420
LDECv5g11077	TC001392
LDECv5g11080	TC005930
LDECv5g11081	TC005933
LDECv5g11082	TC006224
LDECv5g11084	TC005759
LDECv5g11086	TC006381
LDECv5g11089	TC005831
LDECv5g11090	TC005760
LDECv5g11091	TC006677
LDECv5g11092	TC006676
LDECv5g11096	TC006213
LDECv5g11097	TC015114
LDECv5g11098	TC006477
LDECv5g11100	TC005988
LDECv5g11101	TC005644
LDECv5g11106	TC006788
LDECv5g11108	TC006693
LDECv5g11111	TC006692
LDECv5g11112	TC006702
LDECv5g11117	TC034167
LDECv5g11118	TC006704
LDECv5g11120	TC005445
LDECv5g11121	TC006429
LDECv5g11122	TC033963
LDECv5g11127	TC030725
LDECv5g11128	TC006521
LDECv5g11129	TC002497
LDECv5g11130	TC008773
LDECv5g11131	TC033980
LDECv5g11132	TC005345
LDECv5g11133	TC006630
LDECv5g11135	TC012832
LDECv5g11137	TC012209
LDECv5g11138	TC012208
LDECv5g11139	TC011679
LDECv5g11140	TC011816
LDECv5g11141	TC011682
LDECv5g11142	TC010557
LDECv5g11143	TC010496
LDECv5g11144	TC002265
LDECv5g11146	TC002305
LDECv5g11147	TC031688
LDECv5g11151	TC002263
LDECv5g11152	TC002262
LDECv5g11153	TC002308
LDECv5g11154	TC002309
LDECv5g11155	TC002261
LDECv5g11156	TC002260
LDECv5g11157	TC031689
LDECv5g11158	TC002311
LDECv5g11159	TC002312
LDECv5g11165	TC012306
LDECv5g11166	TC012305
LDECv5g11167	TC012661
LDECv5g11168	TC011843
LDECv5g11169	TC002259
LDECv5g11170	TC015985
LDECv5g11171	TC008383
LDECv5g11172	TC012166
LDECv5g11173	TC034247
LDECv5g11175	TC012164
LDECv5g11176	TC012067
LDECv5g11178	TC012308
LDECv5g11179	TC012167
LDECv5g11180	TC012307
LDECv5g11181	TC001242
LDECv5g11182	TC012304
LDECv5g11183	TC012170
LDECv5g11184	TC012171
LDECv5g11185	TC012303
LDECv5g11186	TC011922
LDECv5g11187	TC012572
LDECv5g11188	TC011921
LDECv5g11189	TC012014
LDECv5g11190	TC031238
LDECv5g11191	TC012179
LDECv5g11192	TC012299
LDECv5g11194	TC012732
LDECv5g11196	TC011760
LDECv5g11199	TC012734
LDECv5g11201	TC011917
LDECv5g11202	TC012581
LDECv5g11203	TC012700
LDECv5g11204	TC011759
LDECv5g11209	TC011916
LDECv5g11210	TC030554
LDECv5g11211	TC012553
LDECv5g11213	TC011518
LDECv5g11214	TC030942
LDECv5g11219	TC012432
LDECv5g11220	TC011683
LDECv5g11221	TC002740
LDECv5g11223	TC012562
LDECv5g11224	TC012561
LDECv5g11227	TC012556
LDECv5g11228	TC034383
LDECv5g11230	TC031246
LDECv5g11232	TC012554
LDECv5g11233	TC011937
LDECv5g11234	TC011938
LDECv5g11235	TC012666
LDECv5g11236	TC011840
LDECv5g11238	TC034426
LDECv5g11239	TC011837
LDECv5g11240	TC034333
LDECv5g11241	TC034896
LDECv5g11242	TC011614
LDECv5g11243	TC011638
LDECv5g11244	TC012801
LDECv5g11245	TC031250
LDECv5g11246	TC016259
LDECv5g11248	TC034888
LDECv5g11249	TC012669
LDECv5g11250	TC011836
LDECv5g11251	TC012671
LDECv5g11255	TC012674
LDECv5g11256	TC011833
LDECv5g11263	TC030573
LDECv5g11265	TC008542
LDECv5g11266	TC008547
LDECv5g11268	TC012109
LDECv5g11269	TC031691
LDECv5g11270	TC002315
LDECv5g11271	TC002258
LDECv5g11272	TC002314
LDECv5g11273	TC012660
LDECv5g11275	TC012508
LDECv5g11276	TC034425
LDECv5g11278	TC016271
LDECv5g11279	TC034368
LDECv5g11280	TC011688
LDECv5g11282	TC011830
LDECv5g11283	TC011918
LDECv5g11284	TC012578
LDECv5g11287	TC011653
LDECv5g11288	TC011652
LDECv5g11289	TC011651
LDECv5g11290	TC011826
LDECv5g11292	TC012681
LDECv5g11293	TC034465
LDECv5g11294	TC034466
LDECv5g11295	TC011667
LDECv5g11298	TC012217
LDECv5g11299	TC034228
LDECv5g11303	TC012251
LDECv5g11304	TC012215
LDECv5g11305	TC012214
LDECv5g11307	TC012677
LDECv5g11308	TC011718
LDECv5g11309	TC012777
LDECv5g11310	TC012775
LDECv5g11311	TC011720
LDECv5g11312	TC008961
LDECv5g11313	TC011716
LDECv5g11314	TC001945
LDECv5g11315	TC001920
LDECv5g11316	TC011717
LDECv5g11319	TC012760
LDECv5g11321	TC012758
LDECv5g11323	TC012755
LDECv5g11326	TC034448
LDECv5g11327	TC012527
LDECv5g11328	TC012528
LDECv5g11329	TC011951
LDECv5g11330	TC012529
LDECv5g11331	TC012532
LDECv5g11333	TC011877
LDECv5g11337	TC011797
LDECv5g11338	TC012702
LDECv5g11343	TC011996
LDECv5g11344	TC012481
LDECv5g11345	TC012483
LDECv5g11349	TC011805
LDECv5g11353	TC012697
LDECv5g11354	TC011807
LDECv5g11355	TC031248
LDECv5g11357	TC011809
LDECv5g11358	TC031247
LDECv5g11360	TC012691
LDECv5g11361	TC016044
LDECv5g11365	TC034430
LDECv5g11366	TC030319
LDECv5g11368	TC012115
LDECv5g11370	TC012114
LDECv5g11372	TC034305
LDECv5g11374	TC034308
LDECv5g11375	TC012650
LDECv5g11376	TC011857
LDECv5g11381	TC034424
LDECv5g11382	TC012655
LDECv5g11383	TC011851
LDECv5g11384	TC012656
LDECv5g11385	TC004317
LDECv5g11386	TC004308
LDECv5g11387	TC004311
LDECv5g11388	TC001922
LDECv5g11389	TC001944
LDECv5g11390	TC015568
LDECv5g11393	TC011724
LDECv5g11402	TC034287
LDECv5g11405	TC012765
LDECv5g11408	TC008531
LDECv5g11409	TC008549
LDECv5g11410	TC008534
LDECv5g11411	TC031431
LDECv5g11413	TC012028
LDECv5g11414	TC031237
LDECv5g11415	TC005371
LDECv5g11420	TC016300
LDECv5g11421	TC016299
LDECv5g11422	TC012039
LDECv5g11424	TC012433
LDECv5g11427	TC011734
LDECv5g11428	TC031766
LDECv5g11429	TC034449
LDECv5g11432	TC011725
LDECv5g11435	TC012766
LDECv5g11437	TC034317
LDECv5g11439	TC012393
LDECv5g11440	TC032139
LDECv5g11441	TC034316
LDECv5g11444	TC034315
LDECv5g11445	TC012091
LDECv5g11446	TC012092
LDECv5g11447	TC009427
LDECv5g11448	TC012392
LDECv5g11449	TC012391
LDECv5g11450	TC012390
LDECv5g11451	TC012093
LDECv5g11453	TC012388
LDECv5g11454	TC012387
LDECv5g11455	TC011804
LDECv5g11463	TC012646
LDECv5g11464	TC011859
LDECv5g11465	TC012647
LDECv5g11466	TC007941
LDECv5g11470	TC002909
LDECv5g11474	TC003539
LDECv5g11476	TC001154
LDECv5g11479	TC002908
LDECv5g11482	TC002906
LDECv5g11489	TC002731
LDECv5g11490	TC002730
LDECv5g11496	TC002717
LDECv5g11497	TC003711
LDECv5g11498	TC002716
LDECv5g11500	TC002282
LDECv5g11502	TC002297
LDECv5g11503	TC002141
LDECv5g11504	TC002371
LDECv5g11506	TC032588
LDECv5g11534	TC010371
LDECv5g11535	TC010368
LDECv5g11537	TC002540
LDECv5g11539	TC011507
LDECv5g11540	TC012405
LDECv5g11541	TC012073
LDECv5g11545	TC012682
LDECv5g11546	TC012374
LDECv5g11547	TC001172
LDECv5g11548	TC012375
LDECv5g11549	TC012101
LDECv5g11550	TC012376
LDECv5g11551	TC012102
LDECv5g11553	TC012373
LDECv5g11561	TC012080
LDECv5g11564	TC012397
LDECv5g11565	TC012081
LDECv5g11566	TC012396
LDECv5g11567	TC034454
LDECv5g11571	TC034589
LDECv5g11575	TC002911
LDECv5g11576	TC034609
LDECv5g11577	TC000024
LDECv5g11582	TC000026
LDECv5g11583	TC003251
LDECv5g11584	TC000027
LDECv5g11585	TC000032
LDECv5g11586	TC000031
LDECv5g11587	TC000028
LDECv5g11589	TC012119
LDECv5g11591	TC012354
LDECv5g11594	TC010495
LDECv5g11595	TC030603
LDECv5g11596	TC030680
LDECv5g11597	TC012019
LDECv5g11598	TC012457
LDECv5g11599	TC012725
LDECv5g11600	TC011773
LDECv5g11601	TC012726
LDECv5g11602	TC012724
LDECv5g11603	TC011978
LDECv5g11604	TC012490
LDECv5g11605	TC011841
LDECv5g11606	TC012664
LDECv5g11607	TC007939
LDECv5g11608	TC012804
LDECv5g11609	TC034311
LDECv5g11610	TC012371
LDECv5g11611	TC034331
LDECv5g11612	TC003178
LDECv5g11613	TC012378
LDECv5g11614	TC012100
LDECv5g11615	TC012377
LDECv5g11616	TC012379
LDECv5g11617	TC031189
LDECv5g11618	TC012380
LDECv5g11624	TC003392
LDECv5g11629	TC003032
LDECv5g11631	TC003028
LDECv5g11632	TC003027
LDECv5g11633	TC003033
LDECv5g11634	TC003390
LDECv5g11635	TC003034
LDECv5g11636	TC003389
LDECv5g11640	TC032359
LDECv5g11681	TC031757
LDECv5g11683	TC002341
LDECv5g11684	TC031755
LDECv5g11695	TC003293
LDECv5g11696	TC010373
LDECv5g11698	TC002356
LDECv5g11699	TC003396
LDECv5g11700	TC003883
LDECv5g11701	TC032592
LDECv5g11702	TC005830
LDECv5g11703	TC031122
LDECv5g11705	TC031030
LDECv5g11706	TC002522
LDECv5g11707	TC010369
LDECv5g11708	TC010372
LDECv5g11712	TC003057
LDECv5g11722	TC009172
LDECv5g11724	TC034736
LDECv5g11725	TC014984
LDECv5g11726	TC015598
LDECv5g11727	TC030906
LDECv5g11730	TC015595
LDECv5g11737	TC010125
LDECv5g11738	TC015123
LDECv5g11740	TC015831
LDECv5g11741	TC015312
LDECv5g11742	TC015419
LDECv5g11743	TC015907
LDECv5g11746	TC015313
LDECv5g11747	TC006103
LDECv5g11749	TC004566
LDECv5g11750	TC006049
LDECv5g11751	TC006048
LDECv5g11753	TC015191
LDECv5g11754	TC030699
LDECv5g11760	TC008914
LDECv5g11770	TC015193
LDECv5g11772	TC003655
LDECv5g11774	TC015323
LDECv5g11775	TC009045
LDECv5g11776	TC033680
LDECv5g11777	TC009075
LDECv5g11787	TC030720
LDECv5g11788	TC002777
LDECv5g11789	TC015607
LDECv5g11790	TC033317
LDECv5g11791	TC015785
LDECv5g11792	TC003306
LDECv5g11793	TC015309
LDECv5g11795	TC033352
LDECv5g11796	TC015407
LDECv5g11797	TC015408
LDECv5g11798	TC007535
LDECv5g11799	TC015308
LDECv5g11800	TC033319
LDECv5g11801	TC009820
LDECv5g11802	TC009821
LDECv5g11804	TC009822
LDECv5g11805	TC009044
LDECv5g11807	TC015710
LDECv5g11808	TC034794
LDECv5g11809	TC031770
LDECv5g11811	TC033332
LDECv5g11812	TC015439
LDECv5g11814	TC015632
LDECv5g11816	TC015197
LDECv5g11817	TC015512
LDECv5g11819	TC015379
LDECv5g11820	TC015207
LDECv5g11822	TC031865
LDECv5g11823	TC001473
LDECv5g11824	TC015205
LDECv5g11825	TC015671
LDECv5g11826	TC015403
LDECv5g11828	TC015440
LDECv5g11831	TC033331
LDECv5g11833	TC030044
LDECv5g11834	TC033408
LDECv5g11835	TC015428
LDECv5g11837	TC015299
LDECv5g11838	TC030909
LDECv5g11839	TC030666
LDECv5g11841	TC015204
LDECv5g11842	TC015499
LDECv5g11843	TC030899
LDECv5g11851	TC014202
LDECv5g11858	TC031149
LDECv5g11859	TC011383
LDECv5g11866	TC011087
LDECv5g11867	TC000627
LDECv5g11868	TC000626
LDECv5g12205	TC009574
LDECv5g12207	TC014418
LDECv5g12209	TC013381
LDECv5g12210	TC014419
LDECv5g12214	TC013314
LDECv5g12216	TC033086
LDECv5g12224	TC031972
LDECv5g12226	TC013327
LDECv5g12227	TC013328
LDECv5g12228	TC013712
LDECv5g12229	TC013713
LDECv5g12230	TC000621
LDECv5g12231	TC013714
LDECv5g12232	TC014546
LDECv5g12233	TC014151
LDECv5g12235	TC000222
LDECv5g12238	TC000221
LDECv5g12253	TC004492
LDECv5g12256	TC032011
LDECv5g12258	TC004493
LDECv5g12261	TC004496
LDECv5g12262	TC004886
LDECv5g12264	TC004497
LDECv5g12265	TC004241
LDECv5g12266	TC011056
LDECv5g12268	TC001512
LDECv5g12269	TC001541
LDECv5g12278	TC002055
LDECv5g12285	TC011362
LDECv5g12286	TC011115
LDECv5g12291	TC011404
LDECv5g12292	TC004868
LDECv5g12297	TC004871
LDECv5g12298	TC004512
LDECv5g12300	TC004873
LDECv5g12301	TC004511
LDECv5g12302	TC000982
LDECv5g12304	TC034023
LDECv5g12314	TC000981
LDECv5g12316	TC000979
LDECv5g12318	TC030731
LDECv5g12319	TC000603
LDECv5g12321	TC000605
LDECv5g12329	TC004520
LDECv5g12330	TC004865
LDECv5g12340	TC004080
LDECv5g12345	TC011390
LDECv5g12346	TC011389
LDECv5g12347	TC011085
LDECv5g12348	TC011388
LDECv5g12349	TC011086
LDECv5g12350	TC016207
LDECv5g12351	TC016221
LDECv5g12352	TC015467
LDECv5g12353	TC031331
LDECv5g12356	TC011406
LDECv5g12357	TC011075
LDECv5g12359	TC031402
LDECv5g12360	TC011408
LDECv5g12361	TC034906
LDECv5g12362	TC011069
LDECv5g12366	TC010403
LDECv5g12368	TC010437
LDECv5g12370	TC015953
LDECv5g12371	TC013013
LDECv5g12375	TC030551
LDECv5g12376	TC030698
LDECv5g12377	TC031495
LDECv5g12378	TC014435
LDECv5g12379	TC030665
LDECv5g12380	TC033271
LDECv5g12381	TC033270
LDECv5g12382	TC014798
LDECv5g12393	TC014795
LDECv5g12397	TC006385
LDECv5g12399	TC010453
LDECv5g12401	TC031143
LDECv5g12403	TC010454
LDECv5g12404	TC010410
LDECv5g12406	TC010458
LDECv5g12408	TC013036
LDECv5g12416	TC014087
LDECv5g12417	TC014086
LDECv5g12419	TC013707
LDECv5g12420	TC014084
LDECv5g12421	TC013708
LDECv5g12422	TC013561
LDECv5g12423	TC013560
LDECv5g12424	TC013559
LDECv5g12425	TC033106
LDECv5g12426	TC033107
LDECv5g12427	TC014254
LDECv5g12428	TC013486
LDECv5g12430	TC016219
LDECv5g12437	TC015919
LDECv5g12438	TC001511
LDECv5g12439	TC011317
LDECv5g12440	TC002667
LDECv5g12441	TC003775
LDECv5g12445	TC032543
LDECv5g12450	TC031400
LDECv5g12453	TC011120
LDECv5g12454	TC011127
LDECv5g12455	TC011350
LDECv5g12458	TC011349
LDECv5g12463	TC011058
LDECv5g12464	TC011418
LDECv5g12465	TC011059
LDECv5g12466	TC011417
LDECv5g12469	TC011064
LDECv5g12472	TC011068
LDECv5g12481	TC013746
LDECv5g12484	TC010451
LDECv5g12485	TC010452
LDECv5g12486	TC010414
LDECv5g12487	TC010450
LDECv5g12489	TC010449
LDECv5g12491	TC013350
LDECv5g12492	TC014464
LDECv5g12493	TC010457
LDECv5g12494	TC010409
LDECv5g12495	TC010456
LDECv5g12496	TC010413
LDECv5g12497	TC013529
LDECv5g12498	TC010431
LDECv5g12499	TC010455
LDECv5g12500	TC030556
LDECv5g12502	TC004436
LDECv5g12506	TC001232
LDECv5g12515	TC013313
LDECv5g12516	TC014495
LDECv5g12517	TC014413
LDECv5g12518	TC000615
LDECv5g12520	TC013931
LDECv5g12521	TC003708
LDECv5g12522	TC009923
LDECv5g12523	TC013776
LDECv5g12524	TC013774
LDECv5g12525	TC014055
LDECv5g12526	TC014029
LDECv5g12527	TC013531
LDECv5g12529	TC013743
LDECv5g12530	TC011889
LDECv5g12532	TC013737
LDECv5g12533	TC014026
LDECv5g12535	TC013738
LDECv5g12536	TC013777
LDECv5g12537	TC033023
LDECv5g12538	TC033082
LDECv5g12542	TC014143
LDECv5g12548	TC014142
LDECv5g12551	TC034692
LDECv5g12552	TC030621
LDECv5g12553	TC033144
LDECv5g12555	TC014023
LDECv5g12556	TC014780
LDECv5g12557	TC013390
LDECv5g12559	TC014410
LDECv5g12560	TC034898
LDECv5g12564	TC001119
LDECv5g12565	TC001118
LDECv5g12566	TC000440
LDECv5g12571	TC000441
LDECv5g12572	TC001116
LDECv5g12573	TC001115
LDECv5g12574	TC000442
LDECv5g12575	TC001114
LDECv5g12576	TC000443
LDECv5g12577	TC000446
LDECv5g12578	TC013119
LDECv5g12580	TC004433
LDECv5g12581	TC000771
LDECv5g12582	TC000790
LDECv5g12584	TC032177
LDECv5g12587	TC032062
LDECv5g12588	TC010464
LDECv5g12598	TC033104
LDECv5g12600	TC014045
LDECv5g12601	TC013747
LDECv5g12603	TC014103
LDECv5g12604	TC013702
LDECv5g12606	TC014105
LDECv5g12607	TC013019
LDECv5g12608	TC013011
LDECv5g12609	TC014390
LDECv5g12611	TC034533
LDECv5g12612	TC032174
LDECv5g12613	TC000449
LDECv5g12619	TC001110
LDECv5g12620	TC032172
LDECv5g12622	TC000830
LDECv5g12626	TC000829
LDECv5g12628	TC010915
LDECv5g12629	TC007068
LDECv5g12631	TC031000
LDECv5g12633	TC000784
LDECv5g12634	TC000779
LDECv5g12635	TC032034
LDECv5g12637	TC009147
LDECv5g12638	TC008237
LDECv5g12639	TC000773
LDECv5g12640	TC000063
LDECv5g12641	TC014110
LDECv5g12647	TC008716
LDECv5g12649	TC013392
LDECv5g12650	TC014417
LDECv5g12652	TC013395
LDECv5g12653	TC013393
LDECv5g12654	TC033155
LDECv5g12656	TC014405
LDECv5g12657	TC014404
LDECv5g12658	TC010432
LDECv5g12659	TC010438
LDECv5g12662	TC014772
LDECv5g12663	TC013035
LDECv5g12664	TC033152
LDECv5g12667	TC014000
LDECv5g12668	TC010444
LDECv5g12669	TC010427
LDECv5g12670	TC014767
LDECv5g12671	TC030724
LDECv5g12677	TC014416
LDECv5g12678	TC013384
LDECv5g12679	TC033157
LDECv5g12684	TC013355
LDECv5g12686	TC014457
LDECv5g12687	TC008002
LDECv5g12688	TC006380
LDECv5g12693	TC013385
LDECv5g12694	TC013386
LDECv5g12696	TC014494
LDECv5g12697	TC013356
LDECv5g12698	TC009436
LDECv5g12699	TC014412
LDECv5g12700	TC013382
LDECv5g12701	TC013353
LDECv5g12702	TC014459
LDECv5g12703	TC014460
LDECv5g12704	TC014461
LDECv5g12706	TC014463
LDECv5g12707	TC013351
LDECv5g12709	TC014402
LDECv5g12715	TC002922
LDECv5g12716	TC003527
LDECv5g12720	TC003627
LDECv5g12722	TC032445
LDECv5g12724	TC002805
LDECv5g12726	TC002804
LDECv5g12727	TC002803
LDECv5g12728	TC008017
LDECv5g12730	TC032448
LDECv5g12733	TC032451
LDECv5g12734	TC003637
LDECv5g12747	TC002792
LDECv5g12752	TC003641
LDECv5g12753	TC003642
LDECv5g12754	TC002791
LDECv5g12755	TC010768
LDECv5g12757	TC002496
LDECv5g12764	TC032347
LDECv5g12765	TC001451
LDECv5g12771	TC010561
LDECv5g12778	TC008697
LDECv5g12779	TC014517
LDECv5g12780	TC013293
LDECv5g12781	TC015960
LDECv5g12782	TC034774
LDECv5g12784	TC004274
LDECv5g12786	TC033605
LDECv5g12787	TC009371
LDECv5g12788	TC008717
LDECv5g12789	TC009502
LDECv5g12793	TC010105
LDECv5g12794	TC009901
LDECv5g12797	TC009675
LDECv5g12800	TC009995
LDECv5g12802	TC014519
LDECv5g12803	TC015893
LDECv5g12809	TC033609
LDECv5g12820	TC000109
LDECv5g12821	TC009491
LDECv5g12822	TC009319
LDECv5g12823	TC009318
LDECv5g12824	TC009492
LDECv5g12825	TC009316
LDECv5g12827	TC034751
LDECv5g12829	TC009315
LDECv5g12830	TC009496
LDECv5g12831	TC009314
LDECv5g12832	TC033550
LDECv5g12833	TC009311
LDECv5g12834	TC009499
LDECv5g12836	TC009495
LDECv5g12837	TC009494
LDECv5g12840	TC004678
LDECv5g12841	TC009504
LDECv5g12842	TC009501
LDECv5g12843	TC030561
LDECv5g12846	TC009309
LDECv5g12847	TC009308
LDECv5g12851	TC009503
LDECv5g12853	TC033553
LDECv5g12855	TC009506
LDECv5g12858	TC033871
LDECv5g12866	TC008936
LDECv5g12869	TC000364
LDECv5g12871	TC009902
LDECv5g12872	TC008759
LDECv5g12873	TC010062
LDECv5g12875	TC033785
LDECv5g12879	TC033783
LDECv5g12881	TC033784
LDECv5g12885	TC010046
LDECv5g12887	TC008784
LDECv5g12888	TC001568
LDECv5g12889	TC001575
LDECv5g12890	TC000039
LDECv5g12891	TC000140
LDECv5g12892	TC000139
LDECv5g12893	TC000040
LDECv5g12899	TC000131
LDECv5g12900	TC034596
LDECv5g12906	TC002495
LDECv5g12907	TC003917
LDECv5g12916	TC011091
LDECv5g12917	TC003916
LDECv5g12918	TC002492
LDECv5g12919	TC006028
LDECv5g12920	TC002493
LDECv5g12921	TC003915
LDECv5g12922	TC032634
LDECv5g12923	TC002494
LDECv5g12925	TC031877
LDECv5g12927	TC010961
LDECv5g12928	TC010483
LDECv5g12929	TC007103
LDECv5g12930	TC002881
LDECv5g12936	TC010479
LDECv5g12937	TC010478
LDECv5g12938	TC010482
LDECv5g12939	TC010481
LDECv5g12941	TC010480
LDECv5g12944	TC010332
LDECv5g12945	TC010379
LDECv5g12947	TC032630
LDECv5g12948	TC002499
LDECv5g12950	TC000108
LDECv5g12952	TC000107
LDECv5g12954	TC010322
LDECv5g12955	TC010324
LDECv5g12956	TC010323
LDECv5g12957	TC032604
LDECv5g12958	TC002138
LDECv5g12963	TC002123
LDECv5g12964	TC001151
LDECv5g12965	TC003458
LDECv5g12970	TC003453
LDECv5g12972	TC010214
LDECv5g12976	TC008639
LDECv5g12978	TC002919
LDECv5g12979	TC032710
LDECv5g12983	TC003417
LDECv5g12988	TC010546
LDECv5g12989	TC032390
LDECv5g12990	TC003474
LDECv5g12991	TC032387
LDECv5g12992	TC003462
LDECv5g12993	TC003450
LDECv5g12995	TC003525
LDECv5g12996	TC003523
LDECv5g12997	TC010335
LDECv5g12998	TC010336
LDECv5g12999	TC010338
LDECv5g13000	TC030754
LDECv5g13003	TC032593
LDECv5g13004	TC010333
LDECv5g13006	TC002877
LDECv5g13007	TC002968
LDECv5g13008	TC003477
LDECv5g13009	TC000425
LDECv5g13011	TC003556
LDECv5g13013	TC006519
LDECv5g13014	TC002433
LDECv5g13015	TC011325
LDECv5g13016	TC002888
LDECv5g13017	TC003554
LDECv5g13018	TC002889
LDECv5g13020	TC003553
LDECv5g13021	TC002890
LDECv5g13022	TC014550
LDECv5g13023	TC033186
LDECv5g13024	TC013258
LDECv5g13026	TC030601
LDECv5g13028	TC015959
LDECv5g13029	TC033742
LDECv5g13030	TC030765
LDECv5g13031	TC015890
LDECv5g13032	TC015957
LDECv5g13038	TC009787
LDECv5g13039	TC011347
LDECv5g13050	TC009748
LDECv5g13052	TC004272
LDECv5g13063	TC010107
LDECv5g13068	TC009080
LDECv5g13069	TC034804
LDECv5g13070	TC008785
LDECv5g13071	TC008840
LDECv5g13072	TC003748
LDECv5g13075	TC008842
LDECv5g13076	TC009986
LDECv5g13081	TC008844
LDECv5g13082	TC034650
LDECv5g13084	TC033818
LDECv5g13085	TC031464
LDECv5g13087	TC033819
LDECv5g13092	TC002963
LDECv5g13093	TC032389
LDECv5g13095	TC030734
LDECv5g13097	TC002966
LDECv5g13098	TC003504
LDECv5g13099	TC003476
LDECv5g13100	TC003478
LDECv5g13101	TC010502
LDECv5g13115	TC002961
LDECv5g13116	TC032431
LDECv5g13117	TC003250
LDECv5g13118	TC003194
LDECv5g13119	TC002921
LDECv5g13124	TC034574
LDECv5g13126	TC010507
LDECv5g13127	TC010506
LDECv5g13129	TC002984
LDECv5g13131	TC002983
LDECv5g13181	TC031895
LDECv5g13187	TC031003
LDECv5g13189	TC002638
LDECv5g13193	TC002814
LDECv5g13198	TC002813
LDECv5g13200	TC003619
LDECv5g13201	TC003620
LDECv5g13202	TC002812
LDECv5g13203	TC002790
LDECv5g13205	TC003564
LDECv5g13207	TC002880
LDECv5g13208	TC002895
LDECv5g13209	TC003546
LDECv5g13210	TC003548
LDECv5g13212	TC003549
LDECv5g13220	TC032731
LDECv5g13224	TC010377
LDECv5g13225	TC010380
LDECv5g13227	TC003460
LDECv5g13231	TC002980
LDECv5g13232	TC003479
LDECv5g13233	TC002959
LDECv5g13244	TC003561
LDECv5g13245	TC030697
LDECv5g13258	TC014559
LDECv5g13260	TC013871
LDECv5g13262	TC002097
LDECv5g13263	TC013234
LDECv5g13264	TC013142
LDECv5g13265	TC013021
LDECv5g13266	TC013867
LDECv5g13267	TC014793
LDECv5g13268	TC013683
LDECv5g13269	TC014691
LDECv5g13285	TC006216
LDECv5g13287	TC013949
LDECv5g13288	TC013859
LDECv5g13289	TC014005
LDECv5g13290	TC014311
LDECv5g13292	TC033194
LDECv5g13293	TC014582
LDECv5g13294	TC030631
LDECv5g13296	TC010428
LDECv5g13297	TC010443
LDECv5g13298	TC013422
LDECv5g13299	TC014371
LDECv5g13302	TC013874
LDECv5g13303	TC010441
LDECv5g13304	TC013170
LDECv5g13307	TC014373
LDECv5g13319	TC014372
LDECv5g13322	TC014730
LDECv5g13325	TC013087
LDECv5g13326	TC014728
LDECv5g13328	TC014727
LDECv5g13331	TC030107
LDECv5g13332	TC033070
LDECv5g13333	TC014751
LDECv5g13334	TC014752
LDECv5g13335	TC004326
LDECv5g13336	TC014754
LDECv5g13337	TC013061
LDECv5g13338	TC014755
LDECv5g13340	TC013866
LDECv5g13345	TC005066
LDECv5g13346	TC005071
LDECv5g13348	TC014750
LDECv5g13349	TC013940
LDECv5g13350	TC013872
LDECv5g13351	TC013942
LDECv5g13352	TC013870
LDECv5g13353	TC013939
LDECv5g13354	TC013944
LDECv5g13355	TC013873
LDECv5g13357	TC014492
LDECv5g13358	TC014493
LDECv5g13360	TC014763
LDECv5g13361	TC013039
LDECv5g13363	TC013316
LDECv5g13364	TC013317
LDECv5g13365	TC032203
LDECv5g13367	TC032204
LDECv5g13372	TC001186
LDECv5g13373	TC032207
LDECv5g13375	TC000365
LDECv5g13376	TC000371
LDECv5g13377	TC001189
LDECv5g13378	TC001192
LDECv5g13381	TC001195
LDECv5g13385	TC000360
LDECv5g13386	TC001197
LDECv5g13387	TC000359
LDECv5g13389	TC001193
LDECv5g13390	TC004585
LDECv5g13392	TC001194
LDECv5g13393	TC010709
LDECv5g13394	TC000358
LDECv5g13395	TC000357
LDECv5g13396	TC001200
LDECv5g13397	TC000356
LDECv5g13399	TC000838
LDECv5g13400	TC000737
LDECv5g13403	TC001201
LDECv5g13405	TC032223
LDECv5g13411	TC001525
LDECv5g13413	TC007660
LDECv5g13414	TC013883
LDECv5g13415	TC013191
LDECv5g13416	TC013921
LDECv5g13417	TC013922
LDECv5g13418	TC014630
LDECv5g13419	TC003259
LDECv5g13420	TC014636
LDECv5g13421	TC013923
LDECv5g13422	TC013881
LDECv5g13423	TC012991
LDECv5g13425	TC003707
LDECv5g13427	TC003706
LDECv5g13429	TC013916
LDECv5g13430	TC013918
LDECv5g13431	TC013917
LDECv5g13432	TC013886
LDECv5g13433	TC013885
LDECv5g13434	TC013919
LDECv5g13435	TC013884
LDECv5g13436	TC013920
LDECv5g13437	TC032492
LDECv5g13440	TC013186
LDECv5g13441	TC013185
LDECv5g13442	TC014632
LDECv5g13443	TC013192
LDECv5g13444	TC013182
LDECv5g13445	TC013882
LDECv5g13446	TC013924
LDECv5g13447	TC014631
LDECv5g13448	TC033265
LDECv5g13449	TC013228
LDECv5g13450	TC013369
LDECv5g13451	TC014443
LDECv5g13452	TC013364
LDECv5g13454	TC014444
LDECv5g13455	TC014789
LDECv5g13458	TC014816
LDECv5g13459	TC010924
LDECv5g13461	TC010914
LDECv5g13463	TC014815
LDECv5g13464	TC012993
LDECv5g13465	TC033266
LDECv5g13471	TC013368
LDECv5g13472	TC014437
LDECv5g13473	TC013230
LDECv5g13477	TC013229
LDECv5g13478	TC014571
LDECv5g13479	TC013946
LDECv5g13480	TC013863
LDECv5g13481	TC013877
LDECv5g13482	TC013930
LDECv5g13483	TC013878
LDECv5g13485	TC012903
LDECv5g13489	TC013175
LDECv5g13490	TC013174
LDECv5g13493	TC013739
LDECv5g13497	TC014051
LDECv5g13499	TC014053
LDECv5g13501	TC013706
LDECv5g13505	TC014321
LDECv5g13507	TC014802
LDECv5g13509	TC014804
LDECv5g13510	TC013008
LDECv5g13511	TC014608
LDECv5g13513	TC014040
LDECv5g13514	TC013715
LDECv5g13515	TC010569
LDECv5g13518	TC014075
LDECv5g13519	TC014595
LDECv5g13520	TC013211
LDECv5g13521	TC014592
LDECv5g13522	TC004583
LDECv5g13523	TC013212
LDECv5g13524	TC014692
LDECv5g13526	TC030576
LDECv5g13527	TC014041
LDECv5g13528	TC013761
LDECv5g13530	TC004423
LDECv5g13531	TC032960
LDECv5g13532	TC011476
LDECv5g13533	TC002085
LDECv5g13534	TC031630
LDECv5g13537	TC013432
LDECv5g13540	TC014350
LDECv5g13541	TC013431
LDECv5g13543	TC014109
LDECv5g13544	TC013690
LDECv5g13546	TC014725
LDECv5g13547	TC013686
LDECv5g13550	TC014124
LDECv5g13552	TC014322
LDECv5g13553	TC014455
LDECv5g13555	TC034712
LDECv5g13556	TC013001
LDECv5g13558	TC012908
LDECv5g13560	TC012904
LDECv5g13561	TC031695
LDECv5g13564	TC014726
LDECv5g13565	TC013218
LDECv5g13570	TC013090
LDECv5g13573	TC013430
LDECv5g13574	TC013217
LDECv5g13575	TC014581
LDECv5g13576	TC013194
LDECv5g13577	TC014621
LDECv5g13578	TC014620
LDECv5g13581	TC013195
LDECv5g13583	TC014619
LDECv5g13584	TC013196
LDECv5g13593	TC014616
LDECv5g13597	TC014574
LDECv5g13598	TC033128
LDECv5g13599	TC013479
LDECv5g13602	TC013480
LDECv5g13603	TC014317
LDECv5g13604	TC013402
LDECv5g13606	TC013401
LDECv5g13607	TC033154
LDECv5g13608	TC014400
LDECv5g13609	TC030752
LDECv5g13610	TC014285
LDECv5g13611	TC030668
LDECv5g13612	TC013522
LDECv5g13614	TC014286
LDECv5g13615	TC014287
LDECv5g13616	TC002600
LDECv5g13617	TC016216
LDECv5g13619	TC013219
LDECv5g13622	TC030779
LDECv5g13623	TC014121
LDECv5g13624	TC013477
LDECv5g13629	TC010176
LDECv5g13632	TC014764
LDECv5g13633	TC033256
LDECv5g13634	TC002825
LDECv5g13635	TC033257
LDECv5g13638	TC013028
LDECv5g13639	TC013985
LDECv5g13643	TC031154
LDECv5g13655	TC002876
LDECv5g13657	TC014629
LDECv5g13658	TC003842
LDECv5g13659	TC013925
LDECv5g13660	TC013906
LDECv5g13661	TC010953
LDECv5g13662	TC033004
LDECv5g13663	TC013006
LDECv5g13664	TC013007
LDECv5g13665	TC002238
LDECv5g13666	TC013788
LDECv5g13667	TC034706
LDECv5g13668	TC014136
LDECv5g13670	TC013064
LDECv5g13671	TC013062
LDECv5g13673	TC005070
LDECv5g13674	TC005069
LDECv5g13675	TC005067
LDECv5g13676	TC005068
LDECv5g13677	TC014027
LDECv5g13678	TC013770
LDECv5g13679	TC032494
LDECv5g13680	TC013928
LDECv5g13681	TC013927
LDECv5g13683	TC002719
LDECv5g13687	TC002246
LDECv5g13694	TC002243
LDECv5g13696	TC016306
LDECv5g13697	TC031837
LDECv5g13698	TC005065
LDECv5g13700	TC005073
LDECv5g13701	TC005074
LDECv5g13702	TC003438
LDECv5g13704	TC031142
LDECv5g13706	TC010442
LDECv5g13707	TC010429
LDECv5g13708	TC010426
LDECv5g13709	TC014624
LDECv5g13710	TC010421
LDECv5g13717	TC014643
LDECv5g13718	TC014642
LDECv5g13723	TC013935
LDECv5g13725	TC013937
LDECv5g13726	TC013318
LDECv5g13727	TC014377
LDECv5g13729	TC014376
LDECv5g13731	TC011352
LDECv5g13733	TC032685
LDECv5g13734	TC034678
LDECv5g13735	TC013188
LDECv5g13736	TC013168
LDECv5g13737	TC010430
LDECv5g13738	TC014647
LDECv5g13739	TC013396
LDECv5g13740	TC011647
LDECv5g13742	TC011649
LDECv5g13743	TC011650
LDECv5g13744	TC011621
LDECv5g13746	TC001667
LDECv5g13748	TC012817
LDECv5g13749	TC012816
LDECv5g13750	TC012875
LDECv5g13751	TC012869
LDECv5g13754	TC034451
LDECv5g13755	TC005889
LDECv5g13756	TC011817
LDECv5g13757	TC034431
LDECv5g13758	TC013469
LDECv5g13759	TC011611
LDECv5g13761	TC011687
LDECv5g13762	TC013790
LDECv5g13763	TC013491
LDECv5g13764	TC010680
LDECv5g13765	TC010609
LDECv5g13766	TC011886
LDECv5g13767	TC010681
LDECv5g13770	TC012829
LDECv5g13771	TC012828
LDECv5g13774	TC011644
LDECv5g13778	TC012543
LDECv5g13779	TC030690
LDECv5g13780	TC004773
LDECv5g13783	TC011946
LDECv5g13784	TC012540
LDECv5g13785	TC034471
LDECv5g13788	TC034469
LDECv5g13793	TC011656
LDECv5g13794	TC011657
LDECv5g13795	TC011658
LDECv5g13796	TC012811
LDECv5g13797	TC011659
LDECv5g13798	TC011660
LDECv5g13799	TC011661
LDECv5g13808	TC011663
LDECv5g13818	TC034468
LDECv5g13819	TC011827
LDECv5g13821	TC011828
LDECv5g13825	TC012819
LDECv5g13826	TC012820
LDECv5g13832	TC012823
LDECv5g13838	TC012824
LDECv5g13841	TC034435
LDECv5g13842	TC034271
LDECv5g13843	TC011654
LDECv5g13845	TC012812
LDECv5g13848	TC012542
LDECv5g13850	TC030657
LDECv5g13851	TC012874
LDECv5g13859	TC012484
LDECv5g13861	TC012882
LDECv5g13865	TC011602
LDECv5g13866	TC011601
LDECv5g13870	TC012881
LDECv5g13871	TC011605
LDECv5g13872	TC012880
LDECv5g13873	TC034489
LDECv5g13875	TC001643
LDECv5g13948	TC011960
LDECv5g13961	TC012525
LDECv5g13964	TC011954
LDECv5g13965	TC012522
LDECv5g13966	TC012523
LDECv5g13967	TC011991
LDECv5g13969	TC011988
LDECv5g13970	TC012524
LDECv5g13976	TC012731
LDECv5g13978	TC012419
LDECv5g13979	TC012053
LDECv5g13980	TC003413
LDECv5g13983	TC003016
LDECv5g13984	TC015991
LDECv5g13986	TC003407
LDECv5g13992	TC003018
LDECv5g13994	TC003291
LDECv5g13995	TC002281
LDECv5g13996	TC003161
LDECv5g13997	TC003305
LDECv5g14000	TC002298
LDECv5g14001	TC002300
LDECv5g14003	TC010795
LDECv5g14007	TC032339
LDECv5g14010	TC003077
LDECv5g14011	TC002338
LDECv5g14014	TC002339
LDECv5g14015	TC030612
LDECv5g14016	TC033750
LDECv5g14017	TC009999
LDECv5g14018	TC000567
LDECv5g14019	TC003203
LDECv5g14020	TC002995
LDECv5g14021	TC003432
LDECv5g14022	TC033976
LDECv5g14025	TC010331
LDECv5g14027	TC011763
LDECv5g14028	TC011768
LDECv5g14029	TC011769
LDECv5g14030	TC011770
LDECv5g14031	TC011771
LDECv5g14032	TC012418
LDECv5g14034	TC004312
LDECv5g14038	TC011863
LDECv5g14039	TC011864
LDECv5g14044	TC010662
LDECv5g14045	TC010653
LDECv5g14046	TC010658
LDECv5g14047	TC003447
LDECv5g14049	TC010654
LDECv5g14051	TC010050
LDECv5g14054	TC012018
LDECv5g14056	TC001383
LDECv5g14057	TC007472
LDECv5g14060	TC012016
LDECv5g14061	TC012465
LDECv5g14062	TC012466
LDECv5g14064	TC012015
LDECv5g14065	TC011637
LDECv5g14066	TC010660
LDECv5g14067	TC010659
LDECv5g14068	TC010661
LDECv5g14069	TC010652
LDECv5g14070	TC008566
LDECv5g14071	TC010663
LDECv5g14072	TC010651
LDECv5g14073	TC010650
LDECv5g14074	TC010664
LDECv5g14075	TC016273
LDECv5g14076	TC012120
LDECv5g14077	TC016272
LDECv5g14078	TC003246
LDECv5g14079	TC002125
LDECv5g14081	TC002741
LDECv5g14082	TC032382
LDECv5g14084	TC003694
LDECv5g14089	TC030730
LDECv5g14090	TC003480
LDECv5g14091	TC002957
LDECv5g14092	TC003481
LDECv5g14093	TC002956
LDECv5g14094	TC003691
LDECv5g14095	TC002994
LDECv5g14096	TC002972
LDECv5g14097	TC004603
LDECv5g14098	TC003465
LDECv5g14099	TC014690
LDECv5g14100	TC002976
LDECv5g14101	TC002973
LDECv5g14102	TC003464
LDECv5g14103	TC002977
LDECv5g14105	TC003335
LDECv5g14106	TC002978
LDECv5g14115	TC012121
LDECv5g14116	TC012351
LDECv5g14119	TC034301
LDECv5g14121	TC012348
LDECv5g14122	TC012123
LDECv5g14125	TC012346
LDECv5g14126	TC011842
LDECv5g14128	TC012448
LDECv5g14129	TC012449
LDECv5g14130	TC032368
LDECv5g14131	TC003009
LDECv5g14133	TC000076
LDECv5g14137	TC002546
LDECv5g14138	TC009007
LDECv5g14145	TC003446
LDECv5g14146	TC002139
LDECv5g14147	TC002424
LDECv5g14148	TC003270
LDECv5g14149	TC003864
LDECv5g14150	TC010345
LDECv5g14151	TC010367
LDECv5g14152	TC003121
LDECv5g14153	TC003120
LDECv5g14159	TC003119
LDECv5g14160	TC003334
LDECv5g14161	TC003212
LDECv5g14164	TC002762
LDECv5g14165	TC003673
LDECv5g14166	TC003669
LDECv5g14167	TC002763
LDECv5g14168	TC003671
LDECv5g14169	TC003672
LDECv5g14170	TC003234
LDECv5g14171	TC030768
LDECv5g14173	TC003011
LDECv5g14181	TC012239
LDECv5g14182	TC034329
LDECv5g14183	TC012046
LDECv5g14187	TC012325
LDECv5g14188	TC012324
LDECv5g14189	TC012326
LDECv5g14190	TC012327
LDECv5g14191	TC012328
LDECv5g14196	TC012136
LDECv5g14197	TC012332
LDECv5g14200	TC012334
LDECv5g14201	TC012134
LDECv5g14202	TC011051
LDECv5g14203	TC012133
LDECv5g14205	TC012420
LDECv5g14208	TC034327
LDECv5g14209	TC032374
LDECv5g14213	TC001412
LDECv5g14214	TC012566
LDECv5g14215	TC032595
LDECv5g14216	TC012565
LDECv5g14217	TC011930
LDECv5g14218	TC011929
LDECv5g14221	TC012563
LDECv5g14222	TC012564
LDECv5g14223	TC012451
LDECv5g14225	TC012023
LDECv5g14227	TC012453
LDECv5g14229	TC011772
LDECv5g14231	TC030632
LDECv5g14232	TC012727
LDECv5g14233	TC030694
LDECv5g14234	TC012042
LDECv5g14235	TC003210
LDECv5g14236	TC003216
LDECv5g14237	TC032433
LDECv5g14241	TC003222
LDECv5g14245	TC003196
LDECv5g14249	TC003248
LDECv5g14250	TC031062
LDECv5g14252	TC016337
LDECv5g14253	TC003202
LDECv5g14254	TC003247
LDECv5g14256	TC012344
LDECv5g14258	TC012128
LDECv5g14259	TC012752
LDECv5g14260	TC034891
LDECv5g14261	TC012343
LDECv5g14262	TC012753
LDECv5g14263	TC011733
LDECv5g14265	TC003211
LDECv5g14267	TC003235
LDECv5g14268	TC003209
LDECv5g14271	TC010593
LDECv5g14275	TC010386
LDECv5g14276	TC002979
LDECv5g14277	TC003617
LDECv5g14278	TC010484
LDECv5g14279	TC010476
LDECv5g14280	TC010475
LDECv5g14281	TC010474
LDECv5g14282	TC010591
LDECv5g14283	TC010472
LDECv5g14285	TC032376
LDECv5g14286	TC003448
LDECv5g14288	TC010486
LDECv5g14289	TC002137
LDECv5g14290	TC010477
LDECv5g14291	TC002126
LDECv5g14292	TC001576
LDECv5g14293	TC001557
LDECv5g14294	TC001556
LDECv5g14295	TC012364
LDECv5g14296	TC030743
LDECv5g14297	TC012105
LDECv5g14298	TC012365
LDECv5g14299	TC011927
LDECv5g14300	TC012850
LDECv5g14301	TC034872
LDECv5g14302	TC002068
LDECv5g14304	TC010648
LDECv5g14305	TC010666
LDECv5g14307	TC031363
LDECv5g14308	TC010646
LDECv5g14309	TC010647
LDECv5g14311	TC034871
LDECv5g14312	TC010645
LDECv5g14313	TC010671
LDECv5g14314	TC010672
LDECv5g14328	TC010640
LDECv5g14329	TC009617
LDECv5g14330	TC012124
LDECv5g14332	TC010676
LDECv5g14336	TC010678
LDECv5g14337	TC031504
LDECv5g14340	TC015894
LDECv5g14341	TC010637
LDECv5g14454	TC030937
LDECv5g14654	TC034300
LDECv5g14659	TC012345
LDECv5g14663	TC002761
LDECv5g14668	TC011866
LDECv5g14670	TC003342
LDECv5g14677	TC011381
LDECv5g14678	TC033171
LDECv5g14679	TC013303
LDECv5g14680	TC014024
LDECv5g14682	TC001121
LDECv5g14685	TC034561
LDECv5g14686	TC010400
LDECv5g14687	TC014423
LDECv5g14689	TC009562
LDECv5g14690	TC016220
LDECv5g14691	TC004063
LDECv5g14692	TC013379
LDECv5g14693	TC013767
LDECv5g14694	TC010462
LDECv5g14696	TC014100
LDECv5g14698	TC000608
LDECv5g14699	TC033052
LDECv5g14702	TC033443
LDECv5g14703	TC002071
LDECv5g14704	TC002081
LDECv5g14706	TC011382
LDECv5g14788	TC005188
LDECv5g14789	TC011093
LDECv5g14790	TC011380
LDECv5g14791	TC001093
LDECv5g14792	TC000481
LDECv5g14797	TC011320
LDECv5g14799	TC011240
LDECv5g14803	TC004964
LDECv5g14804	TC001134
LDECv5g14805	TC013378
LDECv5g14807	TC014424
LDECv5g14808	TC033158
LDECv5g14809	TC016198
LDECv5g14810	TC006148
LDECv5g14818	TC000956
LDECv5g14820	TC000955
LDECv5g14825	TC004876
LDECv5g14842	TC000592
LDECv5g14862	TC032124
LDECv5g14863	TC000591
LDECv5g14864	TC000477
LDECv5g14865	TC001091
LDECv5g14866	TC005004
LDECv5g14873	TC001089
LDECv5g14874	TC005007
LDECv5g14875	TC004385
LDECv5g14880	TC011351
LDECv5g14881	TC004384
LDECv5g14883	TC003886
LDECv5g14884	TC014637
LDECv5g14885	TC000373
LDECv5g14886	TC000372
LDECv5g14895	TC001179
LDECv5g14899	TC032201
LDECv5g14904	TC016256
LDECv5g14905	TC011188
LDECv5g14906	TC032052
LDECv5g14908	TC009511
LDECv5g14910	TC001020
LDECv5g14920	TC000693
LDECv5g14927	TC000870
LDECv5g14929	TC000871
LDECv5g14930	TC000689
LDECv5g14931	TC000669
LDECv5g14934	TC000668
LDECv5g14937	TC000667
LDECv5g14938	TC000886
LDECv5g14945	TC000903
LDECv5g14947	TC000912
LDECv5g14949	TC000916
LDECv5g14950	TC000917
LDECv5g14952	TC000920
LDECv5g14956	TC000925
LDECv5g14970	TC006888
LDECv5g14981	TC032003
LDECv5g14982	TC005228
LDECv5g14983	TC005229
LDECv5g14984	TC005233
LDECv5g14985	TC004522
LDECv5g14986	TC005232
LDECv5g14987	TC004861
LDECv5g14988	TC004860
LDECv5g14990	TC000238
LDECv5g14991	TC000237
LDECv5g14998	TC001310
LDECv5g14999	TC001311
LDECv5g15002	TC004563
LDECv5g15004	TC004564
LDECv5g15005	TC004565
LDECv5g15006	TC032355
LDECv5g15008	TC001107
LDECv5g15009	TC000872
LDECv5g15010	TC001109
LDECv5g15011	TC000434
LDECv5g15012	TC000435
LDECv5g15013	TC001133
LDECv5g15016	TC000782
LDECv5g15017	TC000780
LDECv5g15018	TC000233
LDECv5g15019	TC000234
LDECv5g15020	TC000235
LDECv5g15024	TC031964
LDECv5g15025	TC004820
LDECv5g15026	TC011223
LDECv5g15027	TC011262
LDECv5g15028	TC030737
LDECv5g15042	TC032215
LDECv5g15046	TC008439
LDECv5g15047	TC000458
LDECv5g15049	TC011009
LDECv5g15050	TC000460
LDECv5g15051	TC000461
LDECv5g15055	TC000459
LDECv5g15057	TC004488
LDECv5g15058	TC004892
LDECv5g15059	TC004891
LDECv5g15060	TC000930
LDECv5g15061	TC030651
LDECv5g15066	TC012917
LDECv5g15067	TC012928
LDECv5g15076	TC004877
LDECv5g15078	TC004500
LDECv5g15079	TC004499
LDECv5g15081	TC000243
LDECv5g15082	TC000244
LDECv5g15083	TC001306
LDECv5g15085	TC000590
LDECv5g15086	TC000584
LDECv5g15096	TC000483
LDECv5g15097	TC001088
LDECv5g15098	TC001090
LDECv5g15099	TC000480
LDECv5g15100	TC010925
LDECv5g15101	TC030999
LDECv5g15104	TC005009
LDECv5g15108	TC004989
LDECv5g15110	TC005012
LDECv5g15111	TC004987
LDECv5g15112	TC033159
LDECv5g15113	TC001087
LDECv5g15118	TC032008
LDECv5g15120	TC014097
LDECv5g15137	TC014098
LDECv5g15138	TC032770
LDECv5g15139	TC033213
LDECv5g15146	TC034615
LDECv5g15147	TC011207
LDECv5g15148	TC011210
LDECv5g15149	TC031354
LDECv5g15150	TC011289
LDECv5g15151	TC011208
LDECv5g15152	TC011288
LDECv5g15154	TC011234
LDECv5g15155	TC011303
LDECv5g15157	TC000272
LDECv5g15160	TC001023
LDECv5g15161	TC011296
LDECv5g15162	TC011295
LDECv5g15165	TC004066
LDECv5g15166	TC004060
LDECv5g15167	TC031006
LDECv5g15168	TC000271
LDECv5g15170	TC030446
LDECv5g15175	TC032250
LDECv5g15179	TC000245
LDECv5g15180	TC008264
LDECv5g15181	TC005006
LDECv5g15183	TC011076
LDECv5g15184	TC011405
LDECv5g15185	TC000065
LDECv5g15186	TC001303
LDECv5g15187	TC013603
LDECv5g15189	TC031639
LDECv5g15194	TC032255
LDECv5g15196	TC004889
LDECv5g15197	TC004489
LDECv5g15202	TC004062
LDECv5g15203	TC000977
LDECv5g15204	TC011556
LDECv5g15205	TC030599
LDECv5g15208	TC002054
LDECv5g15209	TC031638
LDECv5g15217	TC032054
LDECv5g15219	TC000753
LDECv5g15222	TC000810
LDECv5g15223	TC030619
LDECv5g15224	TC000754
LDECv5g15226	TC011450
LDECv5g15227	TC011044
LDECv5g15233	TC010879
LDECv5g15234	TC008271
LDECv5g15236	TC007703
LDECv5g15237	TC007869
LDECv5g15238	TC007868
LDECv5g15245	TC007640
LDECv5g15246	TC007641
LDECv5g15247	TC007642
LDECv5g15248	TC007643
LDECv5g15249	TC007863
LDECv5g15250	TC007862
LDECv5g15251	TC007859
LDECv5g15255	TC007644
LDECv5g15263	TC007856
LDECv5g15264	TC032729
LDECv5g15273	TC032740
LDECv5g15274	TC011124
LDECv5g15275	TC031385
LDECv5g15277	TC011122
LDECv5g15278	TC011121
LDECv5g15279	TC011358
LDECv5g15282	TC011206
LDECv5g15283	TC031386
LDECv5g15284	TC007123
LDECv5g15285	TC007479
LDECv5g15286	TC008467
LDECv5g15287	TC032792
LDECv5g15289	TC007996
LDECv5g15292	TC007500
LDECv5g15293	TC007993
LDECv5g15294	TC007781
LDECv5g15295	TC032747
LDECv5g15302	TC007012
LDECv5g15303	TC030702
LDECv5g15304	TC008245
LDECv5g15305	TC007303
LDECv5g15306	TC007746
LDECv5g15307	TC007750
LDECv5g15308	TC007191
LDECv5g15309	TC008021
LDECv5g15313	TC007349
LDECv5g15318	TC007229
LDECv5g15319	TC007352
LDECv5g15320	TC007353
LDECv5g15321	TC008403
LDECv5g15322	TC034675
LDECv5g15323	TC002674
LDECv5g15324	TC031093
LDECv5g15326	TC000316
LDECv5g15327	TC004466
LDECv5g15328	TC004834
LDECv5g15333	TC000501
LDECv5g15343	TC001075
LDECv5g15344	TC000498
LDECv5g15347	TC000494
LDECv5g15349	TC030998
LDECv5g15357	TC001139
LDECv5g15358	TC000431
LDECv5g15360	TC000433
LDECv5g15361	TC001135
LDECv5g15366	TC032196
LDECv5g15367	TC000482
LDECv5g15377	TC007110
LDECv5g15378	TC007351
LDECv5g15392	TC032803
LDECv5g15393	TC002992
LDECv5g15399	TC008035
LDECv5g15400	TC007463
LDECv5g15401	TC007464
LDECv5g15406	TC009452
LDECv5g15408	TC034647
LDECv5g15412	TC007067
LDECv5g15413	TC007075
LDECv5g15414	TC008426
LDECv5g15415	TC007928
LDECv5g15416	TC007989
LDECv5g15418	TC007199
LDECv5g15419	TC008339
LDECv5g15421	TC008341
LDECv5g15422	TC032886
LDECv5g15424	TC007357
LDECv5g15426	TC008146
LDECv5g15428	TC008256
LDECv5g15429	TC008130
LDECv5g15431	TC007374
LDECv5g15432	TC008134
LDECv5g15434	TC008135
LDECv5g15438	TC008136
LDECv5g15439	TC007369
LDECv5g15441	TC008148
LDECv5g15443	TC032823
LDECv5g15444	TC008142
LDECv5g15445	TC007364
LDECv5g15447	TC008312
LDECv5g15448	TC008311
LDECv5g15449	TC007162
LDECv5g15450	TC007163
LDECv5g15453	TC008915
LDECv5g15456	TC007586
LDECv5g15457	TC010229
LDECv5g15458	TC007967
LDECv5g15459	TC007802
LDECv5g15461	TC007499
LDECv5g15463	TC007725
LDECv5g15465	TC034644
LDECv5g15467	TC007722
LDECv5g15468	TC007773
LDECv5g15474	TC007914
LDECv5g15475	TC007915
LDECv5g15545	TC006536
LDECv5g15568	TC010944
